
/mnt/d/PROGRAMMING/KiCAD/vera-module/build/programmer-firmware-pico2/vera-programmer.elf:     file format elf32-littlearm

Sections:
Idx Name          Size      VMA       LMA       File off  Algn
  0 .text         00004ee4  10000000  10000000  00001000  2**3
                  CONTENTS, ALLOC, LOAD, READONLY, CODE
  1 .rodata       000003fc  10004ee4  10004ee4  00005ee4  2**2
                  CONTENTS, ALLOC, LOAD, READONLY, DATA
  2 .ARM.exidx    00000008  100052e0  100052e0  000062e0  2**2
                  CONTENTS, ALLOC, LOAD, READONLY, DATA
  3 .binary_info  00000024  100052e8  100052e8  000062e8  2**2
                  CONTENTS, ALLOC, LOAD, READONLY, DATA
  4 .ram_vector_table 00000110  20000000  20000000  00009000  2**2
                  ALLOC
  5 .uninitialized_data 00000000  20000110  20000110  000081ac  2**0
                  CONTENTS
  6 .data         00000e8c  20000110  1000530c  00007110  2**3
                  CONTENTS, ALLOC, LOAD, READONLY, CODE
  7 .tdata        00000000  20000f9c  20000f9c  000081ac  2**0
                  CONTENTS, ALLOC, LOAD, DATA, THREAD_LOCAL
  8 .tbss         00000000  20000f9c  20000f9c  00000000  2**0
                  ALLOC, THREAD_LOCAL
  9 .bss          00000dc8  20000fa0  10006198  00008fa0  2**3
                  ALLOC
 10 .heap         00000800  20001d68  20001d68  000081ac  2**2
                  CONTENTS, READONLY
 11 .scratch_x    00000000  20080000  20080000  000089ac  2**0
                  CONTENTS
 12 .scratch_y    00000000  20081000  20081000  000089ac  2**0
                  CONTENTS
 13 .stack_dummy  00000800  20081000  20081000  000089c0  2**5
                  CONTENTS, READONLY
 14 .flash_end    00000014  10006198  10006198  00008198  2**2
                  CONTENTS, ALLOC, LOAD, READONLY, DATA
 15 .ARM.attributes 00000034  00000000  00000000  000091c0  2**0
                  CONTENTS, READONLY
 16 .comment      00000026  00000000  00000000  000091f4  2**0
                  CONTENTS, READONLY
 17 .debug_info   00037bfc  00000000  00000000  0000921a  2**0
                  CONTENTS, READONLY, DEBUGGING, OCTETS
 18 .debug_abbrev 00009c38  00000000  00000000  00040e16  2**0
                  CONTENTS, READONLY, DEBUGGING, OCTETS
 19 .debug_loclists 0001a5e2  00000000  00000000  0004aa4e  2**0
                  CONTENTS, READONLY, DEBUGGING, OCTETS
 20 .debug_aranges 00001398  00000000  00000000  00065030  2**3
                  CONTENTS, READONLY, DEBUGGING, OCTETS
 21 .debug_rnglists 00004b04  00000000  00000000  000663c8  2**0
                  CONTENTS, READONLY, DEBUGGING, OCTETS
 22 .debug_line   0002070a  00000000  00000000  0006aecc  2**0
                  CONTENTS, READONLY, DEBUGGING, OCTETS
 23 .debug_str    00009593  00000000  00000000  0008b5d6  2**0
                  CONTENTS, READONLY, DEBUGGING, OCTETS
 24 .debug_frame  00003508  00000000  00000000  00094b6c  2**2
                  CONTENTS, READONLY, DEBUGGING, OCTETS
 25 .debug_line_str 0000010d  00000000  00000000  00098074  2**0
                  CONTENTS, READONLY, DEBUGGING, OCTETS

/mnt/d/PROGRAMMING/KiCAD/vera-module/build/programmer-firmware-pico2/vera-programmer.elf:     file format elf32-littlearm


Disassembly of section .text:

10000000 <__VECTOR_TABLE>:
10000000:	20082000 	.word	0x20082000
10000004:	1000015d 	.word	0x1000015d
10000008:	10000113 	.word	0x10000113
1000000c:	10000115 	.word	0x10000115
10000010:	10000111 	.word	0x10000111
10000014:	10000111 	.word	0x10000111
10000018:	10000111 	.word	0x10000111
1000001c:	10000111 	.word	0x10000111
10000020:	10000111 	.word	0x10000111
10000024:	10000111 	.word	0x10000111
10000028:	10000111 	.word	0x10000111
1000002c:	10000117 	.word	0x10000117
10000030:	10000111 	.word	0x10000111
10000034:	10000111 	.word	0x10000111
10000038:	10000119 	.word	0x10000119
1000003c:	1000011b 	.word	0x1000011b
10000040:	1000011d 	.word	0x1000011d
10000044:	1000011d 	.word	0x1000011d
10000048:	1000011d 	.word	0x1000011d
1000004c:	1000011d 	.word	0x1000011d
10000050:	1000011d 	.word	0x1000011d
10000054:	1000011d 	.word	0x1000011d
10000058:	1000011d 	.word	0x1000011d
1000005c:	1000011d 	.word	0x1000011d
10000060:	1000011d 	.word	0x1000011d
10000064:	1000011d 	.word	0x1000011d
10000068:	1000011d 	.word	0x1000011d
1000006c:	1000011d 	.word	0x1000011d
10000070:	1000011d 	.word	0x1000011d
10000074:	1000011d 	.word	0x1000011d
10000078:	1000011d 	.word	0x1000011d
1000007c:	1000011d 	.word	0x1000011d
10000080:	1000011d 	.word	0x1000011d
10000084:	1000011d 	.word	0x1000011d
10000088:	1000011d 	.word	0x1000011d
1000008c:	1000011d 	.word	0x1000011d
10000090:	1000011d 	.word	0x1000011d
10000094:	1000011d 	.word	0x1000011d
10000098:	1000011d 	.word	0x1000011d
1000009c:	1000011d 	.word	0x1000011d
100000a0:	1000011d 	.word	0x1000011d
100000a4:	1000011d 	.word	0x1000011d
100000a8:	1000011d 	.word	0x1000011d
100000ac:	1000011d 	.word	0x1000011d
100000b0:	1000011d 	.word	0x1000011d
100000b4:	1000011d 	.word	0x1000011d
100000b8:	1000011d 	.word	0x1000011d
100000bc:	1000011d 	.word	0x1000011d
100000c0:	1000011d 	.word	0x1000011d
100000c4:	1000011d 	.word	0x1000011d
100000c8:	1000011d 	.word	0x1000011d
100000cc:	1000011d 	.word	0x1000011d
100000d0:	1000011d 	.word	0x1000011d
100000d4:	1000011d 	.word	0x1000011d
100000d8:	1000011d 	.word	0x1000011d
100000dc:	1000011d 	.word	0x1000011d
100000e0:	1000011d 	.word	0x1000011d
100000e4:	1000011d 	.word	0x1000011d
100000e8:	1000011d 	.word	0x1000011d
100000ec:	1000011d 	.word	0x1000011d
100000f0:	1000011d 	.word	0x1000011d
100000f4:	1000011d 	.word	0x1000011d
100000f8:	1000011d 	.word	0x1000011d
100000fc:	1000011d 	.word	0x1000011d
10000100:	1000011d 	.word	0x1000011d
10000104:	1000011d 	.word	0x1000011d
10000108:	1000011d 	.word	0x1000011d
1000010c:	1000011d 	.word	0x1000011d

10000110 <isr_invalid>:
10000110:	be00      	bkpt	0x0000

10000112 <isr_nmi>:
10000112:	be00      	bkpt	0x0000

10000114 <isr_hardfault>:
10000114:	be00      	bkpt	0x0000

10000116 <isr_svcall>:
10000116:	be00      	bkpt	0x0000

10000118 <isr_pendsv>:
10000118:	be00      	bkpt	0x0000

1000011a <isr_systick>:
1000011a:	be00      	bkpt	0x0000

1000011c <__unhandled_user_irq>:
1000011c:	f3ef 8005 	mrs	r0, IPSR
10000120:	3810      	subs	r0, #16

10000122 <unhandled_user_irq_num_in_r0>:
10000122:	be00      	bkpt	0x0000

10000124 <binary_info_header>:
10000124:	7188ebf2 	.word	0x7188ebf2
10000128:	100052e8 	.word	0x100052e8
1000012c:	1000530c 	.word	0x1000530c
10000130:	100001a8 	.word	0x100001a8
10000134:	e71aa390 	.word	0xe71aa390

10000138 <__binary_info_header_end>:
10000138:	ffffded3 	.word	0xffffded3
1000013c:	10210142 	.word	0x10210142
10000140:	000001ff 	.word	0x000001ff
10000144:	00006060 	.word	0x00006060
10000148:	ab123579 	.word	0xab123579

1000014c <_entry_point>:
1000014c:	f04f 0000 	mov.w	r0, #0

10000150 <_enter_vtable_in_r0>:
10000150:	4920      	ldr	r1, [pc, #128]	@ (100001d4 <data_cpy_table+0x2c>)
10000152:	6008      	str	r0, [r1, #0]
10000154:	c806      	ldmia	r0!, {r1, r2}
10000156:	f381 8808 	msr	MSP, r1
1000015a:	4710      	bx	r2

1000015c <_reset_handler>:
1000015c:	f04f 4050 	mov.w	r0, #3489660928	@ 0xd0000000
10000160:	6800      	ldr	r0, [r0, #0]
10000162:	b110      	cbz	r0, 1000016a <hold_non_core0_in_bootrom+0x6>

10000164 <hold_non_core0_in_bootrom>:
10000164:	f04f 0000 	mov.w	r0, #0
10000168:	e7f2      	b.n	10000150 <_enter_vtable_in_r0>
1000016a:	a40f      	add	r4, pc, #60	@ (adr r4, 100001a8 <data_cpy_table>)
1000016c:	cc0e      	ldmia	r4!, {r1, r2, r3}
1000016e:	2900      	cmp	r1, #0
10000170:	d002      	beq.n	10000178 <hold_non_core0_in_bootrom+0x14>
10000172:	f000 f815 	bl	100001a0 <data_cpy>
10000176:	e7f9      	b.n	1000016c <hold_non_core0_in_bootrom+0x8>
10000178:	4917      	ldr	r1, [pc, #92]	@ (100001d8 <data_cpy_table+0x30>)
1000017a:	4a18      	ldr	r2, [pc, #96]	@ (100001dc <data_cpy_table+0x34>)
1000017c:	2000      	movs	r0, #0
1000017e:	e000      	b.n	10000182 <bss_fill_test>

10000180 <bss_fill_loop>:
10000180:	c101      	stmia	r1!, {r0}

10000182 <bss_fill_test>:
10000182:	4291      	cmp	r1, r2
10000184:	d1fc      	bne.n	10000180 <bss_fill_loop>

10000186 <platform_entry>:
10000186:	2000      	movs	r0, #0
10000188:	f380 880a 	msr	MSPLIM, r0
1000018c:	4914      	ldr	r1, [pc, #80]	@ (100001e0 <data_cpy_table+0x38>)
1000018e:	4788      	blx	r1
10000190:	4914      	ldr	r1, [pc, #80]	@ (100001e4 <data_cpy_table+0x3c>)
10000192:	4788      	blx	r1
10000194:	4914      	ldr	r1, [pc, #80]	@ (100001e8 <data_cpy_table+0x40>)
10000196:	4788      	blx	r1
10000198:	be00      	bkpt	0x0000
1000019a:	e7fd      	b.n	10000198 <platform_entry+0x12>

1000019c <data_cpy_loop>:
1000019c:	c901      	ldmia	r1!, {r0}
1000019e:	c201      	stmia	r2!, {r0}

100001a0 <data_cpy>:
100001a0:	429a      	cmp	r2, r3
100001a2:	d3fb      	bcc.n	1000019c <data_cpy_loop>
100001a4:	4770      	bx	lr
100001a6:	bf00      	nop

100001a8 <data_cpy_table>:
100001a8:	1000530c 	.word	0x1000530c
100001ac:	20000110 	.word	0x20000110
100001b0:	20000f9c 	.word	0x20000f9c
100001b4:	10006198 	.word	0x10006198
100001b8:	20080000 	.word	0x20080000
100001bc:	20080000 	.word	0x20080000
100001c0:	10006198 	.word	0x10006198
100001c4:	20081000 	.word	0x20081000
100001c8:	20081000 	.word	0x20081000
100001cc:	00000000 	.word	0x00000000
100001d0:	4770      	bx	lr
100001d2:	0000      	.short	0x0000
100001d4:	e000ed08 	.word	0xe000ed08
100001d8:	20000f9c 	.word	0x20000f9c
100001dc:	20001d68 	.word	0x20001d68
100001e0:	100020e9 	.word	0x100020e9
100001e4:	1000027d 	.word	0x1000027d
100001e8:	100020e1 	.word	0x100020e1

100001ec <_init>:
100001ec:	b5f8      	push	{r3, r4, r5, r6, r7, lr}
100001ee:	bf00      	nop

100001f0 <deregister_tm_clones>:
100001f0:	4803      	ldr	r0, [pc, #12]	@ (10000200 <deregister_tm_clones+0x10>)
100001f2:	4b04      	ldr	r3, [pc, #16]	@ (10000204 <deregister_tm_clones+0x14>)
100001f4:	4283      	cmp	r3, r0
100001f6:	d002      	beq.n	100001fe <deregister_tm_clones+0xe>
100001f8:	4b03      	ldr	r3, [pc, #12]	@ (10000208 <deregister_tm_clones+0x18>)
100001fa:	b103      	cbz	r3, 100001fe <deregister_tm_clones+0xe>
100001fc:	4718      	bx	r3
100001fe:	4770      	bx	lr
10000200:	20000f9c 	.word	0x20000f9c
10000204:	20000f9c 	.word	0x20000f9c
10000208:	00000000 	.word	0x00000000

1000020c <register_tm_clones>:
1000020c:	4b06      	ldr	r3, [pc, #24]	@ (10000228 <register_tm_clones+0x1c>)
1000020e:	4907      	ldr	r1, [pc, #28]	@ (1000022c <register_tm_clones+0x20>)
10000210:	1ac9      	subs	r1, r1, r3
10000212:	1089      	asrs	r1, r1, #2
10000214:	bf48      	it	mi
10000216:	3101      	addmi	r1, #1
10000218:	1049      	asrs	r1, r1, #1
1000021a:	d003      	beq.n	10000224 <register_tm_clones+0x18>
1000021c:	4b04      	ldr	r3, [pc, #16]	@ (10000230 <register_tm_clones+0x24>)
1000021e:	b10b      	cbz	r3, 10000224 <register_tm_clones+0x18>
10000220:	4801      	ldr	r0, [pc, #4]	@ (10000228 <register_tm_clones+0x1c>)
10000222:	4718      	bx	r3
10000224:	4770      	bx	lr
10000226:	bf00      	nop
10000228:	20000f9c 	.word	0x20000f9c
1000022c:	20000f9c 	.word	0x20000f9c
10000230:	00000000 	.word	0x00000000

10000234 <__do_global_dtors_aux>:
10000234:	b510      	push	{r4, lr}
10000236:	4c06      	ldr	r4, [pc, #24]	@ (10000250 <__do_global_dtors_aux+0x1c>)
10000238:	7823      	ldrb	r3, [r4, #0]
1000023a:	b943      	cbnz	r3, 1000024e <__do_global_dtors_aux+0x1a>
1000023c:	f7ff ffd8 	bl	100001f0 <deregister_tm_clones>
10000240:	4b04      	ldr	r3, [pc, #16]	@ (10000254 <__do_global_dtors_aux+0x20>)
10000242:	b113      	cbz	r3, 1000024a <__do_global_dtors_aux+0x16>
10000244:	4804      	ldr	r0, [pc, #16]	@ (10000258 <__do_global_dtors_aux+0x24>)
10000246:	f3af 8000 	nop.w
1000024a:	2301      	movs	r3, #1
1000024c:	7023      	strb	r3, [r4, #0]
1000024e:	bd10      	pop	{r4, pc}
10000250:	200011f0 	.word	0x200011f0
10000254:	00000000 	.word	0x00000000
10000258:	10004ee4 	.word	0x10004ee4

1000025c <frame_dummy>:
1000025c:	b508      	push	{r3, lr}
1000025e:	4b04      	ldr	r3, [pc, #16]	@ (10000270 <frame_dummy+0x14>)
10000260:	b11b      	cbz	r3, 1000026a <frame_dummy+0xe>
10000262:	4904      	ldr	r1, [pc, #16]	@ (10000274 <frame_dummy+0x18>)
10000264:	4804      	ldr	r0, [pc, #16]	@ (10000278 <frame_dummy+0x1c>)
10000266:	f3af 8000 	nop.w
1000026a:	e8bd 4008 	ldmia.w	sp!, {r3, lr}
1000026e:	e7cd      	b.n	1000020c <register_tm_clones>
10000270:	00000000 	.word	0x00000000
10000274:	200011f4 	.word	0x200011f4
10000278:	10004ee4 	.word	0x10004ee4

1000027c <main>:
1000027c:	e92d 47f0 	stmdb	sp!, {r4, r5, r6, r7, r8, r9, sl, lr}
10000280:	b084      	sub	sp, #16
10000282:	af01      	add	r7, sp, #4
10000284:	f04f 0800 	mov.w	r8, #0
10000288:	f04f 0601 	mov.w	r6, #1
1000028c:	463d      	mov	r5, r7
1000028e:	f002 f827 	bl	100022e0 <stdio_init_all>
10000292:	4b90      	ldr	r3, [pc, #576]	@ (100004d4 <main+0x258>)
10000294:	f10d 0910 	add.w	r9, sp, #16
10000298:	e893 0007 	ldmia.w	r3, {r0, r1, r2}
1000029c:	e887 0007 	stmia.w	r7, {r0, r1, r2}
100002a0:	f855 4b04 	ldr.w	r4, [r5], #4
100002a4:	4620      	mov	r0, r4
100002a6:	f000 fd37 	bl	10000d18 <gpio_init>
100002aa:	ec48 4040 	gpioc_bit_out_put r4, r8
100002ae:	ec46 4044 	gpioc_bit_oe_put r4, r6
100002b2:	45a9      	cmp	r9, r5
100002b4:	d1f4      	bne.n	100002a0 <main+0x24>
100002b6:	200e      	movs	r0, #14
100002b8:	f000 fd2e 	bl	10000d18 <gpio_init>
100002bc:	200e      	movs	r0, #14
100002be:	ec48 0044 	gpioc_bit_oe_put r0, r8
100002c2:	2200      	movs	r2, #0
100002c4:	2101      	movs	r1, #1
100002c6:	f000 fd13 	bl	10000cf0 <gpio_set_pulls>
100002ca:	200f      	movs	r0, #15
100002cc:	f000 fd24 	bl	10000d18 <gpio_init>
100002d0:	230f      	movs	r3, #15
100002d2:	ec46 3044 	gpioc_bit_oe_put r3, r6
100002d6:	ec48 3040 	gpioc_bit_out_put r3, r8
100002da:	2011      	movs	r0, #17
100002dc:	f000 fd1c 	bl	10000d18 <gpio_init>
100002e0:	2311      	movs	r3, #17
100002e2:	ec46 3044 	gpioc_bit_oe_put r3, r6
100002e6:	4c7c      	ldr	r4, [pc, #496]	@ (100004d8 <main+0x25c>)
100002e8:	f000 fb16 	bl	10000918 <flash_cs_deselect>
100002ec:	4620      	mov	r0, r4
100002ee:	497b      	ldr	r1, [pc, #492]	@ (100004dc <main+0x260>)
100002f0:	f004 fbde 	bl	10004ab0 <spi_init>
100002f4:	f04f 0c02 	mov.w	ip, #2
100002f8:	4b79      	ldr	r3, [pc, #484]	@ (100004e0 <main+0x264>)
100002fa:	6862      	ldr	r2, [r4, #4]
100002fc:	f8c3 c004 	str.w	ip, [r3, #4]
10000300:	6823      	ldr	r3, [r4, #0]
10000302:	4e78      	ldr	r6, [pc, #480]	@ (100004e4 <main+0x268>)
10000304:	4d78      	ldr	r5, [pc, #480]	@ (100004e8 <main+0x26c>)
10000306:	f083 0307 	eor.w	r3, r3, #7
1000030a:	ea02 020c 	and.w	r2, r2, ip
1000030e:	f003 03cf 	and.w	r3, r3, #207	@ 0xcf
10000312:	6033      	str	r3, [r6, #0]
10000314:	2101      	movs	r1, #1
10000316:	606a      	str	r2, [r5, #4]
10000318:	2010      	movs	r0, #16
1000031a:	f000 fccb 	bl	10000cb4 <gpio_set_function>
1000031e:	2101      	movs	r1, #1
10000320:	2012      	movs	r0, #18
10000322:	f000 fcc7 	bl	10000cb4 <gpio_set_function>
10000326:	2013      	movs	r0, #19
10000328:	2101      	movs	r1, #1
1000032a:	f000 fcc3 	bl	10000cb4 <gpio_set_function>
1000032e:	2000      	movs	r0, #0
10000330:	2500      	movs	r5, #0
10000332:	4c6e      	ldr	r4, [pc, #440]	@ (100004ec <main+0x270>)
10000334:	4e6e      	ldr	r6, [pc, #440]	@ (100004f0 <main+0x274>)
10000336:	f8df 81c4 	ldr.w	r8, [pc, #452]	@ 100004fc <main+0x280>
1000033a:	f8df 91dc 	ldr.w	r9, [pc, #476]	@ 10000518 <main+0x29c>
1000033e:	f003 fbf9 	bl	10003b34 <tud_cdc_n_connected>
10000342:	b968      	cbnz	r0, 10000360 <main+0xe4>
10000344:	7823      	ldrb	r3, [r4, #0]
10000346:	b103      	cbz	r3, 1000034a <main+0xce>
10000348:	7030      	strb	r0, [r6, #0]
1000034a:	7025      	strb	r5, [r4, #0]
1000034c:	f04f 30ff 	mov.w	r0, #4294967295	@ 0xffffffff
10000350:	2100      	movs	r1, #0
10000352:	f002 fe1b 	bl	10002f8c <tud_task_ext>
10000356:	2000      	movs	r0, #0
10000358:	f003 fbec 	bl	10003b34 <tud_cdc_n_connected>
1000035c:	2800      	cmp	r0, #0
1000035e:	d0f1      	beq.n	10000344 <main+0xc8>
10000360:	f04f 0a01 	mov.w	sl, #1
10000364:	2000      	movs	r0, #0
10000366:	f884 a000 	strb.w	sl, [r4]
1000036a:	f003 fbf9 	bl	10003b60 <tud_cdc_n_available>
1000036e:	2800      	cmp	r0, #0
10000370:	d0ec      	beq.n	1000034c <main+0xd0>
10000372:	4652      	mov	r2, sl
10000374:	4639      	mov	r1, r7
10000376:	2000      	movs	r0, #0
10000378:	f003 fbfe 	bl	10003b78 <tud_cdc_n_read>
1000037c:	2800      	cmp	r0, #0
1000037e:	f000 8081 	beq.w	10000484 <main+0x208>
10000382:	f89d 3004 	ldrb.w	r3, [sp, #4]
10000386:	7832      	ldrb	r2, [r6, #0]
10000388:	f1a3 0130 	sub.w	r1, r3, #48	@ 0x30
1000038c:	2909      	cmp	r1, #9
1000038e:	d917      	bls.n	100003c0 <main+0x144>
10000390:	f1a3 0141 	sub.w	r1, r3, #65	@ 0x41
10000394:	2919      	cmp	r1, #25
10000396:	d913      	bls.n	100003c0 <main+0x144>
10000398:	4692      	mov	sl, r2
1000039a:	f1ba 0f08 	cmp.w	sl, #8
1000039e:	d1d5      	bne.n	1000034c <main+0xd0>
100003a0:	4651      	mov	r1, sl
100003a2:	4640      	mov	r0, r8
100003a4:	f000 f926 	bl	100005f4 <command_echo>
100003a8:	2200      	movs	r2, #0
100003aa:	4653      	mov	r3, sl
100003ac:	4649      	mov	r1, r9
100003ae:	4640      	mov	r0, r8
100003b0:	f000 f92c 	bl	1000060c <command_matches>
100003b4:	4602      	mov	r2, r0
100003b6:	b160      	cbz	r0, 100003d2 <main+0x156>
100003b8:	f000 f984 	bl	100006c4 <programmer_write_id>
100003bc:	7035      	strb	r5, [r6, #0]
100003be:	e7c5      	b.n	1000034c <main+0xd0>
100003c0:	f102 0a01 	add.w	sl, r2, #1
100003c4:	fa5f fa8a 	uxtb.w	sl, sl
100003c8:	f886 a000 	strb.w	sl, [r6]
100003cc:	f808 3002 	strb.w	r3, [r8, r2]
100003d0:	e7e3      	b.n	1000039a <main+0x11e>
100003d2:	4653      	mov	r3, sl
100003d4:	4640      	mov	r0, r8
100003d6:	4947      	ldr	r1, [pc, #284]	@ (100004f4 <main+0x278>)
100003d8:	f000 f918 	bl	1000060c <command_matches>
100003dc:	b118      	cbz	r0, 100003e6 <main+0x16a>
100003de:	f000 f97f 	bl	100006e0 <flash_read_jedec_id>
100003e2:	7035      	strb	r5, [r6, #0]
100003e4:	e7b2      	b.n	1000034c <main+0xd0>
100003e6:	4602      	mov	r2, r0
100003e8:	2306      	movs	r3, #6
100003ea:	4943      	ldr	r1, [pc, #268]	@ (100004f8 <main+0x27c>)
100003ec:	4843      	ldr	r0, [pc, #268]	@ (100004fc <main+0x280>)
100003ee:	f000 f90d 	bl	1000060c <command_matches>
100003f2:	b958      	cbnz	r0, 1000040c <main+0x190>
100003f4:	2200      	movs	r2, #0
100003f6:	2308      	movs	r3, #8
100003f8:	4941      	ldr	r1, [pc, #260]	@ (10000500 <main+0x284>)
100003fa:	4840      	ldr	r0, [pc, #256]	@ (100004fc <main+0x280>)
100003fc:	f000 f906 	bl	1000060c <command_matches>
10000400:	4602      	mov	r2, r0
10000402:	b188      	cbz	r0, 10000428 <main+0x1ac>
10000404:	f000 f99e 	bl	10000744 <flash_reset>
10000408:	7035      	strb	r5, [r6, #0]
1000040a:	e79f      	b.n	1000034c <main+0xd0>
1000040c:	2106      	movs	r1, #6
1000040e:	483b      	ldr	r0, [pc, #236]	@ (100004fc <main+0x280>)
10000410:	f10d 0203 	add.w	r2, sp, #3
10000414:	f000 f882 	bl	1000051c <command_get_uint8>
10000418:	2800      	cmp	r0, #0
1000041a:	d0eb      	beq.n	100003f4 <main+0x178>
1000041c:	f89d 0003 	ldrb.w	r0, [sp, #3]
10000420:	f000 facc 	bl	100009bc <flash_erase_block_64k>
10000424:	7035      	strb	r5, [r6, #0]
10000426:	e791      	b.n	1000034c <main+0xd0>
10000428:	2306      	movs	r3, #6
1000042a:	4936      	ldr	r1, [pc, #216]	@ (10000504 <main+0x288>)
1000042c:	4833      	ldr	r0, [pc, #204]	@ (100004fc <main+0x280>)
1000042e:	f000 f8ed 	bl	1000060c <command_matches>
10000432:	bb50      	cbnz	r0, 1000048a <main+0x20e>
10000434:	2304      	movs	r3, #4
10000436:	2200      	movs	r2, #0
10000438:	4933      	ldr	r1, [pc, #204]	@ (10000508 <main+0x28c>)
1000043a:	4830      	ldr	r0, [pc, #192]	@ (100004fc <main+0x280>)
1000043c:	f000 f8e6 	bl	1000060c <command_matches>
10000440:	b130      	cbz	r0, 10000450 <main+0x1d4>
10000442:	463a      	mov	r2, r7
10000444:	2104      	movs	r1, #4
10000446:	482d      	ldr	r0, [pc, #180]	@ (100004fc <main+0x280>)
10000448:	f000 f88c 	bl	10000564 <command_get_uint16>
1000044c:	2800      	cmp	r0, #0
1000044e:	d13b      	bne.n	100004c8 <main+0x24c>
10000450:	2306      	movs	r3, #6
10000452:	2200      	movs	r2, #0
10000454:	492d      	ldr	r1, [pc, #180]	@ (1000050c <main+0x290>)
10000456:	4829      	ldr	r0, [pc, #164]	@ (100004fc <main+0x280>)
10000458:	f000 f8d8 	bl	1000060c <command_matches>
1000045c:	b130      	cbz	r0, 1000046c <main+0x1f0>
1000045e:	2106      	movs	r1, #6
10000460:	4826      	ldr	r0, [pc, #152]	@ (100004fc <main+0x280>)
10000462:	f10d 0203 	add.w	r2, sp, #3
10000466:	f000 f859 	bl	1000051c <command_get_uint8>
1000046a:	bb38      	cbnz	r0, 100004bc <main+0x240>
1000046c:	2200      	movs	r2, #0
1000046e:	2308      	movs	r3, #8
10000470:	4927      	ldr	r1, [pc, #156]	@ (10000510 <main+0x294>)
10000472:	4822      	ldr	r0, [pc, #136]	@ (100004fc <main+0x280>)
10000474:	f000 f8ca 	bl	1000060c <command_matches>
10000478:	4602      	mov	r2, r0
1000047a:	b1a0      	cbz	r0, 100004a6 <main+0x22a>
1000047c:	f000 f8d6 	bl	1000062c <fpga_release_and_check_boot>
10000480:	7035      	strb	r5, [r6, #0]
10000482:	e763      	b.n	1000034c <main+0xd0>
10000484:	f896 a000 	ldrb.w	sl, [r6]
10000488:	e787      	b.n	1000039a <main+0x11e>
1000048a:	2106      	movs	r1, #6
1000048c:	481b      	ldr	r0, [pc, #108]	@ (100004fc <main+0x280>)
1000048e:	f10d 0203 	add.w	r2, sp, #3
10000492:	f000 f843 	bl	1000051c <command_get_uint8>
10000496:	2800      	cmp	r0, #0
10000498:	d0cc      	beq.n	10000434 <main+0x1b8>
1000049a:	f89d 0003 	ldrb.w	r0, [sp, #3]
1000049e:	f000 f983 	bl	100007a8 <flash_check_block_erased>
100004a2:	7035      	strb	r5, [r6, #0]
100004a4:	e752      	b.n	1000034c <main+0xd0>
100004a6:	2308      	movs	r3, #8
100004a8:	491a      	ldr	r1, [pc, #104]	@ (10000514 <main+0x298>)
100004aa:	4814      	ldr	r0, [pc, #80]	@ (100004fc <main+0x280>)
100004ac:	f000 f8ae 	bl	1000060c <command_matches>
100004b0:	2800      	cmp	r0, #0
100004b2:	d083      	beq.n	100003bc <main+0x140>
100004b4:	f000 f8e4 	bl	10000680 <fpga_reset_hold>
100004b8:	7035      	strb	r5, [r6, #0]
100004ba:	e747      	b.n	1000034c <main+0xd0>
100004bc:	f89d 0003 	ldrb.w	r0, [sp, #3]
100004c0:	f000 fae8 	bl	10000a94 <flash_write_sector>
100004c4:	7035      	strb	r5, [r6, #0]
100004c6:	e741      	b.n	1000034c <main+0xd0>
100004c8:	f8bd 0004 	ldrh.w	r0, [sp, #4]
100004cc:	f000 f9ca 	bl	10000864 <flash_read_page>
100004d0:	7035      	strb	r5, [r6, #0]
100004d2:	e73b      	b.n	1000034c <main+0xd0>
100004d4:	100050a4 	.word	0x100050a4
100004d8:	40080000 	.word	0x40080000
100004dc:	000f4240 	.word	0x000f4240
100004e0:	40083000 	.word	0x40083000
100004e4:	40081000 	.word	0x40081000
100004e8:	40082000 	.word	0x40082000
100004ec:	20001d60 	.word	0x20001d60
100004f0:	20001d61 	.word	0x20001d61
100004f4:	10004ef0 	.word	0x10004ef0
100004f8:	10004efc 	.word	0x10004efc
100004fc:	20001cfc 	.word	0x20001cfc
10000500:	10004f04 	.word	0x10004f04
10000504:	10004f10 	.word	0x10004f10
10000508:	10004f18 	.word	0x10004f18
1000050c:	10004f20 	.word	0x10004f20
10000510:	10004f28 	.word	0x10004f28
10000514:	10004f34 	.word	0x10004f34
10000518:	10004ee4 	.word	0x10004ee4

1000051c <command_get_uint8>:
1000051c:	f810 c001 	ldrb.w	ip, [r0, r1]
10000520:	f1ac 0330 	sub.w	r3, ip, #48	@ 0x30
10000524:	b2db      	uxtb	r3, r3
10000526:	2b09      	cmp	r3, #9
10000528:	d909      	bls.n	1000053e <command_get_uint8+0x22>
1000052a:	f1ac 0341 	sub.w	r3, ip, #65	@ 0x41
1000052e:	2b05      	cmp	r3, #5
10000530:	d901      	bls.n	10000536 <command_get_uint8+0x1a>
10000532:	2000      	movs	r0, #0
10000534:	4770      	bx	lr
10000536:	f1ac 0c37 	sub.w	ip, ip, #55	@ 0x37
1000053a:	fa5f f38c 	uxtb.w	r3, ip
1000053e:	4408      	add	r0, r1
10000540:	7840      	ldrb	r0, [r0, #1]
10000542:	f1a0 0130 	sub.w	r1, r0, #48	@ 0x30
10000546:	b2c9      	uxtb	r1, r1
10000548:	2909      	cmp	r1, #9
1000054a:	d905      	bls.n	10000558 <command_get_uint8+0x3c>
1000054c:	f1a0 0141 	sub.w	r1, r0, #65	@ 0x41
10000550:	2905      	cmp	r1, #5
10000552:	d8ee      	bhi.n	10000532 <command_get_uint8+0x16>
10000554:	3837      	subs	r0, #55	@ 0x37
10000556:	b2c1      	uxtb	r1, r0
10000558:	ea41 1103 	orr.w	r1, r1, r3, lsl #4
1000055c:	2001      	movs	r0, #1
1000055e:	7011      	strb	r1, [r2, #0]
10000560:	4770      	bx	lr
10000562:	bf00      	nop

10000564 <command_get_uint16>:
10000564:	f810 c001 	ldrb.w	ip, [r0, r1]
10000568:	f1ac 0330 	sub.w	r3, ip, #48	@ 0x30
1000056c:	b2db      	uxtb	r3, r3
1000056e:	2b09      	cmp	r3, #9
10000570:	d909      	bls.n	10000586 <command_get_uint16+0x22>
10000572:	f1ac 0341 	sub.w	r3, ip, #65	@ 0x41
10000576:	2b05      	cmp	r3, #5
10000578:	d901      	bls.n	1000057e <command_get_uint16+0x1a>
1000057a:	2000      	movs	r0, #0
1000057c:	4770      	bx	lr
1000057e:	f1ac 0c37 	sub.w	ip, ip, #55	@ 0x37
10000582:	fa5f f38c 	uxtb.w	r3, ip
10000586:	4401      	add	r1, r0
10000588:	f891 c001 	ldrb.w	ip, [r1, #1]
1000058c:	b218      	sxth	r0, r3
1000058e:	f1ac 0330 	sub.w	r3, ip, #48	@ 0x30
10000592:	b2db      	uxtb	r3, r3
10000594:	2b09      	cmp	r3, #9
10000596:	d907      	bls.n	100005a8 <command_get_uint16+0x44>
10000598:	f1ac 0341 	sub.w	r3, ip, #65	@ 0x41
1000059c:	2b05      	cmp	r3, #5
1000059e:	d8ec      	bhi.n	1000057a <command_get_uint16+0x16>
100005a0:	f1ac 0c37 	sub.w	ip, ip, #55	@ 0x37
100005a4:	fa5f f38c 	uxtb.w	r3, ip
100005a8:	f891 c002 	ldrb.w	ip, [r1, #2]
100005ac:	ea43 1300 	orr.w	r3, r3, r0, lsl #4
100005b0:	f1ac 0030 	sub.w	r0, ip, #48	@ 0x30
100005b4:	b2c0      	uxtb	r0, r0
100005b6:	2809      	cmp	r0, #9
100005b8:	b21b      	sxth	r3, r3
100005ba:	d907      	bls.n	100005cc <command_get_uint16+0x68>
100005bc:	f1ac 0041 	sub.w	r0, ip, #65	@ 0x41
100005c0:	2805      	cmp	r0, #5
100005c2:	d8da      	bhi.n	1000057a <command_get_uint16+0x16>
100005c4:	f1ac 0c37 	sub.w	ip, ip, #55	@ 0x37
100005c8:	fa5f f08c 	uxtb.w	r0, ip
100005cc:	78c9      	ldrb	r1, [r1, #3]
100005ce:	ea40 1003 	orr.w	r0, r0, r3, lsl #4
100005d2:	f1a1 0330 	sub.w	r3, r1, #48	@ 0x30
100005d6:	b2db      	uxtb	r3, r3
100005d8:	2b09      	cmp	r3, #9
100005da:	b200      	sxth	r0, r0
100005dc:	d905      	bls.n	100005ea <command_get_uint16+0x86>
100005de:	f1a1 0341 	sub.w	r3, r1, #65	@ 0x41
100005e2:	2b05      	cmp	r3, #5
100005e4:	d8c9      	bhi.n	1000057a <command_get_uint16+0x16>
100005e6:	3937      	subs	r1, #55	@ 0x37
100005e8:	b2cb      	uxtb	r3, r1
100005ea:	ea43 1300 	orr.w	r3, r3, r0, lsl #4
100005ee:	8013      	strh	r3, [r2, #0]
100005f0:	2001      	movs	r0, #1
100005f2:	4770      	bx	lr

100005f4 <command_echo>:
100005f4:	b508      	push	{r3, lr}
100005f6:	4603      	mov	r3, r0
100005f8:	460a      	mov	r2, r1
100005fa:	2000      	movs	r0, #0
100005fc:	4619      	mov	r1, r3
100005fe:	f003 fb47 	bl	10003c90 <tud_cdc_n_write>
10000602:	e8bd 4008 	ldmia.w	sp!, {r3, lr}
10000606:	2000      	movs	r0, #0
10000608:	f003 bafc 	b.w	10003c04 <tud_cdc_n_write_flush>

1000060c <command_matches>:
1000060c:	b163      	cbz	r3, 10000628 <command_matches+0x1c>
1000060e:	4410      	add	r0, r2
10000610:	440b      	add	r3, r1
10000612:	e001      	b.n	10000618 <command_matches+0xc>
10000614:	4299      	cmp	r1, r3
10000616:	d007      	beq.n	10000628 <command_matches+0x1c>
10000618:	f811 2b01 	ldrb.w	r2, [r1], #1
1000061c:	f810 cb01 	ldrb.w	ip, [r0], #1
10000620:	4594      	cmp	ip, r2
10000622:	d0f7      	beq.n	10000614 <command_matches+0x8>
10000624:	2000      	movs	r0, #0
10000626:	4770      	bx	lr
10000628:	2001      	movs	r0, #1
1000062a:	4770      	bx	lr

1000062c <fpga_release_and_check_boot>:
1000062c:	b510      	push	{r4, lr}
1000062e:	230f      	movs	r3, #15
10000630:	b082      	sub	sp, #8
10000632:	f04f 0201 	mov.w	r2, #1
10000636:	ec42 3040 	gpioc_bit_out_put r3, r2
1000063a:	2096      	movs	r0, #150	@ 0x96
1000063c:	f001 fa26 	bl	10001a8c <sleep_ms>
10000640:	f04f 4350 	mov.w	r3, #3489660928	@ 0xd0000000
10000644:	685c      	ldr	r4, [r3, #4]
10000646:	2000      	movs	r0, #0
10000648:	f3c4 3480 	ubfx	r4, r4, #14, #1
1000064c:	f003 fa72 	bl	10003b34 <tud_cdc_n_connected>
10000650:	b920      	cbnz	r0, 1000065c <fpga_release_and_check_boot+0x30>
10000652:	2319      	movs	r3, #25
10000654:	ec44 3040 	gpioc_bit_out_put r3, r4
10000658:	b002      	add	sp, #8
1000065a:	bd10      	pop	{r4, pc}
1000065c:	f10d 0107 	add.w	r1, sp, #7
10000660:	2201      	movs	r2, #1
10000662:	2000      	movs	r0, #0
10000664:	f88d 4007 	strb.w	r4, [sp, #7]
10000668:	f003 fb12 	bl	10003c90 <tud_cdc_n_write>
1000066c:	2000      	movs	r0, #0
1000066e:	f003 fac9 	bl	10003c04 <tud_cdc_n_write_flush>
10000672:	2100      	movs	r1, #0
10000674:	f04f 30ff 	mov.w	r0, #4294967295	@ 0xffffffff
10000678:	f002 fc88 	bl	10002f8c <tud_task_ext>
1000067c:	e7e9      	b.n	10000652 <fpga_release_and_check_boot+0x26>
1000067e:	bf00      	nop

10000680 <fpga_reset_hold>:
10000680:	b510      	push	{r4, lr}
10000682:	220f      	movs	r2, #15
10000684:	b082      	sub	sp, #8
10000686:	2400      	movs	r4, #0
10000688:	ec44 2040 	gpioc_bit_out_put r2, r4
1000068c:	2219      	movs	r2, #25
1000068e:	ec44 2040 	gpioc_bit_out_put r2, r4
10000692:	4620      	mov	r0, r4
10000694:	f003 fa4e 	bl	10003b34 <tud_cdc_n_connected>
10000698:	b908      	cbnz	r0, 1000069e <fpga_reset_hold+0x1e>
1000069a:	b002      	add	sp, #8
1000069c:	bd10      	pop	{r4, pc}
1000069e:	f10d 0107 	add.w	r1, sp, #7
100006a2:	2201      	movs	r2, #1
100006a4:	4620      	mov	r0, r4
100006a6:	f88d 4007 	strb.w	r4, [sp, #7]
100006aa:	f003 faf1 	bl	10003c90 <tud_cdc_n_write>
100006ae:	4620      	mov	r0, r4
100006b0:	f003 faa8 	bl	10003c04 <tud_cdc_n_write_flush>
100006b4:	4621      	mov	r1, r4
100006b6:	f04f 30ff 	mov.w	r0, #4294967295	@ 0xffffffff
100006ba:	b002      	add	sp, #8
100006bc:	e8bd 4010 	ldmia.w	sp!, {r4, lr}
100006c0:	f002 bc64 	b.w	10002f8c <tud_task_ext>

100006c4 <programmer_write_id>:
100006c4:	b508      	push	{r3, lr}
100006c6:	2210      	movs	r2, #16
100006c8:	2000      	movs	r0, #0
100006ca:	4904      	ldr	r1, [pc, #16]	@ (100006dc <programmer_write_id+0x18>)
100006cc:	f003 fae0 	bl	10003c90 <tud_cdc_n_write>
100006d0:	e8bd 4008 	ldmia.w	sp!, {r3, lr}
100006d4:	2000      	movs	r0, #0
100006d6:	f003 ba95 	b.w	10003c04 <tud_cdc_n_write_flush>
100006da:	bf00      	nop
100006dc:	100050b0 	.word	0x100050b0

100006e0 <flash_read_jedec_id>:
100006e0:	e92d 43f0 	stmdb	sp!, {r4, r5, r6, r7, r8, r9, lr}
100006e4:	239f      	movs	r3, #159	@ 0x9f
100006e6:	2400      	movs	r4, #0
100006e8:	2201      	movs	r2, #1
100006ea:	b083      	sub	sp, #12
100006ec:	251a      	movs	r5, #26
100006ee:	4690      	mov	r8, r2
100006f0:	f88d 3003 	strb.w	r3, [sp, #3]
100006f4:	f8ad 4004 	strh.w	r4, [sp, #4]
100006f8:	f88d 4006 	strb.w	r4, [sp, #6]
100006fc:	ec42 5040 	gpioc_bit_out_put r5, r2
10000700:	2711      	movs	r7, #17
10000702:	ec44 7040 	gpioc_bit_out_put r7, r4
10000706:	f8df 9038 	ldr.w	r9, [pc, #56]	@ 10000740 <flash_read_jedec_id+0x60>
1000070a:	f10d 0103 	add.w	r1, sp, #3
1000070e:	4648      	mov	r0, r9
10000710:	f004 fbbe 	bl	10004e90 <__spi_write_blocking_veneer>
10000714:	2303      	movs	r3, #3
10000716:	4648      	mov	r0, r9
10000718:	4621      	mov	r1, r4
1000071a:	aa01      	add	r2, sp, #4
1000071c:	f004 fbb0 	bl	10004e80 <__spi_read_blocking_veneer>
10000720:	ec48 7040 	gpioc_bit_out_put r7, r8
10000724:	ec44 5040 	gpioc_bit_out_put r5, r4
10000728:	2203      	movs	r2, #3
1000072a:	a901      	add	r1, sp, #4
1000072c:	4620      	mov	r0, r4
1000072e:	f003 faaf 	bl	10003c90 <tud_cdc_n_write>
10000732:	4620      	mov	r0, r4
10000734:	f003 fa66 	bl	10003c04 <tud_cdc_n_write_flush>
10000738:	b003      	add	sp, #12
1000073a:	e8bd 83f0 	ldmia.w	sp!, {r4, r5, r6, r7, r8, r9, pc}
1000073e:	bf00      	nop
10000740:	40080000 	.word	0x40080000

10000744 <flash_reset>:
10000744:	e92d 43f0 	stmdb	sp!, {r4, r5, r6, r7, r8, r9, lr}
10000748:	2401      	movs	r4, #1
1000074a:	b083      	sub	sp, #12
1000074c:	f04f 081b 	mov.w	r8, #27
10000750:	ec44 8040 	gpioc_bit_out_put r8, r4
10000754:	2511      	movs	r5, #17
10000756:	f04f 0600 	mov.w	r6, #0
1000075a:	ec46 5040 	gpioc_bit_out_put r5, r6
1000075e:	2366      	movs	r3, #102	@ 0x66
10000760:	f8df 9040 	ldr.w	r9, [pc, #64]	@ 100007a4 <flash_reset+0x60>
10000764:	4622      	mov	r2, r4
10000766:	4648      	mov	r0, r9
10000768:	f10d 0107 	add.w	r1, sp, #7
1000076c:	f88d 3007 	strb.w	r3, [sp, #7]
10000770:	f004 fb8e 	bl	10004e90 <__spi_write_blocking_veneer>
10000774:	ec44 5040 	gpioc_bit_out_put r5, r4
10000778:	ec46 5040 	gpioc_bit_out_put r5, r6
1000077c:	2399      	movs	r3, #153	@ 0x99
1000077e:	4648      	mov	r0, r9
10000780:	4622      	mov	r2, r4
10000782:	f10d 0107 	add.w	r1, sp, #7
10000786:	f88d 3007 	strb.w	r3, [sp, #7]
1000078a:	f004 fb81 	bl	10004e90 <__spi_write_blocking_veneer>
1000078e:	ec44 5040 	gpioc_bit_out_put r5, r4
10000792:	4620      	mov	r0, r4
10000794:	f001 f97a 	bl	10001a8c <sleep_ms>
10000798:	ec46 8040 	gpioc_bit_out_put r8, r6
1000079c:	b003      	add	sp, #12
1000079e:	e8bd 83f0 	ldmia.w	sp!, {r4, r5, r6, r7, r8, r9, pc}
100007a2:	bf00      	nop
100007a4:	40080000 	.word	0x40080000

100007a8 <flash_check_block_erased>:
100007a8:	e92d 47f0 	stmdb	sp!, {r4, r5, r6, r7, r8, r9, sl, lr}
100007ac:	231a      	movs	r3, #26
100007ae:	b0c2      	sub	sp, #264	@ 0x108
100007b0:	f04f 0501 	mov.w	r5, #1
100007b4:	0406      	lsls	r6, r0, #16
100007b6:	ec45 3040 	gpioc_bit_out_put r3, r5
100007ba:	f04f 0803 	mov.w	r8, #3
100007be:	3001      	adds	r0, #1
100007c0:	4f27      	ldr	r7, [pc, #156]	@ (10000860 <flash_check_block_erased+0xb8>)
100007c2:	0404      	lsls	r4, r0, #16
100007c4:	f04f 0900 	mov.w	r9, #0
100007c8:	0c33      	lsrs	r3, r6, #16
100007ca:	f88d 3005 	strb.w	r3, [sp, #5]
100007ce:	0a33      	lsrs	r3, r6, #8
100007d0:	f04f 0a11 	mov.w	sl, #17
100007d4:	f88d 8004 	strb.w	r8, [sp, #4]
100007d8:	f88d 3006 	strb.w	r3, [sp, #6]
100007dc:	f88d 9007 	strb.w	r9, [sp, #7]
100007e0:	ec49 a040 	gpioc_bit_out_put sl, r9
100007e4:	2204      	movs	r2, #4
100007e6:	4638      	mov	r0, r7
100007e8:	eb0d 0102 	add.w	r1, sp, r2
100007ec:	f004 fb50 	bl	10004e90 <__spi_write_blocking_veneer>
100007f0:	f44f 7380 	mov.w	r3, #256	@ 0x100
100007f4:	4649      	mov	r1, r9
100007f6:	4638      	mov	r0, r7
100007f8:	aa02      	add	r2, sp, #8
100007fa:	f004 fb41 	bl	10004e80 <__spi_read_blocking_veneer>
100007fe:	ec45 a040 	gpioc_bit_out_put sl, r5
10000802:	ab02      	add	r3, sp, #8
10000804:	a942      	add	r1, sp, #264	@ 0x108
10000806:	e001      	b.n	1000080c <flash_check_block_erased+0x64>
10000808:	4299      	cmp	r1, r3
1000080a:	d016      	beq.n	1000083a <flash_check_block_erased+0x92>
1000080c:	f813 2b01 	ldrb.w	r2, [r3], #1
10000810:	2aff      	cmp	r2, #255	@ 0xff
10000812:	d0f9      	beq.n	10000808 <flash_check_block_erased+0x60>
10000814:	231a      	movs	r3, #26
10000816:	f04f 0200 	mov.w	r2, #0
1000081a:	ec42 3040 	gpioc_bit_out_put r3, r2
1000081e:	23ff      	movs	r3, #255	@ 0xff
10000820:	2201      	movs	r2, #1
10000822:	2000      	movs	r0, #0
10000824:	a901      	add	r1, sp, #4
10000826:	f88d 3004 	strb.w	r3, [sp, #4]
1000082a:	f003 fa31 	bl	10003c90 <tud_cdc_n_write>
1000082e:	2000      	movs	r0, #0
10000830:	f003 f9e8 	bl	10003c04 <tud_cdc_n_write_flush>
10000834:	b042      	add	sp, #264	@ 0x108
10000836:	e8bd 87f0 	ldmia.w	sp!, {r4, r5, r6, r7, r8, r9, sl, pc}
1000083a:	f506 7680 	add.w	r6, r6, #256	@ 0x100
1000083e:	42b4      	cmp	r4, r6
10000840:	d1c0      	bne.n	100007c4 <flash_check_block_erased+0x1c>
10000842:	2400      	movs	r4, #0
10000844:	231a      	movs	r3, #26
10000846:	ec44 3040 	gpioc_bit_out_put r3, r4
1000084a:	2201      	movs	r2, #1
1000084c:	4620      	mov	r0, r4
1000084e:	a901      	add	r1, sp, #4
10000850:	f88d 4004 	strb.w	r4, [sp, #4]
10000854:	f003 fa1c 	bl	10003c90 <tud_cdc_n_write>
10000858:	4620      	mov	r0, r4
1000085a:	f003 f9d3 	bl	10003c04 <tud_cdc_n_write_flush>
1000085e:	e7e9      	b.n	10000834 <flash_check_block_erased+0x8c>
10000860:	40080000 	.word	0x40080000

10000864 <flash_read_page>:
10000864:	b570      	push	{r4, r5, r6, lr}
10000866:	231a      	movs	r3, #26
10000868:	f04f 0601 	mov.w	r6, #1
1000086c:	b0c2      	sub	sp, #264	@ 0x108
1000086e:	0200      	lsls	r0, r0, #8
10000870:	ec46 3040 	gpioc_bit_out_put r3, r6
10000874:	2400      	movs	r4, #0
10000876:	2303      	movs	r3, #3
10000878:	0c02      	lsrs	r2, r0, #16
1000087a:	0a00      	lsrs	r0, r0, #8
1000087c:	2511      	movs	r5, #17
1000087e:	f88d 2005 	strb.w	r2, [sp, #5]
10000882:	f88d 0006 	strb.w	r0, [sp, #6]
10000886:	f88d 4007 	strb.w	r4, [sp, #7]
1000088a:	f88d 3004 	strb.w	r3, [sp, #4]
1000088e:	ec44 5040 	gpioc_bit_out_put r5, r4
10000892:	2204      	movs	r2, #4
10000894:	481f      	ldr	r0, [pc, #124]	@ (10000914 <flash_read_page+0xb0>)
10000896:	eb0d 0102 	add.w	r1, sp, r2
1000089a:	f004 faf9 	bl	10004e90 <__spi_write_blocking_veneer>
1000089e:	f44f 7380 	mov.w	r3, #256	@ 0x100
100008a2:	4621      	mov	r1, r4
100008a4:	aa02      	add	r2, sp, #8
100008a6:	481b      	ldr	r0, [pc, #108]	@ (10000914 <flash_read_page+0xb0>)
100008a8:	f004 faea 	bl	10004e80 <__spi_read_blocking_veneer>
100008ac:	ec46 5040 	gpioc_bit_out_put r5, r6
100008b0:	ac02      	add	r4, sp, #8
100008b2:	ad42      	add	r5, sp, #264	@ 0x108
100008b4:	e008      	b.n	100008c8 <flash_read_page+0x64>
100008b6:	2000      	movs	r0, #0
100008b8:	f003 f93c 	bl	10003b34 <tud_cdc_n_connected>
100008bc:	b328      	cbz	r0, 1000090a <flash_read_page+0xa6>
100008be:	2100      	movs	r1, #0
100008c0:	f04f 30ff 	mov.w	r0, #4294967295	@ 0xffffffff
100008c4:	f002 fb62 	bl	10002f8c <tud_task_ext>
100008c8:	2000      	movs	r0, #0
100008ca:	f003 fa03 	bl	10003cd4 <tud_cdc_n_write_available>
100008ce:	280f      	cmp	r0, #15
100008d0:	d9f1      	bls.n	100008b6 <flash_read_page+0x52>
100008d2:	4621      	mov	r1, r4
100008d4:	2210      	movs	r2, #16
100008d6:	2000      	movs	r0, #0
100008d8:	f003 f9da 	bl	10003c90 <tud_cdc_n_write>
100008dc:	3410      	adds	r4, #16
100008de:	2100      	movs	r1, #0
100008e0:	f04f 30ff 	mov.w	r0, #4294967295	@ 0xffffffff
100008e4:	f002 fb52 	bl	10002f8c <tud_task_ext>
100008e8:	42a5      	cmp	r5, r4
100008ea:	d1ed      	bne.n	100008c8 <flash_read_page+0x64>
100008ec:	2000      	movs	r0, #0
100008ee:	f003 f989 	bl	10003c04 <tud_cdc_n_write_flush>
100008f2:	2100      	movs	r1, #0
100008f4:	f04f 30ff 	mov.w	r0, #4294967295	@ 0xffffffff
100008f8:	f002 fb48 	bl	10002f8c <tud_task_ext>
100008fc:	231a      	movs	r3, #26
100008fe:	f04f 0200 	mov.w	r2, #0
10000902:	ec42 3040 	gpioc_bit_out_put r3, r2
10000906:	b042      	add	sp, #264	@ 0x108
10000908:	bd70      	pop	{r4, r5, r6, pc}
1000090a:	231a      	movs	r3, #26
1000090c:	ec40 3040 	gpioc_bit_out_put r3, r0
10000910:	b042      	add	sp, #264	@ 0x108
10000912:	bd70      	pop	{r4, r5, r6, pc}
10000914:	40080000 	.word	0x40080000

10000918 <flash_cs_deselect>:
10000918:	2311      	movs	r3, #17
1000091a:	f04f 0201 	mov.w	r2, #1
1000091e:	ec42 3040 	gpioc_bit_out_put r3, r2
10000922:	4770      	bx	lr

10000924 <flash_wait_busy>:
10000924:	e92d 41f0 	stmdb	sp!, {r4, r5, r6, r7, r8, lr}
10000928:	b082      	sub	sp, #8
1000092a:	4604      	mov	r4, r0
1000092c:	f001 f93c 	bl	10001ba8 <time_us_64>
10000930:	f44f 737a 	mov.w	r3, #1000	@ 0x3e8
10000934:	4607      	mov	r7, r0
10000936:	f04f 30ff 	mov.w	r0, #4294967295	@ 0xffffffff
1000093a:	f06f 4200 	mvn.w	r2, #2147483648	@ 0x80000000
1000093e:	fbe4 7103 	umlal	r7, r1, r4, r3
10000942:	42b8      	cmp	r0, r7
10000944:	eb72 0301 	sbcs.w	r3, r2, r1
10000948:	bf3a      	itte	cc
1000094a:	4607      	movcc	r7, r0
1000094c:	4616      	movcc	r6, r2
1000094e:	460e      	movcs	r6, r1
10000950:	f04f 0800 	mov.w	r8, #0
10000954:	4d17      	ldr	r5, [pc, #92]	@ (100009b4 <flash_wait_busy+0x90>)
10000956:	2305      	movs	r3, #5
10000958:	2411      	movs	r4, #17
1000095a:	f88d 3007 	strb.w	r3, [sp, #7]
1000095e:	ec48 4040 	gpioc_bit_out_put r4, r8
10000962:	2201      	movs	r2, #1
10000964:	f10d 0107 	add.w	r1, sp, #7
10000968:	4628      	mov	r0, r5
1000096a:	f004 fa91 	bl	10004e90 <__spi_write_blocking_veneer>
1000096e:	2301      	movs	r3, #1
10000970:	2100      	movs	r1, #0
10000972:	4628      	mov	r0, r5
10000974:	f10d 0206 	add.w	r2, sp, #6
10000978:	f004 fa82 	bl	10004e80 <__spi_read_blocking_veneer>
1000097c:	f04f 0301 	mov.w	r3, #1
10000980:	ec43 4040 	gpioc_bit_out_put r4, r3
10000984:	2001      	movs	r0, #1
10000986:	f001 f881 	bl	10001a8c <sleep_ms>
1000098a:	f89d 2006 	ldrb.w	r2, [sp, #6]
1000098e:	4b0a      	ldr	r3, [pc, #40]	@ (100009b8 <flash_wait_busy+0x94>)
10000990:	07d2      	lsls	r2, r2, #31
10000992:	d50b      	bpl.n	100009ac <flash_wait_busy+0x88>
10000994:	6a5a      	ldr	r2, [r3, #36]	@ 0x24
10000996:	4296      	cmp	r6, r2
10000998:	d8dd      	bhi.n	10000956 <flash_wait_busy+0x32>
1000099a:	6a9b      	ldr	r3, [r3, #40]	@ 0x28
1000099c:	42bb      	cmp	r3, r7
1000099e:	d201      	bcs.n	100009a4 <flash_wait_busy+0x80>
100009a0:	4296      	cmp	r6, r2
100009a2:	d0d8      	beq.n	10000956 <flash_wait_busy+0x32>
100009a4:	2000      	movs	r0, #0
100009a6:	b002      	add	sp, #8
100009a8:	e8bd 81f0 	ldmia.w	sp!, {r4, r5, r6, r7, r8, pc}
100009ac:	2001      	movs	r0, #1
100009ae:	b002      	add	sp, #8
100009b0:	e8bd 81f0 	ldmia.w	sp!, {r4, r5, r6, r7, r8, pc}
100009b4:	40080000 	.word	0x40080000
100009b8:	400b0000 	.word	0x400b0000

100009bc <flash_erase_block_64k>:
100009bc:	e92d 47f0 	stmdb	sp!, {r4, r5, r6, r7, r8, r9, sl, lr}
100009c0:	f04f 0a1b 	mov.w	sl, #27
100009c4:	f04f 0901 	mov.w	r9, #1
100009c8:	4606      	mov	r6, r0
100009ca:	b082      	sub	sp, #8
100009cc:	ec49 a040 	gpioc_bit_out_put sl, r9
100009d0:	2306      	movs	r3, #6
100009d2:	2500      	movs	r5, #0
100009d4:	2411      	movs	r4, #17
100009d6:	f88d 3003 	strb.w	r3, [sp, #3]
100009da:	ec45 4040 	gpioc_bit_out_put r4, r5
100009de:	2201      	movs	r2, #1
100009e0:	f10d 0103 	add.w	r1, sp, #3
100009e4:	482a      	ldr	r0, [pc, #168]	@ (10000a90 <flash_erase_block_64k+0xd4>)
100009e6:	f004 fa53 	bl	10004e90 <__spi_write_blocking_veneer>
100009ea:	ec49 4040 	gpioc_bit_out_put r4, r9
100009ee:	2305      	movs	r3, #5
100009f0:	f88d 5004 	strb.w	r5, [sp, #4]
100009f4:	f88d 3003 	strb.w	r3, [sp, #3]
100009f8:	ec45 4040 	gpioc_bit_out_put r4, r5
100009fc:	2201      	movs	r2, #1
100009fe:	f10d 0103 	add.w	r1, sp, #3
10000a02:	4823      	ldr	r0, [pc, #140]	@ (10000a90 <flash_erase_block_64k+0xd4>)
10000a04:	f004 fa44 	bl	10004e90 <__spi_write_blocking_veneer>
10000a08:	2301      	movs	r3, #1
10000a0a:	4629      	mov	r1, r5
10000a0c:	aa01      	add	r2, sp, #4
10000a0e:	4820      	ldr	r0, [pc, #128]	@ (10000a90 <flash_erase_block_64k+0xd4>)
10000a10:	f004 fa36 	bl	10004e80 <__spi_read_blocking_veneer>
10000a14:	ec49 4040 	gpioc_bit_out_put r4, r9
10000a18:	f89d 0004 	ldrb.w	r0, [sp, #4]
10000a1c:	f010 0702 	ands.w	r7, r0, #2
10000a20:	d026      	beq.n	10000a70 <flash_erase_block_64k+0xb4>
10000a22:	23d8      	movs	r3, #216	@ 0xd8
10000a24:	f88d 6005 	strb.w	r6, [sp, #5]
10000a28:	f8ad 5006 	strh.w	r5, [sp, #6]
10000a2c:	f88d 3004 	strb.w	r3, [sp, #4]
10000a30:	ec45 4040 	gpioc_bit_out_put r4, r5
10000a34:	2204      	movs	r2, #4
10000a36:	a901      	add	r1, sp, #4
10000a38:	4815      	ldr	r0, [pc, #84]	@ (10000a90 <flash_erase_block_64k+0xd4>)
10000a3a:	f004 fa29 	bl	10004e90 <__spi_write_blocking_veneer>
10000a3e:	ec49 4040 	gpioc_bit_out_put r4, r9
10000a42:	f241 3088 	movw	r0, #5000	@ 0x1388
10000a46:	f7ff ff6d 	bl	10000924 <flash_wait_busy>
10000a4a:	ec45 a040 	gpioc_bit_out_put sl, r5
10000a4e:	2800      	cmp	r0, #0
10000a50:	bf08      	it	eq
10000a52:	26ff      	moveq	r6, #255	@ 0xff
10000a54:	2201      	movs	r2, #1
10000a56:	f10d 0103 	add.w	r1, sp, #3
10000a5a:	4628      	mov	r0, r5
10000a5c:	f88d 6003 	strb.w	r6, [sp, #3]
10000a60:	f003 f916 	bl	10003c90 <tud_cdc_n_write>
10000a64:	4628      	mov	r0, r5
10000a66:	f003 f8cd 	bl	10003c04 <tud_cdc_n_write_flush>
10000a6a:	b002      	add	sp, #8
10000a6c:	e8bd 87f0 	ldmia.w	sp!, {r4, r5, r6, r7, r8, r9, sl, pc}
10000a70:	ec45 a040 	gpioc_bit_out_put sl, r5
10000a74:	23ff      	movs	r3, #255	@ 0xff
10000a76:	2201      	movs	r2, #1
10000a78:	4638      	mov	r0, r7
10000a7a:	a901      	add	r1, sp, #4
10000a7c:	f88d 3004 	strb.w	r3, [sp, #4]
10000a80:	f003 f906 	bl	10003c90 <tud_cdc_n_write>
10000a84:	4638      	mov	r0, r7
10000a86:	b002      	add	sp, #8
10000a88:	e8bd 47f0 	ldmia.w	sp!, {r4, r5, r6, r7, r8, r9, sl, lr}
10000a8c:	f003 b8ba 	b.w	10003c04 <tud_cdc_n_write_flush>
10000a90:	40080000 	.word	0x40080000

10000a94 <flash_write_sector>:
10000a94:	e92d 4ff0 	stmdb	sp!, {r4, r5, r6, r7, r8, r9, sl, fp, lr}
10000a98:	f5ad 5d80 	sub.w	sp, sp, #4096	@ 0x1000
10000a9c:	b083      	sub	sp, #12
10000a9e:	4683      	mov	fp, r0
10000aa0:	f001 f882 	bl	10001ba8 <time_us_64>
10000aa4:	f04f 34ff 	mov.w	r4, #4294967295	@ 0xffffffff
10000aa8:	f06f 4200 	mvn.w	r2, #2147483648	@ 0x80000000
10000aac:	4b7e      	ldr	r3, [pc, #504]	@ (10000ca8 <flash_write_sector+0x214>)
10000aae:	eb10 0803 	adds.w	r8, r0, r3
10000ab2:	f141 0500 	adc.w	r5, r1, #0
10000ab6:	4544      	cmp	r4, r8
10000ab8:	eb72 0305 	sbcs.w	r3, r2, r5
10000abc:	bf3c      	itt	cc
10000abe:	4615      	movcc	r5, r2
10000ac0:	46a0      	movcc	r8, r4
10000ac2:	231b      	movs	r3, #27
10000ac4:	f04f 0201 	mov.w	r2, #1
10000ac8:	ec42 3040 	gpioc_bit_out_put r3, r2
10000acc:	2600      	movs	r6, #0
10000ace:	4f77      	ldr	r7, [pc, #476]	@ (10000cac <flash_write_sector+0x218>)
10000ad0:	2000      	movs	r0, #0
10000ad2:	f003 f82f 	bl	10003b34 <tud_cdc_n_connected>
10000ad6:	b128      	cbz	r0, 10000ae4 <flash_write_sector+0x50>
10000ad8:	6a7b      	ldr	r3, [r7, #36]	@ 0x24
10000ada:	429d      	cmp	r5, r3
10000adc:	d80e      	bhi.n	10000afc <flash_write_sector+0x68>
10000ade:	6aba      	ldr	r2, [r7, #40]	@ 0x28
10000ae0:	4542      	cmp	r2, r8
10000ae2:	d309      	bcc.n	10000af8 <flash_write_sector+0x64>
10000ae4:	231b      	movs	r3, #27
10000ae6:	f04f 0200 	mov.w	r2, #0
10000aea:	ec42 3040 	gpioc_bit_out_put r3, r2
10000aee:	f50d 5d80 	add.w	sp, sp, #4096	@ 0x1000
10000af2:	b003      	add	sp, #12
10000af4:	e8bd 8ff0 	ldmia.w	sp!, {r4, r5, r6, r7, r8, r9, sl, fp, pc}
10000af8:	429d      	cmp	r5, r3
10000afa:	d1f3      	bne.n	10000ae4 <flash_write_sector+0x50>
10000afc:	2000      	movs	r0, #0
10000afe:	f003 f82f 	bl	10003b60 <tud_cdc_n_available>
10000b02:	4602      	mov	r2, r0
10000b04:	b928      	cbnz	r0, 10000b12 <flash_write_sector+0x7e>
10000b06:	f04f 30ff 	mov.w	r0, #4294967295	@ 0xffffffff
10000b0a:	4611      	mov	r1, r2
10000b0c:	f002 fa3e 	bl	10002f8c <tud_task_ext>
10000b10:	e7de      	b.n	10000ad0 <flash_write_sector+0x3c>
10000b12:	f5c6 5380 	rsb	r3, r6, #4096	@ 0x1000
10000b16:	429a      	cmp	r2, r3
10000b18:	ac02      	add	r4, sp, #8
10000b1a:	bf28      	it	cs
10000b1c:	461a      	movcs	r2, r3
10000b1e:	19a1      	adds	r1, r4, r6
10000b20:	2000      	movs	r0, #0
10000b22:	f003 f829 	bl	10003b78 <tud_cdc_n_read>
10000b26:	4603      	mov	r3, r0
10000b28:	2100      	movs	r1, #0
10000b2a:	441e      	add	r6, r3
10000b2c:	f04f 30ff 	mov.w	r0, #4294967295	@ 0xffffffff
10000b30:	f002 fa2c 	bl	10002f8c <tud_task_ext>
10000b34:	f5b6 5f80 	cmp.w	r6, #4096	@ 0x1000
10000b38:	d3ca      	bcc.n	10000ad0 <flash_write_sector+0x3c>
10000b3a:	d1d3      	bne.n	10000ae4 <flash_write_sector+0x50>
10000b3c:	46a0      	mov	r8, r4
10000b3e:	f04f 0a01 	mov.w	sl, #1
10000b42:	4e5b      	ldr	r6, [pc, #364]	@ (10000cb0 <flash_write_sector+0x21c>)
10000b44:	ebc4 3b0b 	rsb	fp, r4, fp, lsl #12
10000b48:	2306      	movs	r3, #6
10000b4a:	2700      	movs	r7, #0
10000b4c:	2511      	movs	r5, #17
10000b4e:	f804 3c05 	strb.w	r3, [r4, #-5]
10000b52:	ec47 5040 	gpioc_bit_out_put r5, r7
10000b56:	2201      	movs	r2, #1
10000b58:	4630      	mov	r0, r6
10000b5a:	f10d 0103 	add.w	r1, sp, #3
10000b5e:	f004 f997 	bl	10004e90 <__spi_write_blocking_veneer>
10000b62:	ec4a 5040 	gpioc_bit_out_put r5, sl
10000b66:	2305      	movs	r3, #5
10000b68:	f804 7c04 	strb.w	r7, [r4, #-4]
10000b6c:	f804 3c05 	strb.w	r3, [r4, #-5]
10000b70:	ec47 5040 	gpioc_bit_out_put r5, r7
10000b74:	2201      	movs	r2, #1
10000b76:	f10d 0103 	add.w	r1, sp, #3
10000b7a:	4630      	mov	r0, r6
10000b7c:	f004 f988 	bl	10004e90 <__spi_write_blocking_veneer>
10000b80:	2301      	movs	r3, #1
10000b82:	4639      	mov	r1, r7
10000b84:	4630      	mov	r0, r6
10000b86:	aa01      	add	r2, sp, #4
10000b88:	f004 f97a 	bl	10004e80 <__spi_read_blocking_veneer>
10000b8c:	ec4a 5040 	gpioc_bit_out_put r5, sl
10000b90:	f814 2c04 	ldrb.w	r2, [r4, #-4]
10000b94:	eb0b 0308 	add.w	r3, fp, r8
10000b98:	0792      	lsls	r2, r2, #30
10000b9a:	ea4f 4113 	mov.w	r1, r3, lsr #16
10000b9e:	ea4f 2313 	mov.w	r3, r3, lsr #8
10000ba2:	d57e      	bpl.n	10000ca2 <flash_write_sector+0x20e>
10000ba4:	f804 3c02 	strb.w	r3, [r4, #-2]
10000ba8:	2302      	movs	r3, #2
10000baa:	f804 1c03 	strb.w	r1, [r4, #-3]
10000bae:	f804 7c01 	strb.w	r7, [r4, #-1]
10000bb2:	f804 3c04 	strb.w	r3, [r4, #-4]
10000bb6:	ec47 5040 	gpioc_bit_out_put r5, r7
10000bba:	2204      	movs	r2, #4
10000bbc:	4630      	mov	r0, r6
10000bbe:	eb0d 0102 	add.w	r1, sp, r2
10000bc2:	f004 f965 	bl	10004e90 <__spi_write_blocking_veneer>
10000bc6:	f44f 7280 	mov.w	r2, #256	@ 0x100
10000bca:	4641      	mov	r1, r8
10000bcc:	4630      	mov	r0, r6
10000bce:	f004 f95f 	bl	10004e90 <__spi_write_blocking_veneer>
10000bd2:	ec4a 5040 	gpioc_bit_out_put r5, sl
10000bd6:	f44f 707a 	mov.w	r0, #1000	@ 0x3e8
10000bda:	f7ff fea3 	bl	10000924 <flash_wait_busy>
10000bde:	f508 7880 	add.w	r8, r8, #256	@ 0x100
10000be2:	2800      	cmp	r0, #0
10000be4:	d05d      	beq.n	10000ca2 <flash_write_sector+0x20e>
10000be6:	f50d 5380 	add.w	r3, sp, #4096	@ 0x1000
10000bea:	3308      	adds	r3, #8
10000bec:	4543      	cmp	r3, r8
10000bee:	d1ab      	bne.n	10000b48 <flash_write_sector+0xb4>
10000bf0:	2300      	movs	r3, #0
10000bf2:	f241 0121 	movw	r1, #4129	@ 0x1021
10000bf6:	1e65      	subs	r5, r4, #1
10000bf8:	f604 76ff 	addw	r6, r4, #4095	@ 0xfff
10000bfc:	f815 2f01 	ldrb.w	r2, [r5, #1]!
10000c00:	ea83 2302 	eor.w	r3, r3, r2, lsl #8
10000c04:	005a      	lsls	r2, r3, #1
10000c06:	041f      	lsls	r7, r3, #16
10000c08:	bf44      	itt	mi
10000c0a:	404a      	eormi	r2, r1
10000c0c:	b292      	uxthmi	r2, r2
10000c0e:	0053      	lsls	r3, r2, #1
10000c10:	0412      	lsls	r2, r2, #16
10000c12:	bf44      	itt	mi
10000c14:	404b      	eormi	r3, r1
10000c16:	b29b      	uxthmi	r3, r3
10000c18:	005a      	lsls	r2, r3, #1
10000c1a:	041f      	lsls	r7, r3, #16
10000c1c:	bf44      	itt	mi
10000c1e:	404a      	eormi	r2, r1
10000c20:	b292      	uxthmi	r2, r2
10000c22:	0053      	lsls	r3, r2, #1
10000c24:	0412      	lsls	r2, r2, #16
10000c26:	bf44      	itt	mi
10000c28:	404b      	eormi	r3, r1
10000c2a:	b29b      	uxthmi	r3, r3
10000c2c:	005a      	lsls	r2, r3, #1
10000c2e:	041f      	lsls	r7, r3, #16
10000c30:	bf44      	itt	mi
10000c32:	404a      	eormi	r2, r1
10000c34:	b292      	uxthmi	r2, r2
10000c36:	0053      	lsls	r3, r2, #1
10000c38:	0412      	lsls	r2, r2, #16
10000c3a:	bf44      	itt	mi
10000c3c:	404b      	eormi	r3, r1
10000c3e:	b29b      	uxthmi	r3, r3
10000c40:	005a      	lsls	r2, r3, #1
10000c42:	041f      	lsls	r7, r3, #16
10000c44:	bf44      	itt	mi
10000c46:	404a      	eormi	r2, r1
10000c48:	b292      	uxthmi	r2, r2
10000c4a:	0053      	lsls	r3, r2, #1
10000c4c:	0412      	lsls	r2, r2, #16
10000c4e:	bf44      	itt	mi
10000c50:	404b      	eormi	r3, r1
10000c52:	b29b      	uxthmi	r3, r3
10000c54:	42ae      	cmp	r6, r5
10000c56:	d1d1      	bne.n	10000bfc <flash_write_sector+0x168>
10000c58:	b29d      	uxth	r5, r3
10000c5a:	b908      	cbnz	r0, 10000c60 <flash_write_sector+0x1cc>
10000c5c:	43eb      	mvns	r3, r5
10000c5e:	b29d      	uxth	r5, r3
10000c60:	231b      	movs	r3, #27
10000c62:	f04f 0200 	mov.w	r2, #0
10000c66:	ec42 3040 	gpioc_bit_out_put r3, r2
10000c6a:	2201      	movs	r2, #1
10000c6c:	a901      	add	r1, sp, #4
10000c6e:	f804 5c04 	strb.w	r5, [r4, #-4]
10000c72:	2000      	movs	r0, #0
10000c74:	f003 f80c 	bl	10003c90 <tud_cdc_n_write>
10000c78:	0a2b      	lsrs	r3, r5, #8
10000c7a:	2201      	movs	r2, #1
10000c7c:	a901      	add	r1, sp, #4
10000c7e:	f804 3c04 	strb.w	r3, [r4, #-4]
10000c82:	2000      	movs	r0, #0
10000c84:	f003 f804 	bl	10003c90 <tud_cdc_n_write>
10000c88:	2000      	movs	r0, #0
10000c8a:	f002 ffbb 	bl	10003c04 <tud_cdc_n_write_flush>
10000c8e:	2100      	movs	r1, #0
10000c90:	f04f 30ff 	mov.w	r0, #4294967295	@ 0xffffffff
10000c94:	f002 f97a 	bl	10002f8c <tud_task_ext>
10000c98:	f50d 5d80 	add.w	sp, sp, #4096	@ 0x1000
10000c9c:	b003      	add	sp, #12
10000c9e:	e8bd 8ff0 	ldmia.w	sp!, {r4, r5, r6, r7, r8, r9, sl, fp, pc}
10000ca2:	2000      	movs	r0, #0
10000ca4:	e7a4      	b.n	10000bf0 <flash_write_sector+0x15c>
10000ca6:	bf00      	nop
10000ca8:	00989680 	.word	0x00989680
10000cac:	400b0000 	.word	0x400b0000
10000cb0:	40080000 	.word	0x40080000

10000cb4 <gpio_set_function>:
10000cb4:	b410      	push	{r4}
10000cb6:	f44f 7480 	mov.w	r4, #256	@ 0x100
10000cba:	4b0c      	ldr	r3, [pc, #48]	@ (10000cec <gpio_set_function+0x38>)
10000cbc:	f853 2020 	ldr.w	r2, [r3, r0, lsl #2]
10000cc0:	eb03 0380 	add.w	r3, r3, r0, lsl #2
10000cc4:	00c0      	lsls	r0, r0, #3
10000cc6:	f082 0240 	eor.w	r2, r2, #64	@ 0x40
10000cca:	f100 4080 	add.w	r0, r0, #1073741824	@ 0x40000000
10000cce:	f503 5c80 	add.w	ip, r3, #4096	@ 0x1000
10000cd2:	f002 02c0 	and.w	r2, r2, #192	@ 0xc0
10000cd6:	f500 3020 	add.w	r0, r0, #163840	@ 0x28000
10000cda:	f503 5340 	add.w	r3, r3, #12288	@ 0x3000
10000cde:	f8cc 2000 	str.w	r2, [ip]
10000ce2:	6041      	str	r1, [r0, #4]
10000ce4:	601c      	str	r4, [r3, #0]
10000ce6:	f85d 4b04 	ldr.w	r4, [sp], #4
10000cea:	4770      	bx	lr
10000cec:	40038004 	.word	0x40038004

10000cf0 <gpio_set_pulls>:
10000cf0:	b410      	push	{r4}
10000cf2:	4c08      	ldr	r4, [pc, #32]	@ (10000d14 <gpio_set_pulls+0x24>)
10000cf4:	00c9      	lsls	r1, r1, #3
10000cf6:	ea41 0182 	orr.w	r1, r1, r2, lsl #2
10000cfa:	f854 2020 	ldr.w	r2, [r4, r0, lsl #2]
10000cfe:	eb04 0380 	add.w	r3, r4, r0, lsl #2
10000d02:	4051      	eors	r1, r2
10000d04:	f503 5380 	add.w	r3, r3, #4096	@ 0x1000
10000d08:	f001 010c 	and.w	r1, r1, #12
10000d0c:	f85d 4b04 	ldr.w	r4, [sp], #4
10000d10:	6019      	str	r1, [r3, #0]
10000d12:	4770      	bx	lr
10000d14:	40038004 	.word	0x40038004

10000d18 <gpio_init>:
10000d18:	b430      	push	{r4, r5}
10000d1a:	f04f 0300 	mov.w	r3, #0
10000d1e:	ec43 0044 	gpioc_bit_oe_put r0, r3
10000d22:	ec43 0040 	gpioc_bit_out_put r0, r3
10000d26:	2505      	movs	r5, #5
10000d28:	f44f 7480 	mov.w	r4, #256	@ 0x100
10000d2c:	4b0b      	ldr	r3, [pc, #44]	@ (10000d5c <gpio_init+0x44>)
10000d2e:	00c2      	lsls	r2, r0, #3
10000d30:	f853 1020 	ldr.w	r1, [r3, r0, lsl #2]
10000d34:	eb03 0080 	add.w	r0, r3, r0, lsl #2
10000d38:	f081 0140 	eor.w	r1, r1, #64	@ 0x40
10000d3c:	f102 4380 	add.w	r3, r2, #1073741824	@ 0x40000000
10000d40:	f503 3320 	add.w	r3, r3, #163840	@ 0x28000
10000d44:	f001 02c0 	and.w	r2, r1, #192	@ 0xc0
10000d48:	f500 5180 	add.w	r1, r0, #4096	@ 0x1000
10000d4c:	f500 5040 	add.w	r0, r0, #12288	@ 0x3000
10000d50:	600a      	str	r2, [r1, #0]
10000d52:	605d      	str	r5, [r3, #4]
10000d54:	6004      	str	r4, [r0, #0]
10000d56:	bc30      	pop	{r4, r5}
10000d58:	4770      	bx	lr
10000d5a:	bf00      	nop
10000d5c:	40038004 	.word	0x40038004

10000d60 <panic>:
10000d60:	b40f      	push	{r0, r1, r2, r3}
10000d62:	b500      	push	{lr}
10000d64:	b083      	sub	sp, #12
10000d66:	9c04      	ldr	r4, [sp, #16]
10000d68:	4807      	ldr	r0, [pc, #28]	@ (10000d88 <panic+0x28>)
10000d6a:	f001 fafd 	bl	10002368 <__wrap_puts>
10000d6e:	b13c      	cbz	r4, 10000d80 <panic+0x20>
10000d70:	a905      	add	r1, sp, #20
10000d72:	4620      	mov	r0, r4
10000d74:	9101      	str	r1, [sp, #4]
10000d76:	f001 f999 	bl	100020ac <weak_raw_vprintf>
10000d7a:	4804      	ldr	r0, [pc, #16]	@ (10000d8c <panic+0x2c>)
10000d7c:	f001 faf4 	bl	10002368 <__wrap_puts>
10000d80:	2001      	movs	r0, #1
10000d82:	f001 f9ab 	bl	100020dc <_exit>
10000d86:	bf00      	nop
10000d88:	10004f40 	.word	0x10004f40
10000d8c:	10004f50 	.word	0x10004f50

10000d90 <hw_claim_or_assert>:
10000d90:	b570      	push	{r4, r5, r6, lr}
10000d92:	4686      	mov	lr, r0
10000d94:	f3ef 8510 	mrs	r5, PRIMASK
10000d98:	b672      	cpsid	i
10000d9a:	4c12      	ldr	r4, [pc, #72]	@ (10000de4 <hw_claim_or_assert+0x54>)
10000d9c:	e8d4 6fcf 	ldaexb	r6, [r4]
10000da0:	2001      	movs	r0, #1
10000da2:	2e00      	cmp	r6, #0
10000da4:	d1fa      	bne.n	10000d9c <hw_claim_or_assert+0xc>
10000da6:	e8c4 0f46 	strexb	r6, r0, [r4]
10000daa:	2e00      	cmp	r6, #0
10000dac:	d1f6      	bne.n	10000d9c <hw_claim_or_assert+0xc>
10000dae:	f3bf 8f5f 	dmb	sy
10000db2:	f04f 0c01 	mov.w	ip, #1
10000db6:	08c8      	lsrs	r0, r1, #3
10000db8:	f001 0307 	and.w	r3, r1, #7
10000dbc:	fa0c f303 	lsl.w	r3, ip, r3
10000dc0:	f81e c000 	ldrb.w	ip, [lr, r0]
10000dc4:	ea1c 0603 	ands.w	r6, ip, r3
10000dc8:	d108      	bne.n	10000ddc <hw_claim_or_assert+0x4c>
10000dca:	ea4c 0c03 	orr.w	ip, ip, r3
10000dce:	f80e c000 	strb.w	ip, [lr, r0]
10000dd2:	e8c4 6f8f 	stlb	r6, [r4]
10000dd6:	f385 8810 	msr	PRIMASK, r5
10000dda:	bd70      	pop	{r4, r5, r6, pc}
10000ddc:	4610      	mov	r0, r2
10000dde:	f7ff ffbf 	bl	10000d60 <panic>
10000de2:	bf00      	nop
10000de4:	20001487 	.word	0x20001487

10000de8 <hw_claim_unused_from_range>:
10000de8:	b5f8      	push	{r3, r4, r5, r6, r7, lr}
10000dea:	f3ef 8510 	mrs	r5, PRIMASK
10000dee:	b672      	cpsid	i
10000df0:	4c23      	ldr	r4, [pc, #140]	@ (10000e80 <hw_claim_unused_from_range+0x98>)
10000df2:	e8d4 7fcf 	ldaexb	r7, [r4]
10000df6:	2601      	movs	r6, #1
10000df8:	2f00      	cmp	r7, #0
10000dfa:	d1fa      	bne.n	10000df2 <hw_claim_unused_from_range+0xa>
10000dfc:	e8c4 6f47 	strexb	r7, r6, [r4]
10000e00:	2f00      	cmp	r7, #0
10000e02:	d1f6      	bne.n	10000df2 <hw_claim_unused_from_range+0xa>
10000e04:	f3bf 8f5f 	dmb	sy
10000e08:	429a      	cmp	r2, r3
10000e0a:	d827      	bhi.n	10000e5c <hw_claim_unused_from_range+0x74>
10000e0c:	2601      	movs	r6, #1
10000e0e:	08d7      	lsrs	r7, r2, #3
10000e10:	f810 e007 	ldrb.w	lr, [r0, r7]
10000e14:	f002 0c07 	and.w	ip, r2, #7
10000e18:	fa06 fc0c 	lsl.w	ip, r6, ip
10000e1c:	ea1e 0f0c 	tst.w	lr, ip
10000e20:	eb00 07d2 	add.w	r7, r0, r2, lsr #3
10000e24:	d10d      	bne.n	10000e42 <hw_claim_unused_from_range+0x5a>
10000e26:	e025      	b.n	10000e74 <hw_claim_unused_from_range+0x8c>
10000e28:	ea4f 0ed2 	mov.w	lr, r2, lsr #3
10000e2c:	f810 e00e 	ldrb.w	lr, [r0, lr]
10000e30:	f002 0c07 	and.w	ip, r2, #7
10000e34:	fa06 fc0c 	lsl.w	ip, r6, ip
10000e38:	ea1e 0f0c 	tst.w	lr, ip
10000e3c:	eb00 07d2 	add.w	r7, r0, r2, lsr #3
10000e40:	d018      	beq.n	10000e74 <hw_claim_unused_from_range+0x8c>
10000e42:	3201      	adds	r2, #1
10000e44:	4293      	cmp	r3, r2
10000e46:	d2ef      	bcs.n	10000e28 <hw_claim_unused_from_range+0x40>
10000e48:	f04f 30ff 	mov.w	r0, #4294967295	@ 0xffffffff
10000e4c:	2300      	movs	r3, #0
10000e4e:	e8c4 3f8f 	stlb	r3, [r4]
10000e52:	f385 8810 	msr	PRIMASK, r5
10000e56:	4298      	cmp	r0, r3
10000e58:	db07      	blt.n	10000e6a <hw_claim_unused_from_range+0x82>
10000e5a:	bdf8      	pop	{r3, r4, r5, r6, r7, pc}
10000e5c:	2300      	movs	r3, #0
10000e5e:	e8c4 3f8f 	stlb	r3, [r4]
10000e62:	f385 8810 	msr	PRIMASK, r5
10000e66:	f04f 30ff 	mov.w	r0, #4294967295	@ 0xffffffff
10000e6a:	2900      	cmp	r1, #0
10000e6c:	d0f5      	beq.n	10000e5a <hw_claim_unused_from_range+0x72>
10000e6e:	9806      	ldr	r0, [sp, #24]
10000e70:	f7ff ff76 	bl	10000d60 <panic>
10000e74:	ea4e 0e0c 	orr.w	lr, lr, ip
10000e78:	4610      	mov	r0, r2
10000e7a:	f887 e000 	strb.w	lr, [r7]
10000e7e:	e7e5      	b.n	10000e4c <hw_claim_unused_from_range+0x64>
10000e80:	20001487 	.word	0x20001487

10000e84 <next_striped_spin_lock_num>:
10000e84:	4a04      	ldr	r2, [pc, #16]	@ (10000e98 <next_striped_spin_lock_num+0x14>)
10000e86:	7810      	ldrb	r0, [r2, #0]
10000e88:	1c43      	adds	r3, r0, #1
10000e8a:	b2db      	uxtb	r3, r3
10000e8c:	2b18      	cmp	r3, #24
10000e8e:	bf28      	it	cs
10000e90:	2310      	movcs	r3, #16
10000e92:	7013      	strb	r3, [r2, #0]
10000e94:	4770      	bx	lr
10000e96:	bf00      	nop
10000e98:	20000ef8 	.word	0x20000ef8

10000e9c <spin_lock_claim_unused>:
10000e9c:	b510      	push	{r4, lr}
10000e9e:	4c05      	ldr	r4, [pc, #20]	@ (10000eb4 <spin_lock_claim_unused+0x18>)
10000ea0:	b082      	sub	sp, #8
10000ea2:	4601      	mov	r1, r0
10000ea4:	231f      	movs	r3, #31
10000ea6:	2218      	movs	r2, #24
10000ea8:	9400      	str	r4, [sp, #0]
10000eaa:	4803      	ldr	r0, [pc, #12]	@ (10000eb8 <spin_lock_claim_unused+0x1c>)
10000eac:	f7ff ff9c 	bl	10000de8 <hw_claim_unused_from_range>
10000eb0:	b002      	add	sp, #8
10000eb2:	bd10      	pop	{r4, pc}
10000eb4:	10004f54 	.word	0x10004f54
10000eb8:	20001898 	.word	0x20001898

10000ebc <spinlock_set_extexclall>:
10000ebc:	f04f 22e0 	mov.w	r2, #3758153728	@ 0xe000e000
10000ec0:	6893      	ldr	r3, [r2, #8]
10000ec2:	f043 5300 	orr.w	r3, r3, #536870912	@ 0x20000000
10000ec6:	6093      	str	r3, [r2, #8]
10000ec8:	4770      	bx	lr
10000eca:	bf00      	nop

10000ecc <spin_locks_reset>:
10000ecc:	2100      	movs	r1, #0
10000ece:	4b04      	ldr	r3, [pc, #16]	@ (10000ee0 <spin_locks_reset+0x14>)
10000ed0:	f103 0220 	add.w	r2, r3, #32
10000ed4:	e8c3 1f8f 	stlb	r1, [r3]
10000ed8:	3301      	adds	r3, #1
10000eda:	4293      	cmp	r3, r2
10000edc:	d1fa      	bne.n	10000ed4 <spin_locks_reset+0x8>
10000ede:	4770      	bx	lr
10000ee0:	2000147c 	.word	0x2000147c

10000ee4 <runtime_init_per_core_irq_priorities>:
10000ee4:	f04f 23e0 	mov.w	r3, #3758153728	@ 0xe000e000
10000ee8:	f04f 3280 	mov.w	r2, #2155905152	@ 0x80808080
10000eec:	f8c3 2400 	str.w	r2, [r3, #1024]	@ 0x400
10000ef0:	f8c3 2404 	str.w	r2, [r3, #1028]	@ 0x404
10000ef4:	f8c3 2408 	str.w	r2, [r3, #1032]	@ 0x408
10000ef8:	f8c3 240c 	str.w	r2, [r3, #1036]	@ 0x40c
10000efc:	f8c3 2410 	str.w	r2, [r3, #1040]	@ 0x410
10000f00:	f8c3 2414 	str.w	r2, [r3, #1044]	@ 0x414
10000f04:	f8c3 2418 	str.w	r2, [r3, #1048]	@ 0x418
10000f08:	f8c3 241c 	str.w	r2, [r3, #1052]	@ 0x41c
10000f0c:	f8c3 2420 	str.w	r2, [r3, #1056]	@ 0x420
10000f10:	f8c3 2424 	str.w	r2, [r3, #1060]	@ 0x424
10000f14:	f8c3 2428 	str.w	r2, [r3, #1064]	@ 0x428
10000f18:	f8c3 242c 	str.w	r2, [r3, #1068]	@ 0x42c
10000f1c:	f8c3 2430 	str.w	r2, [r3, #1072]	@ 0x430
10000f20:	4770      	bx	lr
10000f22:	bf00      	nop

10000f24 <irq_set_enabled>:
10000f24:	2301      	movs	r3, #1
10000f26:	f000 021f 	and.w	r2, r0, #31
10000f2a:	4093      	lsls	r3, r2
10000f2c:	0940      	lsrs	r0, r0, #5
10000f2e:	b141      	cbz	r1, 10000f42 <irq_set_enabled+0x1e>
10000f30:	0080      	lsls	r0, r0, #2
10000f32:	f100 4060 	add.w	r0, r0, #3758096384	@ 0xe0000000
10000f36:	f500 4061 	add.w	r0, r0, #57600	@ 0xe100
10000f3a:	f8c0 3180 	str.w	r3, [r0, #384]	@ 0x180
10000f3e:	6003      	str	r3, [r0, #0]
10000f40:	4770      	bx	lr
10000f42:	4a02      	ldr	r2, [pc, #8]	@ (10000f4c <irq_set_enabled+0x28>)
10000f44:	3020      	adds	r0, #32
10000f46:	f842 3020 	str.w	r3, [r2, r0, lsl #2]
10000f4a:	4770      	bx	lr
10000f4c:	e000e100 	.word	0xe000e100

10000f50 <irq_is_enabled>:
10000f50:	2301      	movs	r3, #1
10000f52:	4a06      	ldr	r2, [pc, #24]	@ (10000f6c <irq_is_enabled+0x1c>)
10000f54:	0941      	lsrs	r1, r0, #5
10000f56:	f852 2021 	ldr.w	r2, [r2, r1, lsl #2]
10000f5a:	f000 001f 	and.w	r0, r0, #31
10000f5e:	4083      	lsls	r3, r0
10000f60:	4213      	tst	r3, r2
10000f62:	bf14      	ite	ne
10000f64:	2001      	movne	r0, #1
10000f66:	2000      	moveq	r0, #0
10000f68:	4770      	bx	lr
10000f6a:	bf00      	nop
10000f6c:	e000e100 	.word	0xe000e100

10000f70 <irq_set_pending>:
10000f70:	2201      	movs	r2, #1
10000f72:	0943      	lsrs	r3, r0, #5
10000f74:	4903      	ldr	r1, [pc, #12]	@ (10000f84 <irq_set_pending+0x14>)
10000f76:	f000 001f 	and.w	r0, r0, #31
10000f7a:	4082      	lsls	r2, r0
10000f7c:	3340      	adds	r3, #64	@ 0x40
10000f7e:	f841 2023 	str.w	r2, [r1, r3, lsl #2]
10000f82:	4770      	bx	lr
10000f84:	e000e100 	.word	0xe000e100

10000f88 <irq_has_shared_handler>:
10000f88:	4a05      	ldr	r2, [pc, #20]	@ (10000fa0 <irq_has_shared_handler+0x18>)
10000f8a:	3010      	adds	r0, #16
10000f8c:	6892      	ldr	r2, [r2, #8]
10000f8e:	4b05      	ldr	r3, [pc, #20]	@ (10000fa4 <irq_has_shared_handler+0x1c>)
10000f90:	f852 0020 	ldr.w	r0, [r2, r0, lsl #2]
10000f94:	1ac0      	subs	r0, r0, r3
10000f96:	282f      	cmp	r0, #47	@ 0x2f
10000f98:	bf8c      	ite	hi
10000f9a:	2000      	movhi	r0, #0
10000f9c:	2001      	movls	r0, #1
10000f9e:	4770      	bx	lr
10000fa0:	e000ed00 	.word	0xe000ed00
10000fa4:	20000efc 	.word	0x20000efc

10000fa8 <irq_set_exclusive_handler>:
10000fa8:	b5f8      	push	{r3, r4, r5, r6, r7, lr}
10000faa:	460d      	mov	r5, r1
10000fac:	f3ef 8710 	mrs	r7, PRIMASK
10000fb0:	b672      	cpsid	i
10000fb2:	4e12      	ldr	r6, [pc, #72]	@ (10000ffc <irq_set_exclusive_handler+0x54>)
10000fb4:	e8d6 2fcf 	ldaexb	r2, [r6]
10000fb8:	2301      	movs	r3, #1
10000fba:	2a00      	cmp	r2, #0
10000fbc:	d1fa      	bne.n	10000fb4 <irq_set_exclusive_handler+0xc>
10000fbe:	e8c6 3f42 	strexb	r2, r3, [r6]
10000fc2:	2a00      	cmp	r2, #0
10000fc4:	d1f6      	bne.n	10000fb4 <irq_set_exclusive_handler+0xc>
10000fc6:	f3bf 8f5f 	dmb	sy
10000fca:	4b0d      	ldr	r3, [pc, #52]	@ (10001000 <irq_set_exclusive_handler+0x58>)
10000fcc:	f100 0410 	add.w	r4, r0, #16
10000fd0:	689b      	ldr	r3, [r3, #8]
10000fd2:	4a0c      	ldr	r2, [pc, #48]	@ (10001004 <irq_set_exclusive_handler+0x5c>)
10000fd4:	f853 3024 	ldr.w	r3, [r3, r4, lsl #2]
10000fd8:	4293      	cmp	r3, r2
10000fda:	d003      	beq.n	10000fe4 <irq_set_exclusive_handler+0x3c>
10000fdc:	4299      	cmp	r1, r3
10000fde:	d001      	beq.n	10000fe4 <irq_set_exclusive_handler+0x3c>
10000fe0:	f000 ff70 	bl	10001ec4 <hard_assertion_failure>
10000fe4:	4b06      	ldr	r3, [pc, #24]	@ (10001000 <irq_set_exclusive_handler+0x58>)
10000fe6:	689b      	ldr	r3, [r3, #8]
10000fe8:	f843 5024 	str.w	r5, [r3, r4, lsl #2]
10000fec:	f3bf 8f5f 	dmb	sy
10000ff0:	2300      	movs	r3, #0
10000ff2:	e8c6 3f8f 	stlb	r3, [r6]
10000ff6:	f387 8810 	msr	PRIMASK, r7
10000ffa:	bdf8      	pop	{r3, r4, r5, r6, r7, pc}
10000ffc:	20001485 	.word	0x20001485
10001000:	e000ed00 	.word	0xe000ed00
10001004:	1000011d 	.word	0x1000011d

10001008 <irq_add_shared_handler>:
10001008:	e92d 4ff0 	stmdb	sp!, {r4, r5, r6, r7, r8, r9, sl, fp, lr}
1000100c:	4681      	mov	r9, r0
1000100e:	468b      	mov	fp, r1
10001010:	4616      	mov	r6, r2
10001012:	b083      	sub	sp, #12
10001014:	f3ef 8310 	mrs	r3, PRIMASK
10001018:	b672      	cpsid	i
1000101a:	f8df a1d0 	ldr.w	sl, [pc, #464]	@ 100011ec <irq_add_shared_handler+0x1e4>
1000101e:	9300      	str	r3, [sp, #0]
10001020:	e8da 1fcf 	ldaexb	r1, [sl]
10001024:	2301      	movs	r3, #1
10001026:	2900      	cmp	r1, #0
10001028:	d1fa      	bne.n	10001020 <irq_add_shared_handler+0x18>
1000102a:	e8ca 3f41 	strexb	r1, r3, [sl]
1000102e:	2900      	cmp	r1, #0
10001030:	d1f6      	bne.n	10001020 <irq_add_shared_handler+0x18>
10001032:	f3bf 8f5f 	dmb	sy
10001036:	4b66      	ldr	r3, [pc, #408]	@ (100011d0 <irq_add_shared_handler+0x1c8>)
10001038:	f993 4000 	ldrsb.w	r4, [r3]
1000103c:	2c00      	cmp	r4, #0
1000103e:	f2c0 80a0 	blt.w	10001182 <irq_add_shared_handler+0x17a>
10001042:	4d64      	ldr	r5, [pc, #400]	@ (100011d4 <irq_add_shared_handler+0x1cc>)
10001044:	eb04 0744 	add.w	r7, r4, r4, lsl #1
10001048:	eb05 0887 	add.w	r8, r5, r7, lsl #2
1000104c:	f898 1006 	ldrb.w	r1, [r8, #6]
10001050:	f109 0910 	add.w	r9, r9, #16
10001054:	7019      	strb	r1, [r3, #0]
10001056:	4b60      	ldr	r3, [pc, #384]	@ (100011d8 <irq_add_shared_handler+0x1d0>)
10001058:	00bf      	lsls	r7, r7, #2
1000105a:	689b      	ldr	r3, [r3, #8]
1000105c:	f853 0029 	ldr.w	r0, [r3, r9, lsl #2]
10001060:	0063      	lsls	r3, r4, #1
10001062:	1b41      	subs	r1, r0, r5
10001064:	292f      	cmp	r1, #47	@ 0x2f
10001066:	d92f      	bls.n	100010c8 <irq_add_shared_handler+0xc0>
10001068:	495c      	ldr	r1, [pc, #368]	@ (100011dc <irq_add_shared_handler+0x1d4>)
1000106a:	4288      	cmp	r0, r1
1000106c:	f040 80a4 	bne.w	100011b8 <irq_add_shared_handler+0x1b0>
10001070:	441c      	add	r4, r3
10001072:	4b5b      	ldr	r3, [pc, #364]	@ (100011e0 <irq_add_shared_handler+0x1d8>)
10001074:	3702      	adds	r7, #2
10001076:	442f      	add	r7, r5
10001078:	3b04      	subs	r3, #4
1000107a:	1bdb      	subs	r3, r3, r7
1000107c:	f3c3 034a 	ubfx	r3, r3, #1, #11
10001080:	ea6f 43c3 	mvn.w	r3, r3, lsl #19
10001084:	f44f 4121 	mov.w	r1, #41216	@ 0xa100
10001088:	ea6f 43d3 	mvn.w	r3, r3, lsr #19
1000108c:	f825 1024 	strh.w	r1, [r5, r4, lsl #2]
10001090:	eb05 0484 	add.w	r4, r5, r4, lsl #2
10001094:	8063      	strh	r3, [r4, #2]
10001096:	f64b 5301 	movw	r3, #48385	@ 0xbd01
1000109a:	80a3      	strh	r3, [r4, #4]
1000109c:	23ff      	movs	r3, #255	@ 0xff
1000109e:	f048 0001 	orr.w	r0, r8, #1
100010a2:	71e6      	strb	r6, [r4, #7]
100010a4:	f8c4 b008 	str.w	fp, [r4, #8]
100010a8:	71a3      	strb	r3, [r4, #6]
100010aa:	4b4b      	ldr	r3, [pc, #300]	@ (100011d8 <irq_add_shared_handler+0x1d0>)
100010ac:	689b      	ldr	r3, [r3, #8]
100010ae:	f843 0029 	str.w	r0, [r3, r9, lsl #2]
100010b2:	f3bf 8f5f 	dmb	sy
100010b6:	2300      	movs	r3, #0
100010b8:	e8ca 3f8f 	stlb	r3, [sl]
100010bc:	9b00      	ldr	r3, [sp, #0]
100010be:	f383 8810 	msr	PRIMASK, r3
100010c2:	b003      	add	sp, #12
100010c4:	e8bd 8ff0 	ldmia.w	sp!, {r4, r5, r6, r7, r8, r9, sl, fp, pc}
100010c8:	f020 0e01 	bic.w	lr, r0, #1
100010cc:	f89e 1007 	ldrb.w	r1, [lr, #7]
100010d0:	42b1      	cmp	r1, r6
100010d2:	d82e      	bhi.n	10001132 <irq_add_shared_handler+0x12a>
100010d4:	f44f 4321 	mov.w	r3, #41216	@ 0xa100
100010d8:	53eb      	strh	r3, [r5, r7]
100010da:	4b41      	ldr	r3, [pc, #260]	@ (100011e0 <irq_add_shared_handler+0x1d8>)
100010dc:	1cb9      	adds	r1, r7, #2
100010de:	4429      	add	r1, r5
100010e0:	3b04      	subs	r3, #4
100010e2:	3704      	adds	r7, #4
100010e4:	1a5b      	subs	r3, r3, r1
100010e6:	442f      	add	r7, r5
100010e8:	f1ae 0104 	sub.w	r1, lr, #4
100010ec:	4c3d      	ldr	r4, [pc, #244]	@ (100011e4 <irq_add_shared_handler+0x1dc>)
100010ee:	1bc9      	subs	r1, r1, r7
100010f0:	f3c1 014a 	ubfx	r1, r1, #1, #11
100010f4:	4321      	orrs	r1, r4
100010f6:	f8a8 1004 	strh.w	r1, [r8, #4]
100010fa:	f3c3 034a 	ubfx	r3, r3, #1, #11
100010fe:	493a      	ldr	r1, [pc, #232]	@ (100011e8 <irq_add_shared_handler+0x1e0>)
10001100:	4323      	orrs	r3, r4
10001102:	f8a8 3002 	strh.w	r3, [r8, #2]
10001106:	f64a 20aa 	movw	r0, #43690	@ 0xaaaa
1000110a:	4673      	mov	r3, lr
1000110c:	1b5b      	subs	r3, r3, r5
1000110e:	415b      	adcs	r3, r3
10001110:	4358      	muls	r0, r3
10001112:	0d00      	lsrs	r0, r0, #20
10001114:	f888 6007 	strb.w	r6, [r8, #7]
10001118:	f888 0006 	strb.w	r0, [r8, #6]
1000111c:	f8c8 b008 	str.w	fp, [r8, #8]
10001120:	f048 0001 	orr.w	r0, r8, #1
10001124:	f8ce 1000 	str.w	r1, [lr]
10001128:	e7bf      	b.n	100010aa <irq_add_shared_handler+0xa2>
1000112a:	79d1      	ldrb	r1, [r2, #7]
1000112c:	42b1      	cmp	r1, r6
1000112e:	d92e      	bls.n	1000118e <irq_add_shared_handler+0x186>
10001130:	4696      	mov	lr, r2
10001132:	f99e c006 	ldrsb.w	ip, [lr, #6]
10001136:	eb0c 024c 	add.w	r2, ip, ip, lsl #1
1000113a:	f1bc 0f00 	cmp.w	ip, #0
1000113e:	eb05 0282 	add.w	r2, r5, r2, lsl #2
10001142:	daf2      	bge.n	1000112a <irq_add_shared_handler+0x122>
10001144:	f64b 5101 	movw	r1, #48385	@ 0xbd01
10001148:	f10e 0204 	add.w	r2, lr, #4
1000114c:	f1a8 0704 	sub.w	r7, r8, #4
10001150:	1abf      	subs	r7, r7, r2
10001152:	f3c7 074a 	ubfx	r7, r7, #1, #11
10001156:	ea6f 47c7 	mvn.w	r7, r7, lsl #19
1000115a:	ea6f 47d7 	mvn.w	r7, r7, lsr #19
1000115e:	f88e 4006 	strb.w	r4, [lr, #6]
10001162:	eb03 0804 	add.w	r8, r3, r4
10001166:	4c20      	ldr	r4, [pc, #128]	@ (100011e8 <irq_add_shared_handler+0x1e0>)
10001168:	eb05 0388 	add.w	r3, r5, r8, lsl #2
1000116c:	f8ae 7004 	strh.w	r7, [lr, #4]
10001170:	f845 4028 	str.w	r4, [r5, r8, lsl #2]
10001174:	8099      	strh	r1, [r3, #4]
10001176:	f883 c006 	strb.w	ip, [r3, #6]
1000117a:	71de      	strb	r6, [r3, #7]
1000117c:	f8c3 b008 	str.w	fp, [r3, #8]
10001180:	e793      	b.n	100010aa <irq_add_shared_handler+0xa2>
10001182:	f000 fe9f 	bl	10001ec4 <hard_assertion_failure>
10001186:	4b12      	ldr	r3, [pc, #72]	@ (100011d0 <irq_add_shared_handler+0x1c8>)
10001188:	f993 4000 	ldrsb.w	r4, [r3]
1000118c:	e759      	b.n	10001042 <irq_add_shared_handler+0x3a>
1000118e:	4672      	mov	r2, lr
10001190:	f832 1f04 	ldrh.w	r1, [r2, #4]!
10001194:	0549      	lsls	r1, r1, #21
10001196:	d414      	bmi.n	100011c2 <irq_add_shared_handler+0x1ba>
10001198:	1549      	asrs	r1, r1, #21
1000119a:	3102      	adds	r1, #2
1000119c:	eb02 0141 	add.w	r1, r2, r1, lsl #1
100011a0:	9101      	str	r1, [sp, #4]
100011a2:	f06f 0107 	mvn.w	r1, #7
100011a6:	1bc9      	subs	r1, r1, r7
100011a8:	9f01      	ldr	r7, [sp, #4]
100011aa:	1b49      	subs	r1, r1, r5
100011ac:	4439      	add	r1, r7
100011ae:	f3c1 014a 	ubfx	r1, r1, #1, #11
100011b2:	f441 4160 	orr.w	r1, r1, #57344	@ 0xe000
100011b6:	e7c9      	b.n	1000114c <irq_add_shared_handler+0x144>
100011b8:	9301      	str	r3, [sp, #4]
100011ba:	f000 fe83 	bl	10001ec4 <hard_assertion_failure>
100011be:	9b01      	ldr	r3, [sp, #4]
100011c0:	e756      	b.n	10001070 <irq_add_shared_handler+0x68>
100011c2:	f501 11ff 	add.w	r1, r1, #2088960	@ 0x1fe000
100011c6:	f501 51ff 	add.w	r1, r1, #8160	@ 0x1fe0
100011ca:	311f      	adds	r1, #31
100011cc:	e7e4      	b.n	10001198 <irq_add_shared_handler+0x190>
100011ce:	bf00      	nop
100011d0:	20001d62 	.word	0x20001d62
100011d4:	20000efc 	.word	0x20000efc
100011d8:	e000ed00 	.word	0xe000ed00
100011dc:	1000011d 	.word	0x1000011d
100011e0:	20000f2c 	.word	0x20000f2c
100011e4:	ffffe000 	.word	0xffffe000
100011e8:	47804801 	.word	0x47804801
100011ec:	20001485 	.word	0x20001485

100011f0 <irq_add_tail_to_free_list>:
100011f0:	b5f0      	push	{r4, r5, r6, r7, lr}
100011f2:	f3ef 8505 	mrs	r5, IPSR
100011f6:	b2ed      	uxtb	r5, r5
100011f8:	f3ef 8c10 	mrs	ip, PRIMASK
100011fc:	b672      	cpsid	i
100011fe:	4926      	ldr	r1, [pc, #152]	@ (10001298 <irq_add_tail_to_free_list+0xa8>)
10001200:	e8d1 2fcf 	ldaexb	r2, [r1]
10001204:	2301      	movs	r3, #1
10001206:	2a00      	cmp	r2, #0
10001208:	d1fa      	bne.n	10001200 <irq_add_tail_to_free_list+0x10>
1000120a:	e8c1 3f42 	strexb	r2, r3, [r1]
1000120e:	2a00      	cmp	r2, #0
10001210:	d1f6      	bne.n	10001200 <irq_add_tail_to_free_list+0x10>
10001212:	f3bf 8f5f 	dmb	sy
10001216:	4e21      	ldr	r6, [pc, #132]	@ (1000129c <irq_add_tail_to_free_list+0xac>)
10001218:	f040 0e01 	orr.w	lr, r0, #1
1000121c:	68b4      	ldr	r4, [r6, #8]
1000121e:	f64a 23aa 	movw	r3, #43690	@ 0xaaaa
10001222:	f854 7025 	ldr.w	r7, [r4, r5, lsl #2]
10001226:	4a1e      	ldr	r2, [pc, #120]	@ (100012a0 <irq_add_tail_to_free_list+0xb0>)
10001228:	4604      	mov	r4, r0
1000122a:	1aa4      	subs	r4, r4, r2
1000122c:	4164      	adcs	r4, r4
1000122e:	4363      	muls	r3, r4
10001230:	0d1b      	lsrs	r3, r3, #20
10001232:	4577      	cmp	r7, lr
10001234:	b25b      	sxtb	r3, r3
10001236:	d01b      	beq.n	10001270 <irq_add_tail_to_free_list+0x80>
10001238:	f992 4006 	ldrsb.w	r4, [r2, #6]
1000123c:	429c      	cmp	r4, r3
1000123e:	d01c      	beq.n	1000127a <irq_add_tail_to_free_list+0x8a>
10001240:	f992 4012 	ldrsb.w	r4, [r2, #18]
10001244:	429c      	cmp	r4, r3
10001246:	d023      	beq.n	10001290 <irq_add_tail_to_free_list+0xa0>
10001248:	f992 401e 	ldrsb.w	r4, [r2, #30]
1000124c:	429c      	cmp	r4, r3
1000124e:	d021      	beq.n	10001294 <irq_add_tail_to_free_list+0xa4>
10001250:	f992 402a 	ldrsb.w	r4, [r2, #42]	@ 0x2a
10001254:	429c      	cmp	r4, r3
10001256:	bf08      	it	eq
10001258:	2403      	moveq	r4, #3
1000125a:	d00f      	beq.n	1000127c <irq_add_tail_to_free_list+0x8c>
1000125c:	4a11      	ldr	r2, [pc, #68]	@ (100012a4 <irq_add_tail_to_free_list+0xb4>)
1000125e:	2400      	movs	r4, #0
10001260:	7815      	ldrb	r5, [r2, #0]
10001262:	7013      	strb	r3, [r2, #0]
10001264:	7185      	strb	r5, [r0, #6]
10001266:	e8c1 4f8f 	stlb	r4, [r1]
1000126a:	f38c 8810 	msr	PRIMASK, ip
1000126e:	bdf0      	pop	{r4, r5, r6, r7, pc}
10001270:	68b2      	ldr	r2, [r6, #8]
10001272:	4c0d      	ldr	r4, [pc, #52]	@ (100012a8 <irq_add_tail_to_free_list+0xb8>)
10001274:	f842 4025 	str.w	r4, [r2, r5, lsl #2]
10001278:	e7f0      	b.n	1000125c <irq_add_tail_to_free_list+0x6c>
1000127a:	2400      	movs	r4, #0
1000127c:	eb04 0444 	add.w	r4, r4, r4, lsl #1
10001280:	eb02 0284 	add.w	r2, r2, r4, lsl #2
10001284:	24ff      	movs	r4, #255	@ 0xff
10001286:	7194      	strb	r4, [r2, #6]
10001288:	f64b 5401 	movw	r4, #48385	@ 0xbd01
1000128c:	8094      	strh	r4, [r2, #4]
1000128e:	e7e5      	b.n	1000125c <irq_add_tail_to_free_list+0x6c>
10001290:	2401      	movs	r4, #1
10001292:	e7f3      	b.n	1000127c <irq_add_tail_to_free_list+0x8c>
10001294:	2402      	movs	r4, #2
10001296:	e7f1      	b.n	1000127c <irq_add_tail_to_free_list+0x8c>
10001298:	20001485 	.word	0x20001485
1000129c:	e000ed00 	.word	0xe000ed00
100012a0:	20000efc 	.word	0x20000efc
100012a4:	20001d62 	.word	0x20001d62
100012a8:	1000011d 	.word	0x1000011d

100012ac <user_irq_claim_unused>:
100012ac:	b510      	push	{r4, lr}
100012ae:	4c07      	ldr	r4, [pc, #28]	@ (100012cc <user_irq_claim_unused+0x20>)
100012b0:	b082      	sub	sp, #8
100012b2:	4601      	mov	r1, r0
100012b4:	2305      	movs	r3, #5
100012b6:	2200      	movs	r2, #0
100012b8:	9400      	str	r4, [sp, #0]
100012ba:	4805      	ldr	r0, [pc, #20]	@ (100012d0 <user_irq_claim_unused+0x24>)
100012bc:	f7ff fd94 	bl	10000de8 <hw_claim_unused_from_range>
100012c0:	2800      	cmp	r0, #0
100012c2:	bfa8      	it	ge
100012c4:	f1c0 0033 	rsbge	r0, r0, #51	@ 0x33
100012c8:	b002      	add	sp, #8
100012ca:	bd10      	pop	{r4, pc}
100012cc:	10004f70 	.word	0x10004f70
100012d0:	20001d66 	.word	0x20001d66

100012d4 <lock_init>:
100012d4:	4b01      	ldr	r3, [pc, #4]	@ (100012dc <lock_init+0x8>)
100012d6:	440b      	add	r3, r1
100012d8:	6003      	str	r3, [r0, #0]
100012da:	4770      	bx	lr
100012dc:	2000147c 	.word	0x2000147c

100012e0 <runtime_init_mutex>:
100012e0:	b570      	push	{r4, r5, r6, lr}
100012e2:	4c10      	ldr	r4, [pc, #64]	@ (10001324 <runtime_init_mutex+0x44>)
100012e4:	4d10      	ldr	r5, [pc, #64]	@ (10001328 <runtime_init_mutex+0x48>)
100012e6:	42ac      	cmp	r4, r5
100012e8:	d20e      	bcs.n	10001308 <runtime_init_mutex+0x28>
100012ea:	26ff      	movs	r6, #255	@ 0xff
100012ec:	6823      	ldr	r3, [r4, #0]
100012ee:	b163      	cbz	r3, 1000130a <runtime_init_mutex+0x2a>
100012f0:	f7ff fdc8 	bl	10000e84 <next_striped_spin_lock_num>
100012f4:	4601      	mov	r1, r0
100012f6:	4620      	mov	r0, r4
100012f8:	f7ff ffec 	bl	100012d4 <lock_init>
100012fc:	80a6      	strh	r6, [r4, #4]
100012fe:	f3bf 8f5f 	dmb	sy
10001302:	3408      	adds	r4, #8
10001304:	42ac      	cmp	r4, r5
10001306:	d3f1      	bcc.n	100012ec <runtime_init_mutex+0xc>
10001308:	bd70      	pop	{r4, r5, r6, pc}
1000130a:	f7ff fdbb 	bl	10000e84 <next_striped_spin_lock_num>
1000130e:	4601      	mov	r1, r0
10001310:	4620      	mov	r0, r4
10001312:	f7ff ffdf 	bl	100012d4 <lock_init>
10001316:	7126      	strb	r6, [r4, #4]
10001318:	f3bf 8f5f 	dmb	sy
1000131c:	3408      	adds	r4, #8
1000131e:	42ac      	cmp	r4, r5
10001320:	d3e4      	bcc.n	100012ec <runtime_init_mutex+0xc>
10001322:	bd70      	pop	{r4, r5, r6, pc}
10001324:	20000f94 	.word	0x20000f94
10001328:	20000f9c 	.word	0x20000f9c

1000132c <mutex_init>:
1000132c:	b510      	push	{r4, lr}
1000132e:	4604      	mov	r4, r0
10001330:	f7ff fda8 	bl	10000e84 <next_striped_spin_lock_num>
10001334:	4601      	mov	r1, r0
10001336:	4620      	mov	r0, r4
10001338:	f7ff ffcc 	bl	100012d4 <lock_init>
1000133c:	23ff      	movs	r3, #255	@ 0xff
1000133e:	7123      	strb	r3, [r4, #4]
10001340:	f3bf 8f5f 	dmb	sy
10001344:	bd10      	pop	{r4, pc}
10001346:	bf00      	nop

10001348 <critical_section_init>:
10001348:	b510      	push	{r4, lr}
1000134a:	4604      	mov	r4, r0
1000134c:	2001      	movs	r0, #1
1000134e:	f7ff fda5 	bl	10000e9c <spin_lock_claim_unused>
10001352:	4b03      	ldr	r3, [pc, #12]	@ (10001360 <critical_section_init+0x18>)
10001354:	4403      	add	r3, r0
10001356:	6023      	str	r3, [r4, #0]
10001358:	f3bf 8f5f 	dmb	sy
1000135c:	bd10      	pop	{r4, pc}
1000135e:	bf00      	nop
10001360:	2000147c 	.word	0x2000147c

10001364 <critical_section_init_with_lock_num>:
10001364:	4b02      	ldr	r3, [pc, #8]	@ (10001370 <critical_section_init_with_lock_num+0xc>)
10001366:	440b      	add	r3, r1
10001368:	6003      	str	r3, [r0, #0]
1000136a:	f3bf 8f5f 	dmb	sy
1000136e:	4770      	bx	lr
10001370:	2000147c 	.word	0x2000147c

10001374 <sleep_until_callback>:
10001374:	4b0d      	ldr	r3, [pc, #52]	@ (100013ac <sleep_until_callback+0x38>)
10001376:	681a      	ldr	r2, [r3, #0]
10001378:	f3ef 8110 	mrs	r1, PRIMASK
1000137c:	b672      	cpsid	i
1000137e:	e8d2 cfcf 	ldaexb	ip, [r2]
10001382:	2001      	movs	r0, #1
10001384:	f1bc 0f00 	cmp.w	ip, #0
10001388:	d1f9      	bne.n	1000137e <sleep_until_callback+0xa>
1000138a:	e8c2 0f4c 	strexb	ip, r0, [r2]
1000138e:	f1bc 0f00 	cmp.w	ip, #0
10001392:	d1f4      	bne.n	1000137e <sleep_until_callback+0xa>
10001394:	f3bf 8f5f 	dmb	sy
10001398:	2200      	movs	r2, #0
1000139a:	681b      	ldr	r3, [r3, #0]
1000139c:	e8c3 2f8f 	stlb	r2, [r3]
100013a0:	f381 8810 	msr	PRIMASK, r1
100013a4:	bf40      	sev
100013a6:	2000      	movs	r0, #0
100013a8:	2100      	movs	r1, #0
100013aa:	4770      	bx	lr
100013ac:	20001d40 	.word	0x20001d40

100013b0 <alarm_pool_irq_handler>:
100013b0:	e92d 4ff0 	stmdb	sp!, {r4, r5, r6, r7, r8, r9, sl, fp, lr}
100013b4:	ed2d 8b02 	vpush	{d8}
100013b8:	b085      	sub	sp, #20
100013ba:	f3ef 8305 	mrs	r3, IPSR
100013be:	b2db      	uxtb	r3, r3
100013c0:	3b10      	subs	r3, #16
100013c2:	089a      	lsrs	r2, r3, #2
100013c4:	bf18      	it	ne
100013c6:	2201      	movne	r2, #1
100013c8:	f04f 0101 	mov.w	r1, #1
100013cc:	f003 0003 	and.w	r0, r3, #3
100013d0:	bf18      	it	ne
100013d2:	4daf      	ldrne	r5, [pc, #700]	@ (10001690 <alarm_pool_irq_handler+0x2e0>)
100013d4:	4baf      	ldr	r3, [pc, #700]	@ (10001694 <alarm_pool_irq_handler+0x2e4>)
100013d6:	bf08      	it	eq
100013d8:	4daf      	ldreq	r5, [pc, #700]	@ (10001698 <alarm_pool_irq_handler+0x2e8>)
100013da:	eb00 0282 	add.w	r2, r0, r2, lsl #2
100013de:	f853 6022 	ldr.w	r6, [r3, r2, lsl #2]
100013e2:	fa01 fb00 	lsl.w	fp, r1, r0
100013e6:	f505 5341 	add.w	r3, r5, #12352	@ 0x3040
100013ea:	ed9f 8ba7 	vldr	d8, [pc, #668]	@ 10001688 <alarm_pool_irq_handler+0x2d8>
100013ee:	9001      	str	r0, [sp, #4]
100013f0:	f8c3 b004 	str.w	fp, [r3, #4]
100013f4:	e02e      	b.n	10001454 <alarm_pool_irq_handler+0xa4>
100013f6:	88b3      	ldrh	r3, [r6, #4]
100013f8:	0418      	lsls	r0, r3, #16
100013fa:	f140 8092 	bpl.w	10001522 <alarm_pool_irq_handler+0x172>
100013fe:	79b3      	ldrb	r3, [r6, #6]
10001400:	2b00      	cmp	r3, #0
10001402:	f040 80dc 	bne.w	100015be <alarm_pool_irq_handler+0x20e>
10001406:	f9b6 1008 	ldrsh.w	r1, [r6, #8]
1000140a:	2900      	cmp	r1, #0
1000140c:	f2c0 811d 	blt.w	1000164a <alarm_pool_irq_handler+0x29a>
10001410:	6973      	ldr	r3, [r6, #20]
10001412:	eb01 0141 	add.w	r1, r1, r1, lsl #1
10001416:	eb03 03c1 	add.w	r3, r3, r1, lsl #3
1000141a:	e9d3 4702 	ldrd	r4, r7, [r3, #8]
1000141e:	f1b7 3fff 	cmp.w	r7, #4294967295	@ 0xffffffff
10001422:	bf08      	it	eq
10001424:	f1b4 3fff 	cmpeq.w	r4, #4294967295	@ 0xffffffff
10001428:	d00d      	beq.n	10001446 <alarm_pool_irq_handler+0x96>
1000142a:	9b01      	ldr	r3, [sp, #4]
1000142c:	eb05 0183 	add.w	r1, r5, r3, lsl #2
10001430:	6aab      	ldr	r3, [r5, #40]	@ 0x28
10001432:	690a      	ldr	r2, [r1, #16]
10001434:	1ad2      	subs	r2, r2, r3
10001436:	1ae3      	subs	r3, r4, r3
10001438:	4293      	cmp	r3, r2
1000143a:	d303      	bcc.n	10001444 <alarm_pool_irq_handler+0x94>
1000143c:	6a2b      	ldr	r3, [r5, #32]
1000143e:	ea13 0f0b 	tst.w	r3, fp
10001442:	d100      	bne.n	10001446 <alarm_pool_irq_handler+0x96>
10001444:	610c      	str	r4, [r1, #16]
10001446:	4628      	mov	r0, r5
10001448:	f000 fba6 	bl	10001b98 <timer_time_us_64>
1000144c:	42a0      	cmp	r0, r4
1000144e:	41b9      	sbcs	r1, r7
10001450:	f2c0 80fb 	blt.w	1000164a <alarm_pool_irq_handler+0x29a>
10001454:	f9b6 3008 	ldrsh.w	r3, [r6, #8]
10001458:	f8c5 b03c 	str.w	fp, [r5, #60]	@ 0x3c
1000145c:	2b00      	cmp	r3, #0
1000145e:	9300      	str	r3, [sp, #0]
10001460:	dbc9      	blt.n	100013f6 <alarm_pool_irq_handler+0x46>
10001462:	f8d6 9014 	ldr.w	r9, [r6, #20]
10001466:	eb03 0a43 	add.w	sl, r3, r3, lsl #1
1000146a:	4628      	mov	r0, r5
1000146c:	eb09 07ca 	add.w	r7, r9, sl, lsl #3
10001470:	e9d7 4802 	ldrd	r4, r8, [r7, #8]
10001474:	f000 fb90 	bl	10001b98 <timer_time_us_64>
10001478:	42a0      	cmp	r0, r4
1000147a:	eb71 0108 	sbcs.w	r1, r1, r8
1000147e:	dbba      	blt.n	100013f6 <alarm_pool_irq_handler+0x46>
10001480:	f1b8 0f00 	cmp.w	r8, #0
10001484:	f2c0 80c3 	blt.w	1000160e <alarm_pool_irq_handler+0x25e>
10001488:	e9d7 3104 	ldrd	r3, r1, [r7, #16]
1000148c:	4a83      	ldr	r2, [pc, #524]	@ (1000169c <alarm_pool_irq_handler+0x2ec>)
1000148e:	4293      	cmp	r3, r2
10001490:	f000 80ed 	beq.w	1000166e <alarm_pool_irq_handler+0x2be>
10001494:	887a      	ldrh	r2, [r7, #2]
10001496:	f9b6 0008 	ldrsh.w	r0, [r6, #8]
1000149a:	b292      	uxth	r2, r2
1000149c:	ea42 4000 	orr.w	r0, r2, r0, lsl #16
100014a0:	4798      	blx	r3
100014a2:	4602      	mov	r2, r0
100014a4:	460b      	mov	r3, r1
100014a6:	ea52 0103 	orrs.w	r1, r2, r3
100014aa:	f000 80b0 	beq.w	1000160e <alarm_pool_irq_handler+0x25e>
100014ae:	2b00      	cmp	r3, #0
100014b0:	f280 80d1 	bge.w	10001656 <alarm_pool_irq_handler+0x2a6>
100014b4:	ebb4 0e02 	subs.w	lr, r4, r2
100014b8:	eb68 0803 	sbc.w	r8, r8, r3
100014bc:	f939 303a 	ldrsh.w	r3, [r9, sl, lsl #3]
100014c0:	e9c7 e802 	strd	lr, r8, [r7, #8]
100014c4:	2b00      	cmp	r3, #0
100014c6:	db96      	blt.n	100013f6 <alarm_pool_irq_handler+0x46>
100014c8:	6971      	ldr	r1, [r6, #20]
100014ca:	eb03 0243 	add.w	r2, r3, r3, lsl #1
100014ce:	eb01 02c2 	add.w	r2, r1, r2, lsl #3
100014d2:	e9d2 7002 	ldrd	r7, r0, [r2, #8]
100014d6:	45be      	cmp	lr, r7
100014d8:	eb78 0c00 	sbcs.w	ip, r8, r0
100014dc:	ea4f 0243 	mov.w	r2, r3, lsl #1
100014e0:	db89      	blt.n	100013f6 <alarm_pool_irq_handler+0x46>
100014e2:	46b4      	mov	ip, r6
100014e4:	f82c 3f08 	strh.w	r3, [ip, #8]!
100014e8:	e00b      	b.n	10001502 <alarm_pool_irq_handler+0x152>
100014ea:	f931 3032 	ldrsh.w	r3, [r1, r2, lsl #3]
100014ee:	46a4      	mov	ip, r4
100014f0:	2b00      	cmp	r3, #0
100014f2:	db0d      	blt.n	10001510 <alarm_pool_irq_handler+0x160>
100014f4:	eb03 0043 	add.w	r0, r3, r3, lsl #1
100014f8:	eb01 00c0 	add.w	r0, r1, r0, lsl #3
100014fc:	005a      	lsls	r2, r3, #1
100014fe:	e9d0 7002 	ldrd	r7, r0, [r0, #8]
10001502:	45be      	cmp	lr, r7
10001504:	441a      	add	r2, r3
10001506:	eb78 0000 	sbcs.w	r0, r8, r0
1000150a:	eb01 04c2 	add.w	r4, r1, r2, lsl #3
1000150e:	daec      	bge.n	100014ea <alarm_pool_irq_handler+0x13a>
10001510:	f829 303a 	strh.w	r3, [r9, sl, lsl #3]
10001514:	9b00      	ldr	r3, [sp, #0]
10001516:	f8ac 3000 	strh.w	r3, [ip]
1000151a:	88b3      	ldrh	r3, [r6, #4]
1000151c:	0418      	lsls	r0, r3, #16
1000151e:	f53f af6e 	bmi.w	100013fe <alarm_pool_irq_handler+0x4e>
10001522:	6933      	ldr	r3, [r6, #16]
10001524:	f3ef 8210 	mrs	r2, PRIMASK
10001528:	b672      	cpsid	i
1000152a:	e8d3 0fcf 	ldaexb	r0, [r3]
1000152e:	2101      	movs	r1, #1
10001530:	2800      	cmp	r0, #0
10001532:	d1fa      	bne.n	1000152a <alarm_pool_irq_handler+0x17a>
10001534:	e8c3 1f40 	strexb	r0, r1, [r3]
10001538:	2800      	cmp	r0, #0
1000153a:	d1f6      	bne.n	1000152a <alarm_pool_irq_handler+0x17a>
1000153c:	f3bf 8f5f 	dmb	sy
10001540:	f64f 74ff 	movw	r4, #65535	@ 0xffff
10001544:	88b0      	ldrh	r0, [r6, #4]
10001546:	2300      	movs	r3, #0
10001548:	6931      	ldr	r1, [r6, #16]
1000154a:	b200      	sxth	r0, r0
1000154c:	80b4      	strh	r4, [r6, #4]
1000154e:	e8c1 3f8f 	stlb	r3, [r1]
10001552:	f382 8810 	msr	PRIMASK, r2
10001556:	4298      	cmp	r0, r3
10001558:	f6ff af51 	blt.w	100013fe <alarm_pool_irq_handler+0x4e>
1000155c:	4607      	mov	r7, r0
1000155e:	46a9      	mov	r9, r5
10001560:	6974      	ldr	r4, [r6, #20]
10001562:	f106 0808 	add.w	r8, r6, #8
10001566:	eb07 0e47 	add.w	lr, r7, r7, lsl #1
1000156a:	eb04 03ce 	add.w	r3, r4, lr, lsl #3
1000156e:	e9d3 5002 	ldrd	r5, r0, [r3, #8]
10001572:	f9b6 3008 	ldrsh.w	r3, [r6, #8]
10001576:	46c4      	mov	ip, r8
10001578:	2b00      	cmp	r3, #0
1000157a:	db13      	blt.n	100015a4 <alarm_pool_irq_handler+0x1f4>
1000157c:	46b2      	mov	sl, r6
1000157e:	9700      	str	r7, [sp, #0]
10001580:	e004      	b.n	1000158c <alarm_pool_irq_handler+0x1dc>
10001582:	f934 3036 	ldrsh.w	r3, [r4, r6, lsl #3]
10001586:	4694      	mov	ip, r2
10001588:	2b00      	cmp	r3, #0
1000158a:	db09      	blt.n	100015a0 <alarm_pool_irq_handler+0x1f0>
1000158c:	eb03 0643 	add.w	r6, r3, r3, lsl #1
10001590:	eb04 02c6 	add.w	r2, r4, r6, lsl #3
10001594:	e9d2 7102 	ldrd	r7, r1, [r2, #8]
10001598:	42bd      	cmp	r5, r7
1000159a:	eb70 0101 	sbcs.w	r1, r0, r1
1000159e:	daf0      	bge.n	10001582 <alarm_pool_irq_handler+0x1d2>
100015a0:	4656      	mov	r6, sl
100015a2:	9f00      	ldr	r7, [sp, #0]
100015a4:	f8ac 7000 	strh.w	r7, [ip]
100015a8:	f934 703e 	ldrsh.w	r7, [r4, lr, lsl #3]
100015ac:	f824 303e 	strh.w	r3, [r4, lr, lsl #3]
100015b0:	2f00      	cmp	r7, #0
100015b2:	dad8      	bge.n	10001566 <alarm_pool_irq_handler+0x1b6>
100015b4:	79b3      	ldrb	r3, [r6, #6]
100015b6:	464d      	mov	r5, r9
100015b8:	2b00      	cmp	r3, #0
100015ba:	f43f af24 	beq.w	10001406 <alarm_pool_irq_handler+0x56>
100015be:	2300      	movs	r3, #0
100015c0:	71b3      	strb	r3, [r6, #6]
100015c2:	f9b6 3008 	ldrsh.w	r3, [r6, #8]
100015c6:	f106 0808 	add.w	r8, r6, #8
100015ca:	1c59      	adds	r1, r3, #1
100015cc:	d03d      	beq.n	1000164a <alarm_pool_irq_handler+0x29a>
100015ce:	4619      	mov	r1, r3
100015d0:	6977      	ldr	r7, [r6, #20]
100015d2:	e003      	b.n	100015dc <alarm_pool_irq_handler+0x22c>
100015d4:	4680      	mov	r8, r0
100015d6:	1c5a      	adds	r2, r3, #1
100015d8:	f43f af17 	beq.w	1000140a <alarm_pool_irq_handler+0x5a>
100015dc:	eb03 0243 	add.w	r2, r3, r3, lsl #1
100015e0:	eb07 00c2 	add.w	r0, r7, r2, lsl #3
100015e4:	f8b0 c002 	ldrh.w	ip, [r0, #2]
100015e8:	461c      	mov	r4, r3
100015ea:	f41c 4f00 	tst.w	ip, #32768	@ 0x8000
100015ee:	469e      	mov	lr, r3
100015f0:	f937 3032 	ldrsh.w	r3, [r7, r2, lsl #3]
100015f4:	d0ee      	beq.n	100015d4 <alarm_pool_irq_handler+0x224>
100015f6:	428c      	cmp	r4, r1
100015f8:	ed80 8b02 	vstr	d8, [r0, #8]
100015fc:	d005      	beq.n	1000160a <alarm_pool_irq_handler+0x25a>
100015fe:	f8a8 3000 	strh.w	r3, [r8]
10001602:	8931      	ldrh	r1, [r6, #8]
10001604:	f827 1032 	strh.w	r1, [r7, r2, lsl #3]
10001608:	8134      	strh	r4, [r6, #8]
1000160a:	4671      	mov	r1, lr
1000160c:	e7e3      	b.n	100015d6 <alarm_pool_irq_handler+0x226>
1000160e:	f839 303a 	ldrh.w	r3, [r9, sl, lsl #3]
10001612:	8133      	strh	r3, [r6, #8]
10001614:	6933      	ldr	r3, [r6, #16]
10001616:	f3ef 8210 	mrs	r2, PRIMASK
1000161a:	b672      	cpsid	i
1000161c:	e8d3 0fcf 	ldaexb	r0, [r3]
10001620:	2101      	movs	r1, #1
10001622:	2800      	cmp	r0, #0
10001624:	d1fa      	bne.n	1000161c <alarm_pool_irq_handler+0x26c>
10001626:	e8c3 1f40 	strexb	r0, r1, [r3]
1000162a:	2800      	cmp	r0, #0
1000162c:	d1f6      	bne.n	1000161c <alarm_pool_irq_handler+0x26c>
1000162e:	f3bf 8f5f 	dmb	sy
10001632:	8873      	ldrh	r3, [r6, #2]
10001634:	6931      	ldr	r1, [r6, #16]
10001636:	f829 303a 	strh.w	r3, [r9, sl, lsl #3]
1000163a:	9b00      	ldr	r3, [sp, #0]
1000163c:	8073      	strh	r3, [r6, #2]
1000163e:	2300      	movs	r3, #0
10001640:	e8c1 3f8f 	stlb	r3, [r1]
10001644:	f382 8810 	msr	PRIMASK, r2
10001648:	e6d5      	b.n	100013f6 <alarm_pool_irq_handler+0x46>
1000164a:	bf40      	sev
1000164c:	b005      	add	sp, #20
1000164e:	ecbd 8b02 	vpop	{d8}
10001652:	e8bd 8ff0 	ldmia.w	sp!, {r4, r5, r6, r7, r8, r9, sl, fp, pc}
10001656:	4628      	mov	r0, r5
10001658:	e9cd 2302 	strd	r2, r3, [sp, #8]
1000165c:	f000 fa9c 	bl	10001b98 <timer_time_us_64>
10001660:	9a02      	ldr	r2, [sp, #8]
10001662:	9b03      	ldr	r3, [sp, #12]
10001664:	eb10 0e02 	adds.w	lr, r0, r2
10001668:	eb43 0801 	adc.w	r8, r3, r1
1000166c:	e726      	b.n	100014bc <alarm_pool_irq_handler+0x10c>
1000166e:	4608      	mov	r0, r1
10001670:	690b      	ldr	r3, [r1, #16]
10001672:	9102      	str	r1, [sp, #8]
10001674:	4798      	blx	r3
10001676:	2800      	cmp	r0, #0
10001678:	d0c9      	beq.n	1000160e <alarm_pool_irq_handler+0x25e>
1000167a:	9902      	ldr	r1, [sp, #8]
1000167c:	e9d1 2300 	ldrd	r2, r3, [r1]
10001680:	e711      	b.n	100014a6 <alarm_pool_irq_handler+0xf6>
10001682:	bf00      	nop
10001684:	f3af 8000 	nop.w
10001688:	ffffffff 	.word	0xffffffff
1000168c:	ffffffff 	.word	0xffffffff
10001690:	400b8000 	.word	0x400b8000
10001694:	20001d18 	.word	0x20001d18
10001698:	400b0000 	.word	0x400b0000
1000169c:	100013b1 	.word	0x100013b1

100016a0 <runtime_init_default_alarm_pool>:
100016a0:	e92d 4ff8 	stmdb	sp!, {r3, r4, r5, r6, r7, r8, r9, sl, fp, lr}
100016a4:	4c36      	ldr	r4, [pc, #216]	@ (10001780 <runtime_init_default_alarm_pool+0xe0>)
100016a6:	6925      	ldr	r5, [r4, #16]
100016a8:	b12d      	cbz	r5, 100016b6 <runtime_init_default_alarm_pool+0x16>
100016aa:	e8bd 4ff8 	ldmia.w	sp!, {r3, r4, r5, r6, r7, r8, r9, sl, fp, lr}
100016ae:	210a      	movs	r1, #10
100016b0:	4834      	ldr	r0, [pc, #208]	@ (10001784 <runtime_init_default_alarm_pool+0xe4>)
100016b2:	f7ff be0f 	b.w	100012d4 <lock_init>
100016b6:	f8df 80e4 	ldr.w	r8, [pc, #228]	@ 1000179c <runtime_init_default_alarm_pool+0xfc>
100016ba:	2103      	movs	r1, #3
100016bc:	4640      	mov	r0, r8
100016be:	f000 fa59 	bl	10001b74 <timer_hardware_alarm_claim>
100016c2:	2603      	movs	r6, #3
100016c4:	f8c4 800c 	str.w	r8, [r4, #12]
100016c8:	f7ff fbdc 	bl	10000e84 <next_striped_spin_lock_num>
100016cc:	f04f 4c50 	mov.w	ip, #3489660928	@ 0xd0000000
100016d0:	4b2d      	ldr	r3, [pc, #180]	@ (10001788 <runtime_init_default_alarm_pool+0xe8>)
100016d2:	7026      	strb	r6, [r4, #0]
100016d4:	4403      	add	r3, r0
100016d6:	6123      	str	r3, [r4, #16]
100016d8:	f8dc 3000 	ldr.w	r3, [ip]
100016dc:	210f      	movs	r1, #15
100016de:	7063      	strb	r3, [r4, #1]
100016e0:	6963      	ldr	r3, [r4, #20]
100016e2:	8061      	strh	r1, [r4, #2]
100016e4:	831d      	strh	r5, [r3, #24]
100016e6:	f04f 0504 	mov.w	r5, #4
100016ea:	f8a3 5078 	strh.w	r5, [r3, #120]	@ 0x78
100016ee:	f04f 0505 	mov.w	r5, #5
100016f2:	f8a3 5090 	strh.w	r5, [r3, #144]	@ 0x90
100016f6:	f04f 0506 	mov.w	r5, #6
100016fa:	f8a3 50a8 	strh.w	r5, [r3, #168]	@ 0xa8
100016fe:	f04f 0507 	mov.w	r5, #7
10001702:	210e      	movs	r1, #14
10001704:	f64f 72ff 	movw	r2, #65535	@ 0xffff
10001708:	2708      	movs	r7, #8
1000170a:	f04f 0e0a 	mov.w	lr, #10
1000170e:	f8a3 50c0 	strh.w	r5, [r3, #192]	@ 0xc0
10001712:	f04f 0901 	mov.w	r9, #1
10001716:	f04f 0c0c 	mov.w	ip, #12
1000171a:	f04f 0b02 	mov.w	fp, #2
1000171e:	f04f 0a09 	mov.w	sl, #9
10001722:	200d      	movs	r0, #13
10001724:	f04f 050b 	mov.w	r5, #11
10001728:	f8a3 1168 	strh.w	r1, [r3, #360]	@ 0x168
1000172c:	4917      	ldr	r1, [pc, #92]	@ (1000178c <runtime_init_default_alarm_pool+0xec>)
1000172e:	80a2      	strh	r2, [r4, #4]
10001730:	f8a3 e108 	strh.w	lr, [r3, #264]	@ 0x108
10001734:	60a1      	str	r1, [r4, #8]
10001736:	f8a3 b048 	strh.w	fp, [r3, #72]	@ 0x48
1000173a:	f8a3 a0f0 	strh.w	sl, [r3, #240]	@ 0xf0
1000173e:	f8a3 5120 	strh.w	r5, [r3, #288]	@ 0x120
10001742:	f8a3 c138 	strh.w	ip, [r3, #312]	@ 0x138
10001746:	f8a3 0150 	strh.w	r0, [r3, #336]	@ 0x150
1000174a:	f8a3 9030 	strh.w	r9, [r3, #48]	@ 0x30
1000174e:	f8a3 6060 	strh.w	r6, [r3, #96]	@ 0x60
10001752:	f8a3 70d8 	strh.w	r7, [r3, #216]	@ 0xd8
10001756:	801a      	strh	r2, [r3, #0]
10001758:	4b0d      	ldr	r3, [pc, #52]	@ (10001790 <runtime_init_default_alarm_pool+0xf0>)
1000175a:	4630      	mov	r0, r6
1000175c:	f8c8 7020 	str.w	r7, [r8, #32]
10001760:	490c      	ldr	r1, [pc, #48]	@ (10001794 <runtime_init_default_alarm_pool+0xf4>)
10001762:	60dc      	str	r4, [r3, #12]
10001764:	f7ff fc20 	bl	10000fa8 <irq_set_exclusive_handler>
10001768:	4649      	mov	r1, r9
1000176a:	4630      	mov	r0, r6
1000176c:	f7ff fbda 	bl	10000f24 <irq_set_enabled>
10001770:	4b09      	ldr	r3, [pc, #36]	@ (10001798 <runtime_init_default_alarm_pool+0xf8>)
10001772:	210a      	movs	r1, #10
10001774:	641f      	str	r7, [r3, #64]	@ 0x40
10001776:	4803      	ldr	r0, [pc, #12]	@ (10001784 <runtime_init_default_alarm_pool+0xe4>)
10001778:	e8bd 4ff8 	ldmia.w	sp!, {r3, r4, r5, r6, r7, r8, r9, sl, fp, lr}
1000177c:	f7ff bdaa 	b.w	100012d4 <lock_init>
10001780:	20000f44 	.word	0x20000f44
10001784:	20001d40 	.word	0x20001d40
10001788:	2000147c 	.word	0x2000147c
1000178c:	0010ffff 	.word	0x0010ffff
10001790:	20001d18 	.word	0x20001d18
10001794:	100013b1 	.word	0x100013b1
10001798:	400b2000 	.word	0x400b2000
1000179c:	400b0000 	.word	0x400b0000

100017a0 <alarm_pool_get_default>:
100017a0:	4800      	ldr	r0, [pc, #0]	@ (100017a4 <alarm_pool_get_default+0x4>)
100017a2:	4770      	bx	lr
100017a4:	20000f44 	.word	0x20000f44

100017a8 <alarm_pool_add_alarm_at>:
100017a8:	b5f8      	push	{r3, r4, r5, r6, r7, lr}
100017aa:	f89d 7020 	ldrb.w	r7, [sp, #32]
100017ae:	4604      	mov	r4, r0
100017b0:	4616      	mov	r6, r2
100017b2:	461d      	mov	r5, r3
100017b4:	b937      	cbnz	r7, 100017c4 <alarm_pool_add_alarm_at+0x1c>
100017b6:	f000 f9f7 	bl	10001ba8 <time_us_64>
100017ba:	4286      	cmp	r6, r0
100017bc:	eb65 0101 	sbc.w	r1, r5, r1
100017c0:	2900      	cmp	r1, #0
100017c2:	db5c      	blt.n	1000187e <alarm_pool_add_alarm_at+0xd6>
100017c4:	6923      	ldr	r3, [r4, #16]
100017c6:	f3ef 8710 	mrs	r7, PRIMASK
100017ca:	b672      	cpsid	i
100017cc:	e8d3 1fcf 	ldaexb	r1, [r3]
100017d0:	2201      	movs	r2, #1
100017d2:	2900      	cmp	r1, #0
100017d4:	d1fa      	bne.n	100017cc <alarm_pool_add_alarm_at+0x24>
100017d6:	e8c3 2f41 	strexb	r1, r2, [r3]
100017da:	2900      	cmp	r1, #0
100017dc:	d1f6      	bne.n	100017cc <alarm_pool_add_alarm_at+0x24>
100017de:	f3bf 8f5f 	dmb	sy
100017e2:	f9b4 c002 	ldrsh.w	ip, [r4, #2]
100017e6:	6963      	ldr	r3, [r4, #20]
100017e8:	eb0c 014c 	add.w	r1, ip, ip, lsl #1
100017ec:	f1bc 0f00 	cmp.w	ip, #0
100017f0:	ea4f 02c1 	mov.w	r2, r1, lsl #3
100017f4:	eb03 01c1 	add.w	r1, r3, r1, lsl #3
100017f8:	db38      	blt.n	1000186c <alarm_pool_add_alarm_at+0xc4>
100017fa:	5a98      	ldrh	r0, [r3, r2]
100017fc:	f04f 0e00 	mov.w	lr, #0
10001800:	8060      	strh	r0, [r4, #2]
10001802:	6920      	ldr	r0, [r4, #16]
10001804:	e8c0 ef8f 	stlb	lr, [r0]
10001808:	f387 8810 	msr	PRIMASK, r7
1000180c:	9806      	ldr	r0, [sp, #24]
1000180e:	e9c1 6502 	strd	r6, r5, [r1, #8]
10001812:	6108      	str	r0, [r1, #16]
10001814:	9807      	ldr	r0, [sp, #28]
10001816:	6148      	str	r0, [r1, #20]
10001818:	8848      	ldrh	r0, [r1, #2]
1000181a:	3001      	adds	r0, #1
1000181c:	f3c0 000e 	ubfx	r0, r0, #0, #15
10001820:	2801      	cmp	r0, #1
10001822:	bf38      	it	cc
10001824:	2001      	movcc	r0, #1
10001826:	8048      	strh	r0, [r1, #2]
10001828:	ea40 400c 	orr.w	r0, r0, ip, lsl #16
1000182c:	6921      	ldr	r1, [r4, #16]
1000182e:	f3ef 8510 	mrs	r5, PRIMASK
10001832:	b672      	cpsid	i
10001834:	e8d1 7fcf 	ldaexb	r7, [r1]
10001838:	2601      	movs	r6, #1
1000183a:	2f00      	cmp	r7, #0
1000183c:	d1fa      	bne.n	10001834 <alarm_pool_add_alarm_at+0x8c>
1000183e:	e8c1 6f47 	strexb	r7, r6, [r1]
10001842:	2f00      	cmp	r7, #0
10001844:	d1f6      	bne.n	10001834 <alarm_pool_add_alarm_at+0x8c>
10001846:	f3bf 8f5f 	dmb	sy
1000184a:	88a1      	ldrh	r1, [r4, #4]
1000184c:	5299      	strh	r1, [r3, r2]
1000184e:	f8a4 c004 	strh.w	ip, [r4, #4]
10001852:	6923      	ldr	r3, [r4, #16]
10001854:	e8c3 ef8f 	stlb	lr, [r3]
10001858:	f385 8810 	msr	PRIMASK, r5
1000185c:	2201      	movs	r2, #1
1000185e:	68e3      	ldr	r3, [r4, #12]
10001860:	7821      	ldrb	r1, [r4, #0]
10001862:	f503 5301 	add.w	r3, r3, #8256	@ 0x2040
10001866:	408a      	lsls	r2, r1
10001868:	605a      	str	r2, [r3, #4]
1000186a:	bdf8      	pop	{r3, r4, r5, r6, r7, pc}
1000186c:	2300      	movs	r3, #0
1000186e:	6922      	ldr	r2, [r4, #16]
10001870:	e8c2 3f8f 	stlb	r3, [r2]
10001874:	f387 8810 	msr	PRIMASK, r7
10001878:	f04f 30ff 	mov.w	r0, #4294967295	@ 0xffffffff
1000187c:	bdf8      	pop	{r3, r4, r5, r6, r7, pc}
1000187e:	4638      	mov	r0, r7
10001880:	bdf8      	pop	{r3, r4, r5, r6, r7, pc}
10001882:	bf00      	nop

10001884 <alarm_pool_add_alarm_at_force_in_context>:
10001884:	4601      	mov	r1, r0
10001886:	b5f0      	push	{r4, r5, r6, r7, lr}
10001888:	6900      	ldr	r0, [r0, #16]
1000188a:	f3ef 8710 	mrs	r7, PRIMASK
1000188e:	b672      	cpsid	i
10001890:	e8d0 5fcf 	ldaexb	r5, [r0]
10001894:	2401      	movs	r4, #1
10001896:	2d00      	cmp	r5, #0
10001898:	d1fa      	bne.n	10001890 <alarm_pool_add_alarm_at_force_in_context+0xc>
1000189a:	e8c0 4f45 	strexb	r5, r4, [r0]
1000189e:	2d00      	cmp	r5, #0
100018a0:	d1f6      	bne.n	10001890 <alarm_pool_add_alarm_at_force_in_context+0xc>
100018a2:	f3bf 8f5f 	dmb	sy
100018a6:	f9b1 e002 	ldrsh.w	lr, [r1, #2]
100018aa:	694c      	ldr	r4, [r1, #20]
100018ac:	eb0e 0c4e 	add.w	ip, lr, lr, lsl #1
100018b0:	f1be 0f00 	cmp.w	lr, #0
100018b4:	ea4f 05cc 	mov.w	r5, ip, lsl #3
100018b8:	eb04 0ccc 	add.w	ip, r4, ip, lsl #3
100018bc:	db3d      	blt.n	1000193a <alarm_pool_add_alarm_at_force_in_context+0xb6>
100018be:	5b60      	ldrh	r0, [r4, r5]
100018c0:	2600      	movs	r6, #0
100018c2:	8048      	strh	r0, [r1, #2]
100018c4:	6908      	ldr	r0, [r1, #16]
100018c6:	e8c0 6f8f 	stlb	r6, [r0]
100018ca:	f387 8810 	msr	PRIMASK, r7
100018ce:	f8bc 0002 	ldrh.w	r0, [ip, #2]
100018d2:	e9cc 2302 	strd	r2, r3, [ip, #8]
100018d6:	3001      	adds	r0, #1
100018d8:	f3c0 000e 	ubfx	r0, r0, #0, #15
100018dc:	2801      	cmp	r0, #1
100018de:	bf38      	it	cc
100018e0:	2001      	movcc	r0, #1
100018e2:	9b05      	ldr	r3, [sp, #20]
100018e4:	f8ac 0002 	strh.w	r0, [ip, #2]
100018e8:	f8cc 3010 	str.w	r3, [ip, #16]
100018ec:	9b06      	ldr	r3, [sp, #24]
100018ee:	ea40 400e 	orr.w	r0, r0, lr, lsl #16
100018f2:	f8cc 3014 	str.w	r3, [ip, #20]
100018f6:	690b      	ldr	r3, [r1, #16]
100018f8:	f3ef 8210 	mrs	r2, PRIMASK
100018fc:	b672      	cpsid	i
100018fe:	e8d3 cfcf 	ldaexb	ip, [r3]
10001902:	2701      	movs	r7, #1
10001904:	f1bc 0f00 	cmp.w	ip, #0
10001908:	d1f9      	bne.n	100018fe <alarm_pool_add_alarm_at_force_in_context+0x7a>
1000190a:	e8c3 7f4c 	strexb	ip, r7, [r3]
1000190e:	f1bc 0f00 	cmp.w	ip, #0
10001912:	d1f4      	bne.n	100018fe <alarm_pool_add_alarm_at_force_in_context+0x7a>
10001914:	f3bf 8f5f 	dmb	sy
10001918:	888b      	ldrh	r3, [r1, #4]
1000191a:	5363      	strh	r3, [r4, r5]
1000191c:	f8a1 e004 	strh.w	lr, [r1, #4]
10001920:	690b      	ldr	r3, [r1, #16]
10001922:	e8c3 6f8f 	stlb	r6, [r3]
10001926:	f382 8810 	msr	PRIMASK, r2
1000192a:	2201      	movs	r2, #1
1000192c:	68cb      	ldr	r3, [r1, #12]
1000192e:	7809      	ldrb	r1, [r1, #0]
10001930:	f503 5301 	add.w	r3, r3, #8256	@ 0x2040
10001934:	408a      	lsls	r2, r1
10001936:	605a      	str	r2, [r3, #4]
10001938:	bdf0      	pop	{r4, r5, r6, r7, pc}
1000193a:	2300      	movs	r3, #0
1000193c:	690a      	ldr	r2, [r1, #16]
1000193e:	e8c2 3f8f 	stlb	r3, [r2]
10001942:	f387 8810 	msr	PRIMASK, r7
10001946:	f04f 30ff 	mov.w	r0, #4294967295	@ 0xffffffff
1000194a:	bdf0      	pop	{r4, r5, r6, r7, pc}

1000194c <alarm_pool_cancel_alarm>:
1000194c:	4603      	mov	r3, r0
1000194e:	8940      	ldrh	r0, [r0, #10]
10001950:	ebb0 4f21 	cmp.w	r0, r1, asr #16
10001954:	dd37      	ble.n	100019c6 <alarm_pool_cancel_alarm+0x7a>
10001956:	6958      	ldr	r0, [r3, #20]
10001958:	140a      	asrs	r2, r1, #16
1000195a:	eb02 0242 	add.w	r2, r2, r2, lsl #1
1000195e:	b510      	push	{r4, lr}
10001960:	eb00 00c2 	add.w	r0, r0, r2, lsl #3
10001964:	691c      	ldr	r4, [r3, #16]
10001966:	f3ef 8c10 	mrs	ip, PRIMASK
1000196a:	b672      	cpsid	i
1000196c:	e8d4 efcf 	ldaexb	lr, [r4]
10001970:	2201      	movs	r2, #1
10001972:	f1be 0f00 	cmp.w	lr, #0
10001976:	d1f9      	bne.n	1000196c <alarm_pool_cancel_alarm+0x20>
10001978:	e8c4 2f4e 	strexb	lr, r2, [r4]
1000197c:	f1be 0f00 	cmp.w	lr, #0
10001980:	d1f4      	bne.n	1000196c <alarm_pool_cancel_alarm+0x20>
10001982:	f3bf 8f5f 	dmb	sy
10001986:	8842      	ldrh	r2, [r0, #2]
10001988:	b289      	uxth	r1, r1
1000198a:	b292      	uxth	r2, r2
1000198c:	428a      	cmp	r2, r1
1000198e:	d007      	beq.n	100019a0 <alarm_pool_cancel_alarm+0x54>
10001990:	2200      	movs	r2, #0
10001992:	691b      	ldr	r3, [r3, #16]
10001994:	e8c3 2f8f 	stlb	r2, [r3]
10001998:	f38c 8810 	msr	PRIMASK, ip
1000199c:	2000      	movs	r0, #0
1000199e:	bd10      	pop	{r4, pc}
100019a0:	f442 4200 	orr.w	r2, r2, #32768	@ 0x8000
100019a4:	8042      	strh	r2, [r0, #2]
100019a6:	2101      	movs	r1, #1
100019a8:	2200      	movs	r2, #0
100019aa:	6918      	ldr	r0, [r3, #16]
100019ac:	7199      	strb	r1, [r3, #6]
100019ae:	e8c0 2f8f 	stlb	r2, [r0]
100019b2:	f38c 8810 	msr	PRIMASK, ip
100019b6:	781c      	ldrb	r4, [r3, #0]
100019b8:	68da      	ldr	r2, [r3, #12]
100019ba:	4608      	mov	r0, r1
100019bc:	f502 5301 	add.w	r3, r2, #8256	@ 0x2040
100019c0:	40a1      	lsls	r1, r4
100019c2:	6059      	str	r1, [r3, #4]
100019c4:	bd10      	pop	{r4, pc}
100019c6:	2000      	movs	r0, #0
100019c8:	4770      	bx	lr
100019ca:	bf00      	nop

100019cc <alarm_pool_core_num>:
100019cc:	7840      	ldrb	r0, [r0, #1]
100019ce:	4770      	bx	lr

100019d0 <sleep_until>:
100019d0:	e92d 41f0 	stmdb	sp!, {r4, r5, r6, r7, r8, lr}
100019d4:	1f86      	subs	r6, r0, #6
100019d6:	f141 35ff 	adc.w	r5, r1, #4294967295	@ 0xffffffff
100019da:	42b0      	cmp	r0, r6
100019dc:	eb71 0305 	sbcs.w	r3, r1, r5
100019e0:	bf38      	it	cc
100019e2:	2600      	movcc	r6, #0
100019e4:	b082      	sub	sp, #8
100019e6:	bf38      	it	cc
100019e8:	4635      	movcc	r5, r6
100019ea:	4604      	mov	r4, r0
100019ec:	460f      	mov	r7, r1
100019ee:	f000 f8db 	bl	10001ba8 <time_us_64>
100019f2:	1a30      	subs	r0, r6, r0
100019f4:	eb65 0301 	sbc.w	r3, r5, r1
100019f8:	2801      	cmp	r0, #1
100019fa:	f173 0300 	sbcs.w	r3, r3, #0
100019fe:	da06      	bge.n	10001a0e <sleep_until+0x3e>
10001a00:	4620      	mov	r0, r4
10001a02:	4639      	mov	r1, r7
10001a04:	b002      	add	sp, #8
10001a06:	e8bd 41f0 	ldmia.w	sp!, {r4, r5, r6, r7, r8, lr}
10001a0a:	f000 b8d7 	b.w	10001bbc <busy_wait_until>
10001a0e:	f000 f8cb 	bl	10001ba8 <time_us_64>
10001a12:	4286      	cmp	r6, r0
10001a14:	eb65 0101 	sbc.w	r1, r5, r1
10001a18:	2900      	cmp	r1, #0
10001a1a:	db0a      	blt.n	10001a32 <sleep_until+0x62>
10001a1c:	2100      	movs	r1, #0
10001a1e:	4b17      	ldr	r3, [pc, #92]	@ (10001a7c <sleep_until+0xac>)
10001a20:	4632      	mov	r2, r6
10001a22:	9300      	str	r3, [sp, #0]
10001a24:	4816      	ldr	r0, [pc, #88]	@ (10001a80 <sleep_until+0xb0>)
10001a26:	462b      	mov	r3, r5
10001a28:	9101      	str	r1, [sp, #4]
10001a2a:	f7ff ff2b 	bl	10001884 <alarm_pool_add_alarm_at_force_in_context>
10001a2e:	2800      	cmp	r0, #0
10001a30:	dbe6      	blt.n	10001a00 <sleep_until+0x30>
10001a32:	f04f 0c00 	mov.w	ip, #0
10001a36:	4813      	ldr	r0, [pc, #76]	@ (10001a84 <sleep_until+0xb4>)
10001a38:	4a13      	ldr	r2, [pc, #76]	@ (10001a88 <sleep_until+0xb8>)
10001a3a:	6a43      	ldr	r3, [r0, #36]	@ 0x24
10001a3c:	429d      	cmp	r5, r3
10001a3e:	d804      	bhi.n	10001a4a <sleep_until+0x7a>
10001a40:	6a81      	ldr	r1, [r0, #40]	@ 0x28
10001a42:	42b1      	cmp	r1, r6
10001a44:	d2dc      	bcs.n	10001a00 <sleep_until+0x30>
10001a46:	429d      	cmp	r5, r3
10001a48:	d1da      	bne.n	10001a00 <sleep_until+0x30>
10001a4a:	6813      	ldr	r3, [r2, #0]
10001a4c:	f3ef 8110 	mrs	r1, PRIMASK
10001a50:	b672      	cpsid	i
10001a52:	e8d3 8fcf 	ldaexb	r8, [r3]
10001a56:	f05f 0e01 	movs.w	lr, #1
10001a5a:	f1b8 0f00 	cmp.w	r8, #0
10001a5e:	d1f8      	bne.n	10001a52 <sleep_until+0x82>
10001a60:	e8c3 ef48 	strexb	r8, lr, [r3]
10001a64:	f1b8 0f00 	cmp.w	r8, #0
10001a68:	d1f3      	bne.n	10001a52 <sleep_until+0x82>
10001a6a:	f3bf 8f5f 	dmb	sy
10001a6e:	6813      	ldr	r3, [r2, #0]
10001a70:	e8c3 cf8f 	stlb	ip, [r3]
10001a74:	f381 8810 	msr	PRIMASK, r1
10001a78:	bf20      	wfe
10001a7a:	e7de      	b.n	10001a3a <sleep_until+0x6a>
10001a7c:	10001375 	.word	0x10001375
10001a80:	20000f44 	.word	0x20000f44
10001a84:	400b0000 	.word	0x400b0000
10001a88:	20001d40 	.word	0x20001d40

10001a8c <sleep_ms>:
10001a8c:	b510      	push	{r4, lr}
10001a8e:	4604      	mov	r4, r0
10001a90:	f000 f88a 	bl	10001ba8 <time_us_64>
10001a94:	f44f 737a 	mov.w	r3, #1000	@ 0x3e8
10001a98:	f04f 3cff 	mov.w	ip, #4294967295	@ 0xffffffff
10001a9c:	f06f 4200 	mvn.w	r2, #2147483648	@ 0x80000000
10001aa0:	fbe4 0103 	umlal	r0, r1, r4, r3
10001aa4:	e8bd 4010 	ldmia.w	sp!, {r4, lr}
10001aa8:	4584      	cmp	ip, r0
10001aaa:	eb72 0301 	sbcs.w	r3, r2, r1
10001aae:	bf3c      	itt	cc
10001ab0:	4660      	movcc	r0, ip
10001ab2:	4611      	movcc	r1, r2
10001ab4:	f7ff bf8c 	b.w	100019d0 <sleep_until>

10001ab8 <best_effort_wfe_or_timeout>:
10001ab8:	e92d 43f0 	stmdb	sp!, {r4, r5, r6, r7, r8, r9, lr}
10001abc:	4606      	mov	r6, r0
10001abe:	460d      	mov	r5, r1
10001ac0:	b083      	sub	sp, #12
10001ac2:	f3ef 8405 	mrs	r4, IPSR
10001ac6:	b2e4      	uxtb	r4, r4
10001ac8:	b13c      	cbz	r4, 10001ada <best_effort_wfe_or_timeout+0x22>
10001aca:	4b27      	ldr	r3, [pc, #156]	@ (10001b68 <best_effort_wfe_or_timeout+0xb0>)
10001acc:	6a58      	ldr	r0, [r3, #36]	@ 0x24
10001ace:	42a8      	cmp	r0, r5
10001ad0:	d21c      	bcs.n	10001b0c <best_effort_wfe_or_timeout+0x54>
10001ad2:	2000      	movs	r0, #0
10001ad4:	b003      	add	sp, #12
10001ad6:	e8bd 83f0 	ldmia.w	sp!, {r4, r5, r6, r7, r8, r9, pc}
10001ada:	4f24      	ldr	r7, [pc, #144]	@ (10001b6c <best_effort_wfe_or_timeout+0xb4>)
10001adc:	f8d7 900c 	ldr.w	r9, [r7, #12]
10001ae0:	f897 8000 	ldrb.w	r8, [r7]
10001ae4:	4648      	mov	r0, r9
10001ae6:	f000 f857 	bl	10001b98 <timer_time_us_64>
10001aea:	f108 0804 	add.w	r8, r8, #4
10001aee:	f859 3028 	ldr.w	r3, [r9, r8, lsl #2]
10001af2:	1a1b      	subs	r3, r3, r0
10001af4:	1a30      	subs	r0, r6, r0
10001af6:	eb65 0101 	sbc.w	r1, r5, r1
10001afa:	4298      	cmp	r0, r3
10001afc:	f171 0100 	sbcs.w	r1, r1, #0
10001b00:	db11      	blt.n	10001b26 <best_effort_wfe_or_timeout+0x6e>
10001b02:	bf20      	wfe
10001b04:	4b18      	ldr	r3, [pc, #96]	@ (10001b68 <best_effort_wfe_or_timeout+0xb0>)
10001b06:	6a58      	ldr	r0, [r3, #36]	@ 0x24
10001b08:	42a8      	cmp	r0, r5
10001b0a:	d3e2      	bcc.n	10001ad2 <best_effort_wfe_or_timeout+0x1a>
10001b0c:	6a9b      	ldr	r3, [r3, #40]	@ 0x28
10001b0e:	42b3      	cmp	r3, r6
10001b10:	d303      	bcc.n	10001b1a <best_effort_wfe_or_timeout+0x62>
10001b12:	2001      	movs	r0, #1
10001b14:	b003      	add	sp, #12
10001b16:	e8bd 83f0 	ldmia.w	sp!, {r4, r5, r6, r7, r8, r9, pc}
10001b1a:	1b40      	subs	r0, r0, r5
10001b1c:	bf18      	it	ne
10001b1e:	2001      	movne	r0, #1
10001b20:	b003      	add	sp, #12
10001b22:	e8bd 83f0 	ldmia.w	sp!, {r4, r5, r6, r7, r8, r9, pc}
10001b26:	f000 f83f 	bl	10001ba8 <time_us_64>
10001b2a:	4286      	cmp	r6, r0
10001b2c:	eb65 0101 	sbc.w	r1, r5, r1
10001b30:	2900      	cmp	r1, #0
10001b32:	dbca      	blt.n	10001aca <best_effort_wfe_or_timeout+0x12>
10001b34:	4b0e      	ldr	r3, [pc, #56]	@ (10001b70 <best_effort_wfe_or_timeout+0xb8>)
10001b36:	4638      	mov	r0, r7
10001b38:	e9cd 3400 	strd	r3, r4, [sp]
10001b3c:	4632      	mov	r2, r6
10001b3e:	462b      	mov	r3, r5
10001b40:	f7ff fea0 	bl	10001884 <alarm_pool_add_alarm_at_force_in_context>
10001b44:	1e01      	subs	r1, r0, #0
10001b46:	ddc0      	ble.n	10001aca <best_effort_wfe_or_timeout+0x12>
10001b48:	4b07      	ldr	r3, [pc, #28]	@ (10001b68 <best_effort_wfe_or_timeout+0xb0>)
10001b4a:	6a5a      	ldr	r2, [r3, #36]	@ 0x24
10001b4c:	42aa      	cmp	r2, r5
10001b4e:	d308      	bcc.n	10001b62 <best_effort_wfe_or_timeout+0xaa>
10001b50:	6a9b      	ldr	r3, [r3, #40]	@ 0x28
10001b52:	42b3      	cmp	r3, r6
10001b54:	d303      	bcc.n	10001b5e <best_effort_wfe_or_timeout+0xa6>
10001b56:	4805      	ldr	r0, [pc, #20]	@ (10001b6c <best_effort_wfe_or_timeout+0xb4>)
10001b58:	f7ff fef8 	bl	1000194c <alarm_pool_cancel_alarm>
10001b5c:	e7b5      	b.n	10001aca <best_effort_wfe_or_timeout+0x12>
10001b5e:	42aa      	cmp	r2, r5
10001b60:	d1f9      	bne.n	10001b56 <best_effort_wfe_or_timeout+0x9e>
10001b62:	bf20      	wfe
10001b64:	e7f7      	b.n	10001b56 <best_effort_wfe_or_timeout+0x9e>
10001b66:	bf00      	nop
10001b68:	400b0000 	.word	0x400b0000
10001b6c:	20000f44 	.word	0x20000f44
10001b70:	10001375 	.word	0x10001375

10001b74 <timer_hardware_alarm_claim>:
10001b74:	b410      	push	{r4}
10001b76:	4b05      	ldr	r3, [pc, #20]	@ (10001b8c <timer_hardware_alarm_claim+0x18>)
10001b78:	4c05      	ldr	r4, [pc, #20]	@ (10001b90 <timer_hardware_alarm_claim+0x1c>)
10001b7a:	4a06      	ldr	r2, [pc, #24]	@ (10001b94 <timer_hardware_alarm_claim+0x20>)
10001b7c:	42a0      	cmp	r0, r4
10001b7e:	bf14      	ite	ne
10001b80:	4618      	movne	r0, r3
10001b82:	1c58      	addeq	r0, r3, #1
10001b84:	f85d 4b04 	ldr.w	r4, [sp], #4
10001b88:	f7ff b902 	b.w	10000d90 <hw_claim_or_assert>
10001b8c:	2000189c 	.word	0x2000189c
10001b90:	400b8000 	.word	0x400b8000
10001b94:	10004f8c 	.word	0x10004f8c

10001b98 <timer_time_us_64>:
10001b98:	4603      	mov	r3, r0
10001b9a:	6a41      	ldr	r1, [r0, #36]	@ 0x24
10001b9c:	460a      	mov	r2, r1
10001b9e:	6a98      	ldr	r0, [r3, #40]	@ 0x28
10001ba0:	6a59      	ldr	r1, [r3, #36]	@ 0x24
10001ba2:	428a      	cmp	r2, r1
10001ba4:	d1fa      	bne.n	10001b9c <timer_time_us_64+0x4>
10001ba6:	4770      	bx	lr

10001ba8 <time_us_64>:
10001ba8:	4b03      	ldr	r3, [pc, #12]	@ (10001bb8 <time_us_64+0x10>)
10001baa:	6a59      	ldr	r1, [r3, #36]	@ 0x24
10001bac:	460a      	mov	r2, r1
10001bae:	6a98      	ldr	r0, [r3, #40]	@ 0x28
10001bb0:	6a59      	ldr	r1, [r3, #36]	@ 0x24
10001bb2:	4291      	cmp	r1, r2
10001bb4:	d1fa      	bne.n	10001bac <time_us_64+0x4>
10001bb6:	4770      	bx	lr
10001bb8:	400b0000 	.word	0x400b0000

10001bbc <busy_wait_until>:
10001bbc:	4a07      	ldr	r2, [pc, #28]	@ (10001bdc <busy_wait_until+0x20>)
10001bbe:	6a53      	ldr	r3, [r2, #36]	@ 0x24
10001bc0:	4299      	cmp	r1, r3
10001bc2:	d8fc      	bhi.n	10001bbe <busy_wait_until+0x2>
10001bc4:	4299      	cmp	r1, r3
10001bc6:	d107      	bne.n	10001bd8 <busy_wait_until+0x1c>
10001bc8:	4b04      	ldr	r3, [pc, #16]	@ (10001bdc <busy_wait_until+0x20>)
10001bca:	e002      	b.n	10001bd2 <busy_wait_until+0x16>
10001bcc:	6a5a      	ldr	r2, [r3, #36]	@ 0x24
10001bce:	4291      	cmp	r1, r2
10001bd0:	d102      	bne.n	10001bd8 <busy_wait_until+0x1c>
10001bd2:	6a9a      	ldr	r2, [r3, #40]	@ 0x28
10001bd4:	4282      	cmp	r2, r0
10001bd6:	d3f9      	bcc.n	10001bcc <busy_wait_until+0x10>
10001bd8:	4770      	bx	lr
10001bda:	bf00      	nop
10001bdc:	400b0000 	.word	0x400b0000

10001be0 <clock_configure_undivided>:
10001be0:	eb00 0c40 	add.w	ip, r0, r0, lsl #1
10001be4:	ea4f 0c8c 	mov.w	ip, ip, lsl #2
10001be8:	f10c 4c80 	add.w	ip, ip, #1073741824	@ 0x40000000
10001bec:	f50c 3c80 	add.w	ip, ip, #65536	@ 0x10000
10001bf0:	b5f0      	push	{r4, r5, r6, r7, lr}
10001bf2:	4616      	mov	r6, r2
10001bf4:	f8dc 2004 	ldr.w	r2, [ip, #4]
10001bf8:	1f05      	subs	r5, r0, #4
10001bfa:	f5b2 3f80 	cmp.w	r2, #65536	@ 0x10000
10001bfe:	bf38      	it	cc
10001c00:	f44f 3280 	movcc.w	r2, #65536	@ 0x10000
10001c04:	b2ed      	uxtb	r5, r5
10001c06:	bf38      	it	cc
10001c08:	f8cc 2004 	strcc.w	r2, [ip, #4]
10001c0c:	2d01      	cmp	r5, #1
10001c0e:	d92a      	bls.n	10001c66 <clock_configure_undivided+0x86>
10001c10:	f44f 6700 	mov.w	r7, #2048	@ 0x800
10001c14:	4c25      	ldr	r4, [pc, #148]	@ (10001cac <clock_configure_undivided+0xcc>)
10001c16:	f50c 5240 	add.w	r2, ip, #12288	@ 0x3000
10001c1a:	6017      	str	r7, [r2, #0]
10001c1c:	f854 2020 	ldr.w	r2, [r4, r0, lsl #2]
10001c20:	b9b2      	cbnz	r2, 10001c50 <clock_configure_undivided+0x70>
10001c22:	f8dc 2000 	ldr.w	r2, [ip]
10001c26:	2d01      	cmp	r5, #1
10001c28:	ea82 1246 	eor.w	r2, r2, r6, lsl #5
10001c2c:	f002 02e0 	and.w	r2, r2, #224	@ 0xe0
10001c30:	f50c 5680 	add.w	r6, ip, #4096	@ 0x1000
10001c34:	6032      	str	r2, [r6, #0]
10001c36:	d92a      	bls.n	10001c8e <clock_configure_undivided+0xae>
10001c38:	f44f 6100 	mov.w	r1, #2048	@ 0x800
10001c3c:	f844 3020 	str.w	r3, [r4, r0, lsl #2]
10001c40:	f44f 3380 	mov.w	r3, #65536	@ 0x10000
10001c44:	f50c 5200 	add.w	r2, ip, #8192	@ 0x2000
10001c48:	6011      	str	r1, [r2, #0]
10001c4a:	f8cc 3004 	str.w	r3, [ip, #4]
10001c4e:	bdf0      	pop	{r4, r5, r6, r7, pc}
10001c50:	6967      	ldr	r7, [r4, #20]
10001c52:	fbb7 fef2 	udiv	lr, r7, r2
10001c56:	f10e 0e01 	add.w	lr, lr, #1
10001c5a:	eb0e 0e4e 	add.w	lr, lr, lr, lsl #1
10001c5e:	f1be 0e03 	subs.w	lr, lr, #3
10001c62:	d2fc      	bcs.n	10001c5e <clock_configure_undivided+0x7e>
10001c64:	e7dd      	b.n	10001c22 <clock_configure_undivided+0x42>
10001c66:	2901      	cmp	r1, #1
10001c68:	d1d2      	bne.n	10001c10 <clock_configure_undivided+0x30>
10001c6a:	2403      	movs	r4, #3
10001c6c:	f50c 5240 	add.w	r2, ip, #12288	@ 0x3000
10001c70:	6014      	str	r4, [r2, #0]
10001c72:	f8dc 2008 	ldr.w	r2, [ip, #8]
10001c76:	07d2      	lsls	r2, r2, #31
10001c78:	d5fb      	bpl.n	10001c72 <clock_configure_undivided+0x92>
10001c7a:	f8dc 2000 	ldr.w	r2, [ip]
10001c7e:	4c0b      	ldr	r4, [pc, #44]	@ (10001cac <clock_configure_undivided+0xcc>)
10001c80:	ea82 1246 	eor.w	r2, r2, r6, lsl #5
10001c84:	f002 02e0 	and.w	r2, r2, #224	@ 0xe0
10001c88:	f50c 5680 	add.w	r6, ip, #4096	@ 0x1000
10001c8c:	6032      	str	r2, [r6, #0]
10001c8e:	2201      	movs	r2, #1
10001c90:	f8dc 5000 	ldr.w	r5, [ip]
10001c94:	404d      	eors	r5, r1
10001c96:	f005 0503 	and.w	r5, r5, #3
10001c9a:	6035      	str	r5, [r6, #0]
10001c9c:	fa02 f101 	lsl.w	r1, r2, r1
10001ca0:	f8dc 2008 	ldr.w	r2, [ip, #8]
10001ca4:	420a      	tst	r2, r1
10001ca6:	d0fb      	beq.n	10001ca0 <clock_configure_undivided+0xc0>
10001ca8:	e7c6      	b.n	10001c38 <clock_configure_undivided+0x58>
10001caa:	bf00      	nop
10001cac:	200018a0 	.word	0x200018a0

10001cb0 <clock_get_hz>:
10001cb0:	4b01      	ldr	r3, [pc, #4]	@ (10001cb8 <clock_get_hz+0x8>)
10001cb2:	f853 0020 	ldr.w	r0, [r3, r0, lsl #2]
10001cb6:	4770      	bx	lr
10001cb8:	200018a0 	.word	0x200018a0

10001cbc <pll_init>:
10001cbc:	b470      	push	{r4, r5, r6}
10001cbe:	9d03      	ldr	r5, [sp, #12]
10001cc0:	6804      	ldr	r4, [r0, #0]
10001cc2:	032d      	lsls	r5, r5, #12
10001cc4:	ea45 4503 	orr.w	r5, r5, r3, lsl #16
10001cc8:	4b1b      	ldr	r3, [pc, #108]	@ (10001d38 <pll_init+0x7c>)
10001cca:	2c00      	cmp	r4, #0
10001ccc:	fbb3 f3f1 	udiv	r3, r3, r1
10001cd0:	fbb2 f6f3 	udiv	r6, r2, r3
10001cd4:	db1f      	blt.n	10001d16 <pll_init+0x5a>
10001cd6:	4a19      	ldr	r2, [pc, #100]	@ (10001d3c <pll_init+0x80>)
10001cd8:	4b19      	ldr	r3, [pc, #100]	@ (10001d40 <pll_init+0x84>)
10001cda:	4290      	cmp	r0, r2
10001cdc:	bf14      	ite	ne
10001cde:	f44f 4280 	movne.w	r2, #16384	@ 0x4000
10001ce2:	f44f 4200 	moveq.w	r2, #32768	@ 0x8000
10001ce6:	4c17      	ldr	r4, [pc, #92]	@ (10001d44 <pll_init+0x88>)
10001ce8:	601a      	str	r2, [r3, #0]
10001cea:	f503 5380 	add.w	r3, r3, #4096	@ 0x1000
10001cee:	601a      	str	r2, [r3, #0]
10001cf0:	68a3      	ldr	r3, [r4, #8]
10001cf2:	ea32 0303 	bics.w	r3, r2, r3
10001cf6:	d1fb      	bne.n	10001cf0 <pll_init+0x34>
10001cf8:	2221      	movs	r2, #33	@ 0x21
10001cfa:	f500 5340 	add.w	r3, r0, #12288	@ 0x3000
10001cfe:	3304      	adds	r3, #4
10001d00:	6001      	str	r1, [r0, #0]
10001d02:	6086      	str	r6, [r0, #8]
10001d04:	601a      	str	r2, [r3, #0]
10001d06:	6802      	ldr	r2, [r0, #0]
10001d08:	2a00      	cmp	r2, #0
10001d0a:	dafc      	bge.n	10001d06 <pll_init+0x4a>
10001d0c:	2208      	movs	r2, #8
10001d0e:	60c5      	str	r5, [r0, #12]
10001d10:	601a      	str	r2, [r3, #0]
10001d12:	bc70      	pop	{r4, r5, r6}
10001d14:	4770      	bx	lr
10001d16:	6803      	ldr	r3, [r0, #0]
10001d18:	f003 033f 	and.w	r3, r3, #63	@ 0x3f
10001d1c:	428b      	cmp	r3, r1
10001d1e:	d1da      	bne.n	10001cd6 <pll_init+0x1a>
10001d20:	6883      	ldr	r3, [r0, #8]
10001d22:	f3c3 030b 	ubfx	r3, r3, #0, #12
10001d26:	42b3      	cmp	r3, r6
10001d28:	d1d5      	bne.n	10001cd6 <pll_init+0x1a>
10001d2a:	68c3      	ldr	r3, [r0, #12]
10001d2c:	f403 23ee 	and.w	r3, r3, #487424	@ 0x77000
10001d30:	42ab      	cmp	r3, r5
10001d32:	d1d0      	bne.n	10001cd6 <pll_init+0x1a>
10001d34:	e7ed      	b.n	10001d12 <pll_init+0x56>
10001d36:	bf00      	nop
10001d38:	00b71b00 	.word	0x00b71b00
10001d3c:	40058000 	.word	0x40058000
10001d40:	40022000 	.word	0x40022000
10001d44:	40020000 	.word	0x40020000

10001d48 <watchdog_reboot>:
10001d48:	b430      	push	{r4, r5}
10001d4a:	f04f 4480 	mov.w	r4, #1073741824	@ 0x40000000
10001d4e:	4b1c      	ldr	r3, [pc, #112]	@ (10001dc0 <watchdog_reboot+0x78>)
10001d50:	601c      	str	r4, [r3, #0]
10001d52:	b1e0      	cbz	r0, 10001d8e <watchdog_reboot+0x46>
10001d54:	4c1b      	ldr	r4, [pc, #108]	@ (10001dc4 <watchdog_reboot+0x7c>)
10001d56:	f5a3 5340 	sub.w	r3, r3, #12288	@ 0x3000
10001d5a:	61dc      	str	r4, [r3, #28]
10001d5c:	4c1a      	ldr	r4, [pc, #104]	@ (10001dc8 <watchdog_reboot+0x80>)
10001d5e:	f040 0001 	orr.w	r0, r0, #1
10001d62:	4044      	eors	r4, r0
10001d64:	621c      	str	r4, [r3, #32]
10001d66:	6259      	str	r1, [r3, #36]	@ 0x24
10001d68:	6298      	str	r0, [r3, #40]	@ 0x28
10001d6a:	f04f 4580 	mov.w	r5, #1073741824	@ 0x40000000
10001d6e:	f04f 61e0 	mov.w	r1, #117440512	@ 0x7000000
10001d72:	4b13      	ldr	r3, [pc, #76]	@ (10001dc0 <watchdog_reboot+0x78>)
10001d74:	4815      	ldr	r0, [pc, #84]	@ (10001dcc <watchdog_reboot+0x84>)
10001d76:	4c16      	ldr	r4, [pc, #88]	@ (10001dd0 <watchdog_reboot+0x88>)
10001d78:	601d      	str	r5, [r3, #0]
10001d7a:	6084      	str	r4, [r0, #8]
10001d7c:	6019      	str	r1, [r3, #0]
10001d7e:	b94a      	cbnz	r2, 10001d94 <watchdog_reboot+0x4c>
10001d80:	bc30      	pop	{r4, r5}
10001d82:	f04f 4200 	mov.w	r2, #2147483648	@ 0x80000000
10001d86:	f5a3 5380 	sub.w	r3, r3, #4096	@ 0x1000
10001d8a:	601a      	str	r2, [r3, #0]
10001d8c:	4770      	bx	lr
10001d8e:	4b11      	ldr	r3, [pc, #68]	@ (10001dd4 <watchdog_reboot+0x8c>)
10001d90:	61d8      	str	r0, [r3, #28]
10001d92:	e7ea      	b.n	10001d6a <watchdog_reboot+0x22>
10001d94:	f44f 737a 	mov.w	r3, #1000	@ 0x3e8
10001d98:	fb03 f202 	mul.w	r2, r3, r2
10001d9c:	f1b2 7f80 	cmp.w	r2, #16777216	@ 0x1000000
10001da0:	bf2a      	itet	cs
10001da2:	f06f 437f 	mvncs.w	r3, #4278190080	@ 0xff000000
10001da6:	4613      	movcc	r3, r2
10001da8:	461a      	movcs	r2, r3
10001daa:	f04f 4180 	mov.w	r1, #1073741824	@ 0x40000000
10001dae:	4c0a      	ldr	r4, [pc, #40]	@ (10001dd8 <watchdog_reboot+0x90>)
10001db0:	4808      	ldr	r0, [pc, #32]	@ (10001dd4 <watchdog_reboot+0x8c>)
10001db2:	6023      	str	r3, [r4, #0]
10001db4:	4b09      	ldr	r3, [pc, #36]	@ (10001ddc <watchdog_reboot+0x94>)
10001db6:	6042      	str	r2, [r0, #4]
10001db8:	bc30      	pop	{r4, r5}
10001dba:	6019      	str	r1, [r3, #0]
10001dbc:	4770      	bx	lr
10001dbe:	bf00      	nop
10001dc0:	400db000 	.word	0x400db000
10001dc4:	b007c0d3 	.word	0xb007c0d3
10001dc8:	4ff83f2d 	.word	0x4ff83f2d
10001dcc:	4001a000 	.word	0x4001a000
10001dd0:	01fffff3 	.word	0x01fffff3
10001dd4:	400d8000 	.word	0x400d8000
10001dd8:	20001d08 	.word	0x20001d08
10001ddc:	400da000 	.word	0x400da000

10001de0 <tick_start>:
10001de0:	2301      	movs	r3, #1
10001de2:	eb00 0040 	add.w	r0, r0, r0, lsl #1
10001de6:	0080      	lsls	r0, r0, #2
10001de8:	f100 4080 	add.w	r0, r0, #1073741824	@ 0x40000000
10001dec:	f500 1084 	add.w	r0, r0, #1081344	@ 0x108000
10001df0:	6041      	str	r1, [r0, #4]
10001df2:	6003      	str	r3, [r0, #0]
10001df4:	4770      	bx	lr
10001df6:	bf00      	nop

10001df8 <rom_reboot.constprop.0.isra.0>:
10001df8:	2300      	movs	r3, #0
10001dfa:	b570      	push	{r4, r5, r6, lr}
10001dfc:	8adb      	ldrh	r3, [r3, #22]
10001dfe:	4604      	mov	r4, r0
10001e00:	460d      	mov	r5, r1
10001e02:	2200      	movs	r2, #0
10001e04:	e842 f200 	tt	r2, r2
10001e08:	0252      	lsls	r2, r2, #9
10001e0a:	bf54      	ite	pl
10001e0c:	2110      	movpl	r1, #16
10001e0e:	2104      	movmi	r1, #4
10001e10:	f244 2052 	movw	r0, #16978	@ 0x4252
10001e14:	4798      	blx	r3
10001e16:	4686      	mov	lr, r0
10001e18:	462b      	mov	r3, r5
10001e1a:	4622      	mov	r2, r4
10001e1c:	46f4      	mov	ip, lr
10001e1e:	e8bd 4070 	ldmia.w	sp!, {r4, r5, r6, lr}
10001e22:	210a      	movs	r1, #10
10001e24:	f44f 7081 	mov.w	r0, #258	@ 0x102
10001e28:	4760      	bx	ip
10001e2a:	bf00      	nop

10001e2c <rom_func_lookup>:
10001e2c:	2300      	movs	r3, #0
10001e2e:	8adb      	ldrh	r3, [r3, #22]
10001e30:	2200      	movs	r2, #0
10001e32:	e842 f200 	tt	r2, r2
10001e36:	0252      	lsls	r2, r2, #9
10001e38:	d401      	bmi.n	10001e3e <rom_func_lookup+0x12>
10001e3a:	2110      	movs	r1, #16
10001e3c:	4718      	bx	r3
10001e3e:	2104      	movs	r1, #4
10001e40:	4718      	bx	r3
10001e42:	bf00      	nop

10001e44 <rom_reset_usb_boot_extra>:
10001e44:	b508      	push	{r3, lr}
10001e46:	4603      	mov	r3, r0
10001e48:	4608      	mov	r0, r1
10001e4a:	1e19      	subs	r1, r3, #0
10001e4c:	db02      	blt.n	10001e54 <rom_reset_usb_boot_extra+0x10>
10001e4e:	b11a      	cbz	r2, 10001e58 <rom_reset_usb_boot_extra+0x14>
10001e50:	f040 0030 	orr.w	r0, r0, #48	@ 0x30
10001e54:	f7ff ffd0 	bl	10001df8 <rom_reboot.constprop.0.isra.0>
10001e58:	f040 0020 	orr.w	r0, r0, #32
10001e5c:	e7fa      	b.n	10001e54 <rom_reset_usb_boot_extra+0x10>
10001e5e:	bf00      	nop

10001e60 <runtime_init_bootrom_locking_enable>:
10001e60:	4a03      	ldr	r2, [pc, #12]	@ (10001e70 <runtime_init_bootrom_locking_enable+0x10>)
10001e62:	f8d2 3828 	ldr.w	r3, [r2, #2088]	@ 0x828
10001e66:	2b00      	cmp	r3, #0
10001e68:	d0fb      	beq.n	10001e62 <runtime_init_bootrom_locking_enable+0x2>
10001e6a:	f3bf 8f5f 	dmb	sy
10001e6e:	4770      	bx	lr
10001e70:	400e0000 	.word	0x400e0000

10001e74 <runtime_init_boot_locks_reset>:
10001e74:	2100      	movs	r1, #0
10001e76:	4b04      	ldr	r3, [pc, #16]	@ (10001e88 <runtime_init_boot_locks_reset+0x14>)
10001e78:	4a04      	ldr	r2, [pc, #16]	@ (10001e8c <runtime_init_boot_locks_reset+0x18>)
10001e7a:	f3bf 8f5f 	dmb	sy
10001e7e:	f843 1b04 	str.w	r1, [r3], #4
10001e82:	4293      	cmp	r3, r2
10001e84:	d1f9      	bne.n	10001e7a <runtime_init_boot_locks_reset+0x6>
10001e86:	4770      	bx	lr
10001e88:	400e080c 	.word	0x400e080c
10001e8c:	400e082c 	.word	0x400e082c

10001e90 <xosc_init>:
10001e90:	b410      	push	{r4}
10001e92:	f44f 708d 	mov.w	r0, #282	@ 0x11a
10001e96:	f44f 642a 	mov.w	r4, #2720	@ 0xaa0
10001e9a:	4a06      	ldr	r2, [pc, #24]	@ (10001eb4 <xosc_init+0x24>)
10001e9c:	4b06      	ldr	r3, [pc, #24]	@ (10001eb8 <xosc_init+0x28>)
10001e9e:	4907      	ldr	r1, [pc, #28]	@ (10001ebc <xosc_init+0x2c>)
10001ea0:	6014      	str	r4, [r2, #0]
10001ea2:	60d0      	str	r0, [r2, #12]
10001ea4:	6019      	str	r1, [r3, #0]
10001ea6:	6853      	ldr	r3, [r2, #4]
10001ea8:	2b00      	cmp	r3, #0
10001eaa:	dafc      	bge.n	10001ea6 <xosc_init+0x16>
10001eac:	f85d 4b04 	ldr.w	r4, [sp], #4
10001eb0:	4770      	bx	lr
10001eb2:	bf00      	nop
10001eb4:	40048000 	.word	0x40048000
10001eb8:	4004a000 	.word	0x4004a000
10001ebc:	00fab000 	.word	0x00fab000

10001ec0 <first_per_core_initializer>:
10001ec0:	4770      	bx	lr
10001ec2:	bf00      	nop

10001ec4 <hard_assertion_failure>:
10001ec4:	b508      	push	{r3, lr}
10001ec6:	4801      	ldr	r0, [pc, #4]	@ (10001ecc <hard_assertion_failure+0x8>)
10001ec8:	f7fe ff4a 	bl	10000d60 <panic>
10001ecc:	10004fb0 	.word	0x10004fb0

10001ed0 <runtime_run_initializers>:
10001ed0:	b538      	push	{r3, r4, r5, lr}
10001ed2:	4c05      	ldr	r4, [pc, #20]	@ (10001ee8 <runtime_run_initializers+0x18>)
10001ed4:	4d05      	ldr	r5, [pc, #20]	@ (10001eec <runtime_run_initializers+0x1c>)
10001ed6:	42ac      	cmp	r4, r5
10001ed8:	d204      	bcs.n	10001ee4 <runtime_run_initializers+0x14>
10001eda:	f854 3b04 	ldr.w	r3, [r4], #4
10001ede:	4798      	blx	r3
10001ee0:	42ac      	cmp	r4, r5
10001ee2:	d3fa      	bcc.n	10001eda <runtime_run_initializers+0xa>
10001ee4:	bd38      	pop	{r3, r4, r5, pc}
10001ee6:	bf00      	nop
10001ee8:	10004e98 	.word	0x10004e98
10001eec:	10004ed8 	.word	0x10004ed8

10001ef0 <runtime_init_early_resets>:
10001ef0:	b410      	push	{r4}
10001ef2:	4807      	ldr	r0, [pc, #28]	@ (10001f10 <runtime_init_early_resets+0x20>)
10001ef4:	4c07      	ldr	r4, [pc, #28]	@ (10001f14 <runtime_init_early_resets+0x24>)
10001ef6:	4b08      	ldr	r3, [pc, #32]	@ (10001f18 <runtime_init_early_resets+0x28>)
10001ef8:	4a08      	ldr	r2, [pc, #32]	@ (10001f1c <runtime_init_early_resets+0x2c>)
10001efa:	4909      	ldr	r1, [pc, #36]	@ (10001f20 <runtime_init_early_resets+0x30>)
10001efc:	6004      	str	r4, [r0, #0]
10001efe:	601a      	str	r2, [r3, #0]
10001f00:	688b      	ldr	r3, [r1, #8]
10001f02:	ea32 0303 	bics.w	r3, r2, r3
10001f06:	d1fb      	bne.n	10001f00 <runtime_init_early_resets+0x10>
10001f08:	f85d 4b04 	ldr.w	r4, [sp], #4
10001f0c:	4770      	bx	lr
10001f0e:	bf00      	nop
10001f10:	40022000 	.word	0x40022000
10001f14:	efef3b7f 	.word	0xefef3b7f
10001f18:	40023000 	.word	0x40023000
10001f1c:	03f3fff6 	.word	0x03f3fff6
10001f20:	40020000 	.word	0x40020000

10001f24 <runtime_init_usb_power_down>:
10001f24:	4b04      	ldr	r3, [pc, #16]	@ (10001f38 <runtime_init_usb_power_down+0x14>)
10001f26:	6cdb      	ldr	r3, [r3, #76]	@ 0x4c
10001f28:	f5b3 4f00 	cmp.w	r3, #32768	@ 0x8000
10001f2c:	d103      	bne.n	10001f36 <runtime_init_usb_power_down+0x12>
10001f2e:	f44f 2280 	mov.w	r2, #262144	@ 0x40000
10001f32:	4b02      	ldr	r3, [pc, #8]	@ (10001f3c <runtime_init_usb_power_down+0x18>)
10001f34:	64da      	str	r2, [r3, #76]	@ 0x4c
10001f36:	4770      	bx	lr
10001f38:	50110000 	.word	0x50110000
10001f3c:	50112000 	.word	0x50112000

10001f40 <runtime_init_per_core_enable_coprocessors>:
10001f40:	f04f 22e0 	mov.w	r2, #3758153728	@ 0xe000e000
10001f44:	4b04      	ldr	r3, [pc, #16]	@ (10001f58 <runtime_init_per_core_enable_coprocessors+0x18>)
10001f46:	f8d2 1d88 	ldr.w	r1, [r2, #3464]	@ 0xd88
10001f4a:	430b      	orrs	r3, r1
10001f4c:	f8c2 3d88 	str.w	r3, [r2, #3464]	@ 0xd88
10001f50:	ee10 0430 	dcp_rcmp r0
10001f54:	4770      	bx	lr
10001f56:	bf00      	nop
10001f58:	00300303 	.word	0x00300303

10001f5c <runtime_init_post_clock_resets>:
10001f5c:	f06f 4160 	mvn.w	r1, #3758096384	@ 0xe0000000
10001f60:	4b04      	ldr	r3, [pc, #16]	@ (10001f74 <runtime_init_post_clock_resets+0x18>)
10001f62:	4a05      	ldr	r2, [pc, #20]	@ (10001f78 <runtime_init_post_clock_resets+0x1c>)
10001f64:	6019      	str	r1, [r3, #0]
10001f66:	6893      	ldr	r3, [r2, #8]
10001f68:	43db      	mvns	r3, r3
10001f6a:	f033 4360 	bics.w	r3, r3, #3758096384	@ 0xe0000000
10001f6e:	d1fa      	bne.n	10001f66 <runtime_init_post_clock_resets+0xa>
10001f70:	4770      	bx	lr
10001f72:	bf00      	nop
10001f74:	40023000 	.word	0x40023000
10001f78:	40020000 	.word	0x40020000

10001f7c <runtime_init_bootrom_reset>:
10001f7c:	b510      	push	{r4, lr}
10001f7e:	f245 2053 	movw	r0, #21075	@ 0x5253
10001f82:	f7ff ff53 	bl	10001e2c <rom_func_lookup>
10001f86:	e8bd 4010 	ldmia.w	sp!, {r4, lr}
10001f8a:	4603      	mov	r3, r0
10001f8c:	2004      	movs	r0, #4
10001f8e:	4718      	bx	r3

10001f90 <runtime_init_per_core_bootrom_reset>:
10001f90:	b510      	push	{r4, lr}
10001f92:	f245 2053 	movw	r0, #21075	@ 0x5253
10001f96:	f7ff ff49 	bl	10001e2c <rom_func_lookup>
10001f9a:	e8bd 4010 	ldmia.w	sp!, {r4, lr}
10001f9e:	4603      	mov	r3, r0
10001fa0:	2001      	movs	r0, #1
10001fa2:	4718      	bx	r3

10001fa4 <runtime_init_spin_locks_reset>:
10001fa4:	f7fe bf92 	b.w	10000ecc <spin_locks_reset>

10001fa8 <runtime_init_install_ram_vector_table>:
10001fa8:	b510      	push	{r4, lr}
10001faa:	4b05      	ldr	r3, [pc, #20]	@ (10001fc0 <runtime_init_install_ram_vector_table+0x18>)
10001fac:	4c05      	ldr	r4, [pc, #20]	@ (10001fc4 <runtime_init_install_ram_vector_table+0x1c>)
10001fae:	f44f 7288 	mov.w	r2, #272	@ 0x110
10001fb2:	4618      	mov	r0, r3
10001fb4:	68a1      	ldr	r1, [r4, #8]
10001fb6:	f002 fe47 	bl	10004c48 <memcpy>
10001fba:	60a0      	str	r0, [r4, #8]
10001fbc:	bd10      	pop	{r4, pc}
10001fbe:	bf00      	nop
10001fc0:	20000000 	.word	0x20000000
10001fc4:	e000ed00 	.word	0xe000ed00

10001fc8 <runtime_init_clocks>:
10001fc8:	2300      	movs	r3, #0
10001fca:	b570      	push	{r4, r5, r6, lr}
10001fcc:	4c2b      	ldr	r4, [pc, #172]	@ (1000207c <runtime_init_clocks+0xb4>)
10001fce:	b082      	sub	sp, #8
10001fd0:	f8c4 3084 	str.w	r3, [r4, #132]	@ 0x84
10001fd4:	f7ff ff5c 	bl	10001e90 <xosc_init>
10001fd8:	2201      	movs	r2, #1
10001fda:	4b29      	ldr	r3, [pc, #164]	@ (10002080 <runtime_init_clocks+0xb8>)
10001fdc:	63da      	str	r2, [r3, #60]	@ 0x3c
10001fde:	6c63      	ldr	r3, [r4, #68]	@ 0x44
10001fe0:	2b01      	cmp	r3, #1
10001fe2:	d1fc      	bne.n	10001fde <runtime_init_clocks+0x16>
10001fe4:	2103      	movs	r1, #3
10001fe6:	4a26      	ldr	r2, [pc, #152]	@ (10002080 <runtime_init_clocks+0xb8>)
10001fe8:	4b24      	ldr	r3, [pc, #144]	@ (1000207c <runtime_init_clocks+0xb4>)
10001fea:	6311      	str	r1, [r2, #48]	@ 0x30
10001fec:	6b9c      	ldr	r4, [r3, #56]	@ 0x38
10001fee:	2c01      	cmp	r4, #1
10001ff0:	d1fc      	bne.n	10001fec <runtime_init_clocks+0x24>
10001ff2:	2602      	movs	r6, #2
10001ff4:	2505      	movs	r5, #5
10001ff6:	4621      	mov	r1, r4
10001ff8:	2305      	movs	r3, #5
10001ffa:	4a22      	ldr	r2, [pc, #136]	@ (10002084 <runtime_init_clocks+0xbc>)
10001ffc:	4822      	ldr	r0, [pc, #136]	@ (10002088 <runtime_init_clocks+0xc0>)
10001ffe:	9600      	str	r6, [sp, #0]
10002000:	f7ff fe5c 	bl	10001cbc <pll_init>
10002004:	4621      	mov	r1, r4
10002006:	462b      	mov	r3, r5
10002008:	4a20      	ldr	r2, [pc, #128]	@ (1000208c <runtime_init_clocks+0xc4>)
1000200a:	4821      	ldr	r0, [pc, #132]	@ (10002090 <runtime_init_clocks+0xc8>)
1000200c:	9500      	str	r5, [sp, #0]
1000200e:	f7ff fe55 	bl	10001cbc <pll_init>
10002012:	2200      	movs	r2, #0
10002014:	2004      	movs	r0, #4
10002016:	4631      	mov	r1, r6
10002018:	4b1e      	ldr	r3, [pc, #120]	@ (10002094 <runtime_init_clocks+0xcc>)
1000201a:	f7ff fde1 	bl	10001be0 <clock_configure_undivided>
1000201e:	4621      	mov	r1, r4
10002020:	4628      	mov	r0, r5
10002022:	2200      	movs	r2, #0
10002024:	4b1c      	ldr	r3, [pc, #112]	@ (10002098 <runtime_init_clocks+0xd0>)
10002026:	f7ff fddb 	bl	10001be0 <clock_configure_undivided>
1000202a:	2200      	movs	r2, #0
1000202c:	2008      	movs	r0, #8
1000202e:	4611      	mov	r1, r2
10002030:	4b1a      	ldr	r3, [pc, #104]	@ (1000209c <runtime_init_clocks+0xd4>)
10002032:	f7ff fdd5 	bl	10001be0 <clock_configure_undivided>
10002036:	2200      	movs	r2, #0
10002038:	2009      	movs	r0, #9
1000203a:	4611      	mov	r1, r2
1000203c:	4b17      	ldr	r3, [pc, #92]	@ (1000209c <runtime_init_clocks+0xd4>)
1000203e:	f7ff fdcf 	bl	10001be0 <clock_configure_undivided>
10002042:	2200      	movs	r2, #0
10002044:	2006      	movs	r0, #6
10002046:	4611      	mov	r1, r2
10002048:	4b13      	ldr	r3, [pc, #76]	@ (10002098 <runtime_init_clocks+0xd0>)
1000204a:	f7ff fdc9 	bl	10001be0 <clock_configure_undivided>
1000204e:	2200      	movs	r2, #0
10002050:	4b11      	ldr	r3, [pc, #68]	@ (10002098 <runtime_init_clocks+0xd0>)
10002052:	2007      	movs	r0, #7
10002054:	4611      	mov	r1, r2
10002056:	f7ff fdc3 	bl	10001be0 <clock_configure_undivided>
1000205a:	2004      	movs	r0, #4
1000205c:	f7ff fe28 	bl	10001cb0 <clock_get_hz>
10002060:	2400      	movs	r4, #0
10002062:	4b0f      	ldr	r3, [pc, #60]	@ (100020a0 <runtime_init_clocks+0xd8>)
10002064:	fba3 3500 	umull	r3, r5, r3, r0
10002068:	0cad      	lsrs	r5, r5, #18
1000206a:	b2e0      	uxtb	r0, r4
1000206c:	4629      	mov	r1, r5
1000206e:	3401      	adds	r4, #1
10002070:	f7ff feb6 	bl	10001de0 <tick_start>
10002074:	2c06      	cmp	r4, #6
10002076:	d1f8      	bne.n	1000206a <runtime_init_clocks+0xa2>
10002078:	b002      	add	sp, #8
1000207a:	bd70      	pop	{r4, r5, r6, pc}
1000207c:	40010000 	.word	0x40010000
10002080:	40013000 	.word	0x40013000
10002084:	59682f00 	.word	0x59682f00
10002088:	40050000 	.word	0x40050000
1000208c:	47868c00 	.word	0x47868c00
10002090:	40058000 	.word	0x40058000
10002094:	00b71b00 	.word	0x00b71b00
10002098:	08f0d180 	.word	0x08f0d180
1000209c:	02dc6c00 	.word	0x02dc6c00
100020a0:	431bde83 	.word	0x431bde83

100020a4 <_out_char>:
100020a4:	b900      	cbnz	r0, 100020a8 <_out_char+0x4>
100020a6:	4770      	bx	lr
100020a8:	f000 b91c 	b.w	100022e4 <__wrap_putchar>

100020ac <weak_raw_vprintf>:
100020ac:	b510      	push	{r4, lr}
100020ae:	4b09      	ldr	r3, [pc, #36]	@ (100020d4 <weak_raw_vprintf+0x28>)
100020b0:	b084      	sub	sp, #16
100020b2:	681c      	ldr	r4, [r3, #0]
100020b4:	b14c      	cbz	r4, 100020ca <weak_raw_vprintf+0x1e>
100020b6:	4603      	mov	r3, r0
100020b8:	9100      	str	r1, [sp, #0]
100020ba:	f04f 32ff 	mov.w	r2, #4294967295	@ 0xffffffff
100020be:	a903      	add	r1, sp, #12
100020c0:	4805      	ldr	r0, [pc, #20]	@ (100020d8 <weak_raw_vprintf+0x2c>)
100020c2:	47a0      	blx	r4
100020c4:	2001      	movs	r0, #1
100020c6:	b004      	add	sp, #16
100020c8:	bd10      	pop	{r4, pc}
100020ca:	f000 f94d 	bl	10002368 <__wrap_puts>
100020ce:	4620      	mov	r0, r4
100020d0:	b004      	add	sp, #16
100020d2:	bd10      	pop	{r4, pc}
100020d4:	20001d04 	.word	0x20001d04
100020d8:	100020a5 	.word	0x100020a5

100020dc <_exit>:
100020dc:	be00      	bkpt	0x0000
100020de:	e7fd      	b.n	100020dc <_exit>

100020e0 <exit>:
100020e0:	b508      	push	{r3, lr}
100020e2:	f7ff fffb 	bl	100020dc <_exit>
100020e6:	bf00      	nop

100020e8 <runtime_init>:
100020e8:	b538      	push	{r3, r4, r5, lr}
100020ea:	4c06      	ldr	r4, [pc, #24]	@ (10002104 <runtime_init+0x1c>)
100020ec:	4d06      	ldr	r5, [pc, #24]	@ (10002108 <runtime_init+0x20>)
100020ee:	f7ff feef 	bl	10001ed0 <runtime_run_initializers>
100020f2:	42ac      	cmp	r4, r5
100020f4:	d204      	bcs.n	10002100 <runtime_init+0x18>
100020f6:	f854 3b04 	ldr.w	r3, [r4], #4
100020fa:	4798      	blx	r3
100020fc:	42ac      	cmp	r4, r5
100020fe:	d3fa      	bcc.n	100020f6 <runtime_init+0xe>
10002100:	bd38      	pop	{r3, r4, r5, pc}
10002102:	bf00      	nop
10002104:	10004ed8 	.word	0x10004ed8
10002108:	10004ee4 	.word	0x10004ee4

1000210c <stdio_out_chars_no_crlf>:
1000210c:	6803      	ldr	r3, [r0, #0]
1000210e:	4608      	mov	r0, r1
10002110:	4611      	mov	r1, r2
10002112:	4718      	bx	r3

10002114 <stdio_out_chars_crlf>:
10002114:	7d43      	ldrb	r3, [r0, #21]
10002116:	e92d 47f0 	stmdb	sp!, {r4, r5, r6, r7, r8, r9, sl, lr}
1000211a:	4681      	mov	r9, r0
1000211c:	460f      	mov	r7, r1
1000211e:	4616      	mov	r6, r2
10002120:	2b00      	cmp	r3, #0
10002122:	d043      	beq.n	100021ac <stdio_out_chars_crlf+0x98>
10002124:	2a00      	cmp	r2, #0
10002126:	dd3b      	ble.n	100021a0 <stdio_out_chars_crlf+0x8c>
10002128:	7d03      	ldrb	r3, [r0, #20]
1000212a:	2000      	movs	r0, #0
1000212c:	1e4d      	subs	r5, r1, #1
1000212e:	4601      	mov	r1, r0
10002130:	f815 2f01 	ldrb.w	r2, [r5, #1]!
10002134:	f8df 8084 	ldr.w	r8, [pc, #132]	@ 100021bc <stdio_out_chars_crlf+0xa8>
10002138:	2a0a      	cmp	r2, #10
1000213a:	f101 0401 	add.w	r4, r1, #1
1000213e:	d00e      	beq.n	1000215e <stdio_out_chars_crlf+0x4a>
10002140:	42a6      	cmp	r6, r4
10002142:	d01c      	beq.n	1000217e <stdio_out_chars_crlf+0x6a>
10002144:	782b      	ldrb	r3, [r5, #0]
10002146:	4621      	mov	r1, r4
10002148:	f1a3 030d 	sub.w	r3, r3, #13
1000214c:	fab3 f383 	clz	r3, r3
10002150:	f815 2f01 	ldrb.w	r2, [r5, #1]!
10002154:	095b      	lsrs	r3, r3, #5
10002156:	2a0a      	cmp	r2, #10
10002158:	f101 0401 	add.w	r4, r1, #1
1000215c:	d1f0      	bne.n	10002140 <stdio_out_chars_crlf+0x2c>
1000215e:	2b00      	cmp	r3, #0
10002160:	d1ee      	bne.n	10002140 <stdio_out_chars_crlf+0x2c>
10002162:	4281      	cmp	r1, r0
10002164:	eba1 0100 	sub.w	r1, r1, r0
10002168:	4438      	add	r0, r7
1000216a:	dc1b      	bgt.n	100021a4 <stdio_out_chars_crlf+0x90>
1000216c:	2102      	movs	r1, #2
1000216e:	4640      	mov	r0, r8
10002170:	f8d9 3000 	ldr.w	r3, [r9]
10002174:	4798      	blx	r3
10002176:	42a6      	cmp	r6, r4
10002178:	d008      	beq.n	1000218c <stdio_out_chars_crlf+0x78>
1000217a:	4620      	mov	r0, r4
1000217c:	e7e2      	b.n	10002144 <stdio_out_chars_crlf+0x30>
1000217e:	4286      	cmp	r6, r0
10002180:	dd04      	ble.n	1000218c <stdio_out_chars_crlf+0x78>
10002182:	1a31      	subs	r1, r6, r0
10002184:	f8d9 3000 	ldr.w	r3, [r9]
10002188:	4438      	add	r0, r7
1000218a:	4798      	blx	r3
1000218c:	4437      	add	r7, r6
1000218e:	f817 3c01 	ldrb.w	r3, [r7, #-1]
10002192:	f1a3 030d 	sub.w	r3, r3, #13
10002196:	fab3 f383 	clz	r3, r3
1000219a:	095b      	lsrs	r3, r3, #5
1000219c:	f889 3014 	strb.w	r3, [r9, #20]
100021a0:	e8bd 87f0 	ldmia.w	sp!, {r4, r5, r6, r7, r8, r9, sl, pc}
100021a4:	f8d9 3000 	ldr.w	r3, [r9]
100021a8:	4798      	blx	r3
100021aa:	e7df      	b.n	1000216c <stdio_out_chars_crlf+0x58>
100021ac:	4638      	mov	r0, r7
100021ae:	f8d9 3000 	ldr.w	r3, [r9]
100021b2:	4611      	mov	r1, r2
100021b4:	e8bd 47f0 	ldmia.w	sp!, {r4, r5, r6, r7, r8, r9, sl, lr}
100021b8:	4718      	bx	r3
100021ba:	bf00      	nop
100021bc:	10005124 	.word	0x10005124

100021c0 <stdio_put_string>:
100021c0:	e92d 47f0 	stmdb	sp!, {r4, r5, r6, r7, r8, r9, sl, lr}
100021c4:	b082      	sub	sp, #8
100021c6:	460d      	mov	r5, r1
100021c8:	4692      	mov	sl, r2
100021ca:	4699      	mov	r9, r3
100021cc:	4607      	mov	r7, r0
100021ce:	f7ff fceb 	bl	10001ba8 <time_us_64>
100021d2:	f04f 36ff 	mov.w	r6, #4294967295	@ 0xffffffff
100021d6:	f06f 4400 	mvn.w	r4, #2147483648	@ 0x80000000
100021da:	4a2f      	ldr	r2, [pc, #188]	@ (10002298 <stdio_put_string+0xd8>)
100021dc:	1882      	adds	r2, r0, r2
100021de:	f141 0300 	adc.w	r3, r1, #0
100021e2:	4296      	cmp	r6, r2
100021e4:	eb74 0103 	sbcs.w	r1, r4, r3
100021e8:	bf3c      	itt	cc
100021ea:	4632      	movcc	r2, r6
100021ec:	4623      	movcc	r3, r4
100021ee:	482b      	ldr	r0, [pc, #172]	@ (1000229c <stdio_put_string+0xdc>)
100021f0:	f002 fe42 	bl	10004e78 <__mutex_try_enter_block_until_veneer>
100021f4:	1c6b      	adds	r3, r5, #1
100021f6:	4680      	mov	r8, r0
100021f8:	d103      	bne.n	10002202 <stdio_put_string+0x42>
100021fa:	4638      	mov	r0, r7
100021fc:	f002 fda0 	bl	10004d40 <strlen>
10002200:	4605      	mov	r5, r0
10002202:	4b27      	ldr	r3, [pc, #156]	@ (100022a0 <stdio_put_string+0xe0>)
10002204:	4e27      	ldr	r6, [pc, #156]	@ (100022a4 <stdio_put_string+0xe4>)
10002206:	681c      	ldr	r4, [r3, #0]
10002208:	4b27      	ldr	r3, [pc, #156]	@ (100022a8 <stdio_put_string+0xe8>)
1000220a:	f1b9 0f00 	cmp.w	r9, #0
1000220e:	bf18      	it	ne
10002210:	461e      	movne	r6, r3
10002212:	b1b4      	cbz	r4, 10002242 <stdio_put_string+0x82>
10002214:	f1ba 0f00 	cmp.w	sl, #0
10002218:	d11a      	bne.n	10002250 <stdio_put_string+0x90>
1000221a:	f8df 9090 	ldr.w	r9, [pc, #144]	@ 100022ac <stdio_put_string+0xec>
1000221e:	e001      	b.n	10002224 <stdio_put_string+0x64>
10002220:	6924      	ldr	r4, [r4, #16]
10002222:	b174      	cbz	r4, 10002242 <stdio_put_string+0x82>
10002224:	6823      	ldr	r3, [r4, #0]
10002226:	2b00      	cmp	r3, #0
10002228:	d0fa      	beq.n	10002220 <stdio_put_string+0x60>
1000222a:	f8d9 3000 	ldr.w	r3, [r9]
1000222e:	b10b      	cbz	r3, 10002234 <stdio_put_string+0x74>
10002230:	429c      	cmp	r4, r3
10002232:	d1f5      	bne.n	10002220 <stdio_put_string+0x60>
10002234:	4620      	mov	r0, r4
10002236:	462a      	mov	r2, r5
10002238:	4639      	mov	r1, r7
1000223a:	47b0      	blx	r6
1000223c:	6924      	ldr	r4, [r4, #16]
1000223e:	2c00      	cmp	r4, #0
10002240:	d1f0      	bne.n	10002224 <stdio_put_string+0x64>
10002242:	f1b8 0f00 	cmp.w	r8, #0
10002246:	d11f      	bne.n	10002288 <stdio_put_string+0xc8>
10002248:	4628      	mov	r0, r5
1000224a:	b002      	add	sp, #8
1000224c:	e8bd 87f0 	ldmia.w	sp!, {r4, r5, r6, r7, r8, r9, sl, pc}
10002250:	f04f 0a0a 	mov.w	sl, #10
10002254:	f8df 9054 	ldr.w	r9, [pc, #84]	@ 100022ac <stdio_put_string+0xec>
10002258:	e002      	b.n	10002260 <stdio_put_string+0xa0>
1000225a:	6924      	ldr	r4, [r4, #16]
1000225c:	2c00      	cmp	r4, #0
1000225e:	d0f0      	beq.n	10002242 <stdio_put_string+0x82>
10002260:	6823      	ldr	r3, [r4, #0]
10002262:	2b00      	cmp	r3, #0
10002264:	d0f9      	beq.n	1000225a <stdio_put_string+0x9a>
10002266:	f8d9 3000 	ldr.w	r3, [r9]
1000226a:	b10b      	cbz	r3, 10002270 <stdio_put_string+0xb0>
1000226c:	42a3      	cmp	r3, r4
1000226e:	d1f4      	bne.n	1000225a <stdio_put_string+0x9a>
10002270:	462a      	mov	r2, r5
10002272:	4639      	mov	r1, r7
10002274:	4620      	mov	r0, r4
10002276:	47b0      	blx	r6
10002278:	2201      	movs	r2, #1
1000227a:	4620      	mov	r0, r4
1000227c:	f10d 0107 	add.w	r1, sp, #7
10002280:	f88d a007 	strb.w	sl, [sp, #7]
10002284:	47b0      	blx	r6
10002286:	e7e8      	b.n	1000225a <stdio_put_string+0x9a>
10002288:	4804      	ldr	r0, [pc, #16]	@ (1000229c <stdio_put_string+0xdc>)
1000228a:	f002 fde5 	bl	10004e58 <__mutex_exit_veneer>
1000228e:	4628      	mov	r0, r5
10002290:	b002      	add	sp, #8
10002292:	e8bd 87f0 	ldmia.w	sp!, {r4, r5, r6, r7, r8, r9, sl, pc}
10002296:	bf00      	nop
10002298:	000f4240 	.word	0x000f4240
1000229c:	20000f94 	.word	0x20000f94
100022a0:	200018f0 	.word	0x200018f0
100022a4:	1000210d 	.word	0x1000210d
100022a8:	10002115 	.word	0x10002115
100022ac:	200018f8 	.word	0x200018f8

100022b0 <stdio_set_driver_enabled>:
100022b0:	4a0a      	ldr	r2, [pc, #40]	@ (100022dc <stdio_set_driver_enabled+0x2c>)
100022b2:	6813      	ldr	r3, [r2, #0]
100022b4:	b14b      	cbz	r3, 100022ca <stdio_set_driver_enabled+0x1a>
100022b6:	4283      	cmp	r3, r0
100022b8:	d102      	bne.n	100022c0 <stdio_set_driver_enabled+0x10>
100022ba:	e009      	b.n	100022d0 <stdio_set_driver_enabled+0x20>
100022bc:	4298      	cmp	r0, r3
100022be:	d007      	beq.n	100022d0 <stdio_set_driver_enabled+0x20>
100022c0:	f103 0210 	add.w	r2, r3, #16
100022c4:	691b      	ldr	r3, [r3, #16]
100022c6:	2b00      	cmp	r3, #0
100022c8:	d1f8      	bne.n	100022bc <stdio_set_driver_enabled+0xc>
100022ca:	b101      	cbz	r1, 100022ce <stdio_set_driver_enabled+0x1e>
100022cc:	6010      	str	r0, [r2, #0]
100022ce:	4770      	bx	lr
100022d0:	2900      	cmp	r1, #0
100022d2:	d1fc      	bne.n	100022ce <stdio_set_driver_enabled+0x1e>
100022d4:	6903      	ldr	r3, [r0, #16]
100022d6:	6013      	str	r3, [r2, #0]
100022d8:	6101      	str	r1, [r0, #16]
100022da:	4770      	bx	lr
100022dc:	200018f0 	.word	0x200018f0

100022e0 <stdio_init_all>:
100022e0:	f000 ba6e 	b.w	100027c0 <stdio_usb_init>

100022e4 <__wrap_putchar>:
100022e4:	b5f0      	push	{r4, r5, r6, r7, lr}
100022e6:	b083      	sub	sp, #12
100022e8:	4606      	mov	r6, r0
100022ea:	f88d 0007 	strb.w	r0, [sp, #7]
100022ee:	f7ff fc5b 	bl	10001ba8 <time_us_64>
100022f2:	f04f 35ff 	mov.w	r5, #4294967295	@ 0xffffffff
100022f6:	f06f 4400 	mvn.w	r4, #2147483648	@ 0x80000000
100022fa:	4a17      	ldr	r2, [pc, #92]	@ (10002358 <__wrap_putchar+0x74>)
100022fc:	1882      	adds	r2, r0, r2
100022fe:	f141 0300 	adc.w	r3, r1, #0
10002302:	4295      	cmp	r5, r2
10002304:	eb74 0103 	sbcs.w	r1, r4, r3
10002308:	bf3c      	itt	cc
1000230a:	4623      	movcc	r3, r4
1000230c:	462a      	movcc	r2, r5
1000230e:	4813      	ldr	r0, [pc, #76]	@ (1000235c <__wrap_putchar+0x78>)
10002310:	f002 fdb2 	bl	10004e78 <__mutex_try_enter_block_until_veneer>
10002314:	4b12      	ldr	r3, [pc, #72]	@ (10002360 <__wrap_putchar+0x7c>)
10002316:	4607      	mov	r7, r0
10002318:	681c      	ldr	r4, [r3, #0]
1000231a:	b19c      	cbz	r4, 10002344 <__wrap_putchar+0x60>
1000231c:	4d11      	ldr	r5, [pc, #68]	@ (10002364 <__wrap_putchar+0x80>)
1000231e:	e001      	b.n	10002324 <__wrap_putchar+0x40>
10002320:	6924      	ldr	r4, [r4, #16]
10002322:	b17c      	cbz	r4, 10002344 <__wrap_putchar+0x60>
10002324:	6823      	ldr	r3, [r4, #0]
10002326:	2b00      	cmp	r3, #0
10002328:	d0fa      	beq.n	10002320 <__wrap_putchar+0x3c>
1000232a:	682b      	ldr	r3, [r5, #0]
1000232c:	b10b      	cbz	r3, 10002332 <__wrap_putchar+0x4e>
1000232e:	429c      	cmp	r4, r3
10002330:	d1f6      	bne.n	10002320 <__wrap_putchar+0x3c>
10002332:	4620      	mov	r0, r4
10002334:	2201      	movs	r2, #1
10002336:	f10d 0107 	add.w	r1, sp, #7
1000233a:	f7ff feeb 	bl	10002114 <stdio_out_chars_crlf>
1000233e:	6924      	ldr	r4, [r4, #16]
10002340:	2c00      	cmp	r4, #0
10002342:	d1ef      	bne.n	10002324 <__wrap_putchar+0x40>
10002344:	b917      	cbnz	r7, 1000234c <__wrap_putchar+0x68>
10002346:	4630      	mov	r0, r6
10002348:	b003      	add	sp, #12
1000234a:	bdf0      	pop	{r4, r5, r6, r7, pc}
1000234c:	4803      	ldr	r0, [pc, #12]	@ (1000235c <__wrap_putchar+0x78>)
1000234e:	f002 fd83 	bl	10004e58 <__mutex_exit_veneer>
10002352:	4630      	mov	r0, r6
10002354:	b003      	add	sp, #12
10002356:	bdf0      	pop	{r4, r5, r6, r7, pc}
10002358:	000f4240 	.word	0x000f4240
1000235c:	20000f94 	.word	0x20000f94
10002360:	200018f0 	.word	0x200018f0
10002364:	200018f8 	.word	0x200018f8

10002368 <__wrap_puts>:
10002368:	b538      	push	{r3, r4, r5, lr}
1000236a:	4604      	mov	r4, r0
1000236c:	f002 fce8 	bl	10004d40 <strlen>
10002370:	2301      	movs	r3, #1
10002372:	4605      	mov	r5, r0
10002374:	461a      	mov	r2, r3
10002376:	4620      	mov	r0, r4
10002378:	4629      	mov	r1, r5
1000237a:	f7ff ff21 	bl	100021c0 <stdio_put_string>
1000237e:	4b08      	ldr	r3, [pc, #32]	@ (100023a0 <__wrap_puts+0x38>)
10002380:	681c      	ldr	r4, [r3, #0]
10002382:	b12c      	cbz	r4, 10002390 <__wrap_puts+0x28>
10002384:	6863      	ldr	r3, [r4, #4]
10002386:	b12b      	cbz	r3, 10002394 <__wrap_puts+0x2c>
10002388:	4798      	blx	r3
1000238a:	6924      	ldr	r4, [r4, #16]
1000238c:	2c00      	cmp	r4, #0
1000238e:	d1f9      	bne.n	10002384 <__wrap_puts+0x1c>
10002390:	4628      	mov	r0, r5
10002392:	bd38      	pop	{r3, r4, r5, pc}
10002394:	6924      	ldr	r4, [r4, #16]
10002396:	2c00      	cmp	r4, #0
10002398:	d1f4      	bne.n	10002384 <__wrap_puts+0x1c>
1000239a:	4628      	mov	r0, r5
1000239c:	bd38      	pop	{r3, r4, r5, pc}
1000239e:	bf00      	nop
100023a0:	200018f0 	.word	0x200018f0

100023a4 <resetd_init>:
100023a4:	4770      	bx	lr
100023a6:	bf00      	nop

100023a8 <resetd_reset>:
100023a8:	2200      	movs	r2, #0
100023aa:	4b01      	ldr	r3, [pc, #4]	@ (100023b0 <resetd_reset+0x8>)
100023ac:	701a      	strb	r2, [r3, #0]
100023ae:	4770      	bx	lr
100023b0:	20001d63 	.word	0x20001d63

100023b4 <resetd_open>:
100023b4:	794b      	ldrb	r3, [r1, #5]
100023b6:	2bff      	cmp	r3, #255	@ 0xff
100023b8:	d10b      	bne.n	100023d2 <resetd_open+0x1e>
100023ba:	7988      	ldrb	r0, [r1, #6]
100023bc:	b948      	cbnz	r0, 100023d2 <resetd_open+0x1e>
100023be:	79cb      	ldrb	r3, [r1, #7]
100023c0:	2b01      	cmp	r3, #1
100023c2:	d107      	bne.n	100023d4 <resetd_open+0x20>
100023c4:	2a08      	cmp	r2, #8
100023c6:	d905      	bls.n	100023d4 <resetd_open+0x20>
100023c8:	4b03      	ldr	r3, [pc, #12]	@ (100023d8 <resetd_open+0x24>)
100023ca:	788a      	ldrb	r2, [r1, #2]
100023cc:	2009      	movs	r0, #9
100023ce:	701a      	strb	r2, [r3, #0]
100023d0:	4770      	bx	lr
100023d2:	2000      	movs	r0, #0
100023d4:	4770      	bx	lr
100023d6:	bf00      	nop
100023d8:	20001d63 	.word	0x20001d63

100023dc <resetd_xfer_cb>:
100023dc:	2001      	movs	r0, #1
100023de:	4770      	bx	lr

100023e0 <resetd_control_xfer_cb>:
100023e0:	2901      	cmp	r1, #1
100023e2:	d001      	beq.n	100023e8 <resetd_control_xfer_cb+0x8>
100023e4:	2001      	movs	r0, #1
100023e6:	4770      	bx	lr
100023e8:	b508      	push	{r3, lr}
100023ea:	4b10      	ldr	r3, [pc, #64]	@ (1000242c <resetd_control_xfer_cb+0x4c>)
100023ec:	8891      	ldrh	r1, [r2, #4]
100023ee:	781b      	ldrb	r3, [r3, #0]
100023f0:	4299      	cmp	r1, r3
100023f2:	d001      	beq.n	100023f8 <resetd_control_xfer_cb+0x18>
100023f4:	2000      	movs	r0, #0
100023f6:	bd08      	pop	{r3, pc}
100023f8:	7853      	ldrb	r3, [r2, #1]
100023fa:	2b01      	cmp	r3, #1
100023fc:	d008      	beq.n	10002410 <resetd_control_xfer_cb+0x30>
100023fe:	2b02      	cmp	r3, #2
10002400:	d1f8      	bne.n	100023f4 <resetd_control_xfer_cb+0x14>
10002402:	2100      	movs	r1, #0
10002404:	2264      	movs	r2, #100	@ 0x64
10002406:	4608      	mov	r0, r1
10002408:	f7ff fc9e 	bl	10001d48 <watchdog_reboot>
1000240c:	2001      	movs	r0, #1
1000240e:	bd08      	pop	{r3, pc}
10002410:	8851      	ldrh	r1, [r2, #2]
10002412:	05cb      	lsls	r3, r1, #23
10002414:	bf4b      	itete	mi
10002416:	0a4a      	lsrmi	r2, r1, #9
10002418:	0a4a      	lsrpl	r2, r1, #9
1000241a:	4610      	movmi	r0, r2
1000241c:	f04f 30ff 	movpl.w	r0, #4294967295	@ 0xffffffff
10002420:	f002 0201 	and.w	r2, r2, #1
10002424:	f001 017f 	and.w	r1, r1, #127	@ 0x7f
10002428:	f7ff fd0c 	bl	10001e44 <rom_reset_usb_boot_extra>
1000242c:	20001d63 	.word	0x20001d63

10002430 <tud_descriptor_bos_cb>:
10002430:	4800      	ldr	r0, [pc, #0]	@ (10002434 <tud_descriptor_bos_cb+0x4>)
10002432:	4770      	bx	lr
10002434:	100051f0 	.word	0x100051f0

10002438 <tud_vendor_control_xfer_cb>:
10002438:	2901      	cmp	r1, #1
1000243a:	d107      	bne.n	1000244c <tud_vendor_control_xfer_cb+0x14>
1000243c:	7853      	ldrb	r3, [r2, #1]
1000243e:	2b01      	cmp	r3, #1
10002440:	d102      	bne.n	10002448 <tud_vendor_control_xfer_cb+0x10>
10002442:	8893      	ldrh	r3, [r2, #4]
10002444:	2b07      	cmp	r3, #7
10002446:	d003      	beq.n	10002450 <tud_vendor_control_xfer_cb+0x18>
10002448:	2000      	movs	r0, #0
1000244a:	4770      	bx	lr
1000244c:	2001      	movs	r0, #1
1000244e:	4770      	bx	lr
10002450:	4611      	mov	r1, r2
10002452:	23a6      	movs	r3, #166	@ 0xa6
10002454:	4a01      	ldr	r2, [pc, #4]	@ (1000245c <tud_vendor_control_xfer_cb+0x24>)
10002456:	f001 ba41 	b.w	100038dc <tud_control_xfer>
1000245a:	bf00      	nop
1000245c:	10005148 	.word	0x10005148

10002460 <usbd_app_driver_get_cb>:
10002460:	4603      	mov	r3, r0
10002462:	2201      	movs	r2, #1
10002464:	4801      	ldr	r0, [pc, #4]	@ (1000246c <usbd_app_driver_get_cb+0xc>)
10002466:	701a      	strb	r2, [r3, #0]
10002468:	4770      	bx	lr
1000246a:	bf00      	nop
1000246c:	10005128 	.word	0x10005128

10002470 <tud_cdc_line_coding_cb>:
10002470:	b508      	push	{r3, lr}
10002472:	680b      	ldr	r3, [r1, #0]
10002474:	f5b3 6f96 	cmp.w	r3, #1200	@ 0x4b0
10002478:	d000      	beq.n	1000247c <tud_cdc_line_coding_cb+0xc>
1000247a:	bd08      	pop	{r3, pc}
1000247c:	2200      	movs	r2, #0
1000247e:	f04f 30ff 	mov.w	r0, #4294967295	@ 0xffffffff
10002482:	4611      	mov	r1, r2
10002484:	f7ff fcde 	bl	10001e44 <rom_reset_usb_boot_extra>

10002488 <stdio_usb_set_chars_available_callback>:
10002488:	4a02      	ldr	r2, [pc, #8]	@ (10002494 <stdio_usb_set_chars_available_callback+0xc>)
1000248a:	4b03      	ldr	r3, [pc, #12]	@ (10002498 <stdio_usb_set_chars_available_callback+0x10>)
1000248c:	6010      	str	r0, [r2, #0]
1000248e:	6019      	str	r1, [r3, #0]
10002490:	4770      	bx	lr
10002492:	bf00      	nop
10002494:	20001890 	.word	0x20001890
10002498:	20001894 	.word	0x20001894

1000249c <timer_task>:
1000249c:	4b18      	ldr	r3, [pc, #96]	@ (10002500 <timer_task+0x64>)
1000249e:	b570      	push	{r4, r5, r6, lr}
100024a0:	681a      	ldr	r2, [r3, #0]
100024a2:	2a00      	cmp	r2, #0
100024a4:	d028      	beq.n	100024f8 <timer_task+0x5c>
100024a6:	f3ef 8110 	mrs	r1, PRIMASK
100024aa:	b672      	cpsid	i
100024ac:	e8d2 4fcf 	ldaexb	r4, [r2]
100024b0:	2001      	movs	r0, #1
100024b2:	2c00      	cmp	r4, #0
100024b4:	d1fa      	bne.n	100024ac <timer_task+0x10>
100024b6:	e8c2 0f44 	strexb	r4, r0, [r2]
100024ba:	2c00      	cmp	r4, #0
100024bc:	d1f6      	bne.n	100024ac <timer_task+0x10>
100024be:	f3bf 8f5f 	dmb	sy
100024c2:	2200      	movs	r2, #0
100024c4:	4c0f      	ldr	r4, [pc, #60]	@ (10002504 <timer_task+0x68>)
100024c6:	6818      	ldr	r0, [r3, #0]
100024c8:	6059      	str	r1, [r3, #4]
100024ca:	7022      	strb	r2, [r4, #0]
100024cc:	e8c0 2f8f 	stlb	r2, [r0]
100024d0:	f381 8810 	msr	PRIMASK, r1
100024d4:	2400      	movs	r4, #0
100024d6:	2500      	movs	r5, #0
100024d8:	4e0b      	ldr	r6, [pc, #44]	@ (10002508 <timer_task+0x6c>)
100024da:	7830      	ldrb	r0, [r6, #0]
100024dc:	f7fe fd38 	bl	10000f50 <irq_is_enabled>
100024e0:	b920      	cbnz	r0, 100024ec <timer_task+0x50>
100024e2:	2400      	movs	r4, #0
100024e4:	2500      	movs	r5, #0
100024e6:	4620      	mov	r0, r4
100024e8:	4629      	mov	r1, r5
100024ea:	bd70      	pop	{r4, r5, r6, pc}
100024ec:	7830      	ldrb	r0, [r6, #0]
100024ee:	f7fe fd3f 	bl	10000f70 <irq_set_pending>
100024f2:	4620      	mov	r0, r4
100024f4:	4629      	mov	r1, r5
100024f6:	bd70      	pop	{r4, r5, r6, pc}
100024f8:	f44f 747a 	mov.w	r4, #1000	@ 0x3e8
100024fc:	2500      	movs	r5, #0
100024fe:	e7eb      	b.n	100024d8 <timer_task+0x3c>
10002500:	20001d10 	.word	0x20001d10
10002504:	20001d65 	.word	0x20001d65
10002508:	20001d64 	.word	0x20001d64

1000250c <usb_irq>:
1000250c:	4b01      	ldr	r3, [pc, #4]	@ (10002514 <usb_irq+0x8>)
1000250e:	7818      	ldrb	r0, [r3, #0]
10002510:	f7fe bd2e 	b.w	10000f70 <irq_set_pending>
10002514:	20001d64 	.word	0x20001d64

10002518 <stdio_usb_in_chars>:
10002518:	b538      	push	{r3, r4, r5, lr}
1000251a:	4604      	mov	r4, r0
1000251c:	2000      	movs	r0, #0
1000251e:	460d      	mov	r5, r1
10002520:	f001 fb08 	bl	10003b34 <tud_cdc_n_connected>
10002524:	b3a8      	cbz	r0, 10002592 <stdio_usb_in_chars+0x7a>
10002526:	2000      	movs	r0, #0
10002528:	f001 fb1a 	bl	10003b60 <tud_cdc_n_available>
1000252c:	b388      	cbz	r0, 10002592 <stdio_usb_in_chars+0x7a>
1000252e:	f7ff fb3b 	bl	10001ba8 <time_us_64>
10002532:	f04f 3eff 	mov.w	lr, #4294967295	@ 0xffffffff
10002536:	f06f 4c00 	mvn.w	ip, #2147483648	@ 0x80000000
1000253a:	4a17      	ldr	r2, [pc, #92]	@ (10002598 <stdio_usb_in_chars+0x80>)
1000253c:	1882      	adds	r2, r0, r2
1000253e:	f141 0300 	adc.w	r3, r1, #0
10002542:	4596      	cmp	lr, r2
10002544:	eb7c 0103 	sbcs.w	r1, ip, r3
10002548:	bf3c      	itt	cc
1000254a:	4672      	movcc	r2, lr
1000254c:	4663      	movcc	r3, ip
1000254e:	4813      	ldr	r0, [pc, #76]	@ (1000259c <stdio_usb_in_chars+0x84>)
10002550:	f002 fc92 	bl	10004e78 <__mutex_try_enter_block_until_veneer>
10002554:	b1e8      	cbz	r0, 10002592 <stdio_usb_in_chars+0x7a>
10002556:	2000      	movs	r0, #0
10002558:	f001 faec 	bl	10003b34 <tud_cdc_n_connected>
1000255c:	b958      	cbnz	r0, 10002576 <stdio_usb_in_chars+0x5e>
1000255e:	2100      	movs	r1, #0
10002560:	f04f 30ff 	mov.w	r0, #4294967295	@ 0xffffffff
10002564:	f000 fd12 	bl	10002f8c <tud_task_ext>
10002568:	f06f 0402 	mvn.w	r4, #2
1000256c:	480b      	ldr	r0, [pc, #44]	@ (1000259c <stdio_usb_in_chars+0x84>)
1000256e:	f002 fc73 	bl	10004e58 <__mutex_exit_veneer>
10002572:	4620      	mov	r0, r4
10002574:	bd38      	pop	{r3, r4, r5, pc}
10002576:	2000      	movs	r0, #0
10002578:	f001 faf2 	bl	10003b60 <tud_cdc_n_available>
1000257c:	2800      	cmp	r0, #0
1000257e:	d0ee      	beq.n	1000255e <stdio_usb_in_chars+0x46>
10002580:	4621      	mov	r1, r4
10002582:	462a      	mov	r2, r5
10002584:	2000      	movs	r0, #0
10002586:	f001 faf7 	bl	10003b78 <tud_cdc_n_read>
1000258a:	4604      	mov	r4, r0
1000258c:	2800      	cmp	r0, #0
1000258e:	d1ed      	bne.n	1000256c <stdio_usb_in_chars+0x54>
10002590:	e7ea      	b.n	10002568 <stdio_usb_in_chars+0x50>
10002592:	f06f 0402 	mvn.w	r4, #2
10002596:	e7ec      	b.n	10002572 <stdio_usb_in_chars+0x5a>
10002598:	000f4240 	.word	0x000f4240
1000259c:	20001d44 	.word	0x20001d44

100025a0 <stdio_usb_out_flush>:
100025a0:	b508      	push	{r3, lr}
100025a2:	f7ff fb01 	bl	10001ba8 <time_us_64>
100025a6:	f04f 3eff 	mov.w	lr, #4294967295	@ 0xffffffff
100025aa:	f06f 4c00 	mvn.w	ip, #2147483648	@ 0x80000000
100025ae:	4a0f      	ldr	r2, [pc, #60]	@ (100025ec <stdio_usb_out_flush+0x4c>)
100025b0:	1882      	adds	r2, r0, r2
100025b2:	f141 0300 	adc.w	r3, r1, #0
100025b6:	4596      	cmp	lr, r2
100025b8:	eb7c 0103 	sbcs.w	r1, ip, r3
100025bc:	bf3c      	itt	cc
100025be:	4672      	movcc	r2, lr
100025c0:	4663      	movcc	r3, ip
100025c2:	480b      	ldr	r0, [pc, #44]	@ (100025f0 <stdio_usb_out_flush+0x50>)
100025c4:	f002 fc58 	bl	10004e78 <__mutex_try_enter_block_until_veneer>
100025c8:	b170      	cbz	r0, 100025e8 <stdio_usb_out_flush+0x48>
100025ca:	f04f 30ff 	mov.w	r0, #4294967295	@ 0xffffffff
100025ce:	2100      	movs	r1, #0
100025d0:	f000 fcdc 	bl	10002f8c <tud_task_ext>
100025d4:	2000      	movs	r0, #0
100025d6:	f001 fb15 	bl	10003c04 <tud_cdc_n_write_flush>
100025da:	2800      	cmp	r0, #0
100025dc:	d1f5      	bne.n	100025ca <stdio_usb_out_flush+0x2a>
100025de:	e8bd 4008 	ldmia.w	sp!, {r3, lr}
100025e2:	4803      	ldr	r0, [pc, #12]	@ (100025f0 <stdio_usb_out_flush+0x50>)
100025e4:	f002 bc38 	b.w	10004e58 <__mutex_exit_veneer>
100025e8:	bd08      	pop	{r3, pc}
100025ea:	bf00      	nop
100025ec:	000f4240 	.word	0x000f4240
100025f0:	20001d44 	.word	0x20001d44

100025f4 <stdio_usb_out_chars>:
100025f4:	e92d 43f8 	stmdb	sp!, {r3, r4, r5, r6, r7, r8, r9, lr}
100025f8:	4607      	mov	r7, r0
100025fa:	460e      	mov	r6, r1
100025fc:	f7ff fad4 	bl	10001ba8 <time_us_64>
10002600:	f04f 35ff 	mov.w	r5, #4294967295	@ 0xffffffff
10002604:	f06f 4400 	mvn.w	r4, #2147483648	@ 0x80000000
10002608:	4a33      	ldr	r2, [pc, #204]	@ (100026d8 <stdio_usb_out_chars+0xe4>)
1000260a:	1882      	adds	r2, r0, r2
1000260c:	f141 0300 	adc.w	r3, r1, #0
10002610:	4295      	cmp	r5, r2
10002612:	eb74 0103 	sbcs.w	r1, r4, r3
10002616:	bf3c      	itt	cc
10002618:	462a      	movcc	r2, r5
1000261a:	4623      	movcc	r3, r4
1000261c:	482f      	ldr	r0, [pc, #188]	@ (100026dc <stdio_usb_out_chars+0xe8>)
1000261e:	f002 fc2b 	bl	10004e78 <__mutex_try_enter_block_until_veneer>
10002622:	b908      	cbnz	r0, 10002628 <stdio_usb_out_chars+0x34>
10002624:	e8bd 83f8 	ldmia.w	sp!, {r3, r4, r5, r6, r7, r8, r9, pc}
10002628:	2000      	movs	r0, #0
1000262a:	f001 fa83 	bl	10003b34 <tud_cdc_n_connected>
1000262e:	2800      	cmp	r0, #0
10002630:	d048      	beq.n	100026c4 <stdio_usb_out_chars+0xd0>
10002632:	2e00      	cmp	r6, #0
10002634:	dd41      	ble.n	100026ba <stdio_usb_out_chars+0xc6>
10002636:	2500      	movs	r5, #0
10002638:	f8df 80a4 	ldr.w	r8, [pc, #164]	@ 100026e0 <stdio_usb_out_chars+0xec>
1000263c:	f8df 90a4 	ldr.w	r9, [pc, #164]	@ 100026e4 <stdio_usb_out_chars+0xf0>
10002640:	e013      	b.n	1000266a <stdio_usb_out_chars+0x76>
10002642:	4622      	mov	r2, r4
10002644:	2000      	movs	r0, #0
10002646:	f001 fb23 	bl	10003c90 <tud_cdc_n_write>
1000264a:	2100      	movs	r1, #0
1000264c:	4604      	mov	r4, r0
1000264e:	f04f 30ff 	mov.w	r0, #4294967295	@ 0xffffffff
10002652:	f000 fc9b 	bl	10002f8c <tud_task_ext>
10002656:	2000      	movs	r0, #0
10002658:	f001 fad4 	bl	10003c04 <tud_cdc_n_write_flush>
1000265c:	f7ff faa4 	bl	10001ba8 <time_us_64>
10002660:	e9c8 0100 	strd	r0, r1, [r8]
10002664:	4425      	add	r5, r4
10002666:	42ae      	cmp	r6, r5
10002668:	dd27      	ble.n	100026ba <stdio_usb_out_chars+0xc6>
1000266a:	2000      	movs	r0, #0
1000266c:	f001 fb32 	bl	10003cd4 <tud_cdc_n_write_available>
10002670:	1b74      	subs	r4, r6, r5
10002672:	4284      	cmp	r4, r0
10002674:	bfa8      	it	ge
10002676:	4604      	movge	r4, r0
10002678:	1979      	adds	r1, r7, r5
1000267a:	2c00      	cmp	r4, #0
1000267c:	d1e1      	bne.n	10002642 <stdio_usb_out_chars+0x4e>
1000267e:	4621      	mov	r1, r4
10002680:	f04f 30ff 	mov.w	r0, #4294967295	@ 0xffffffff
10002684:	f000 fc82 	bl	10002f8c <tud_task_ext>
10002688:	4620      	mov	r0, r4
1000268a:	f001 fabb 	bl	10003c04 <tud_cdc_n_write_flush>
1000268e:	4620      	mov	r0, r4
10002690:	f001 fa50 	bl	10003b34 <tud_cdc_n_connected>
10002694:	b188      	cbz	r0, 100026ba <stdio_usb_out_chars+0xc6>
10002696:	4620      	mov	r0, r4
10002698:	f001 fb1c 	bl	10003cd4 <tud_cdc_n_write_available>
1000269c:	2800      	cmp	r0, #0
1000269e:	d1e2      	bne.n	10002666 <stdio_usb_out_chars+0x72>
100026a0:	f7ff fa82 	bl	10001ba8 <time_us_64>
100026a4:	f8d8 3000 	ldr.w	r3, [r8]
100026a8:	f8d8 2004 	ldr.w	r2, [r8, #4]
100026ac:	eb13 0309 	adds.w	r3, r3, r9
100026b0:	f142 0200 	adc.w	r2, r2, #0
100026b4:	4283      	cmp	r3, r0
100026b6:	418a      	sbcs	r2, r1
100026b8:	d2d5      	bcs.n	10002666 <stdio_usb_out_chars+0x72>
100026ba:	4808      	ldr	r0, [pc, #32]	@ (100026dc <stdio_usb_out_chars+0xe8>)
100026bc:	e8bd 43f8 	ldmia.w	sp!, {r3, r4, r5, r6, r7, r8, r9, lr}
100026c0:	f002 bbca 	b.w	10004e58 <__mutex_exit_veneer>
100026c4:	2000      	movs	r0, #0
100026c6:	2100      	movs	r1, #0
100026c8:	4b05      	ldr	r3, [pc, #20]	@ (100026e0 <stdio_usb_out_chars+0xec>)
100026ca:	e9c3 0100 	strd	r0, r1, [r3]
100026ce:	e8bd 43f8 	ldmia.w	sp!, {r3, r4, r5, r6, r7, r8, r9, lr}
100026d2:	4802      	ldr	r0, [pc, #8]	@ (100026dc <stdio_usb_out_chars+0xe8>)
100026d4:	f002 bbc0 	b.w	10004e58 <__mutex_exit_veneer>
100026d8:	000f4240 	.word	0x000f4240
100026dc:	20001d44 	.word	0x20001d44
100026e0:	200011e8 	.word	0x200011e8
100026e4:	0007a120 	.word	0x0007a120

100026e8 <low_priority_worker_irq>:
100026e8:	b530      	push	{r4, r5, lr}
100026ea:	2100      	movs	r1, #0
100026ec:	b085      	sub	sp, #20
100026ee:	482e      	ldr	r0, [pc, #184]	@ (100027a8 <low_priority_worker_irq+0xc0>)
100026f0:	f002 fbca 	bl	10004e88 <__mutex_try_enter_veneer>
100026f4:	b9f0      	cbnz	r0, 10002734 <low_priority_worker_irq+0x4c>
100026f6:	4b2d      	ldr	r3, [pc, #180]	@ (100027ac <low_priority_worker_irq+0xc4>)
100026f8:	681a      	ldr	r2, [r3, #0]
100026fa:	b1ca      	cbz	r2, 10002730 <low_priority_worker_irq+0x48>
100026fc:	f3ef 8110 	mrs	r1, PRIMASK
10002700:	b672      	cpsid	i
10002702:	e8d2 5fcf 	ldaexb	r5, [r2]
10002706:	2401      	movs	r4, #1
10002708:	2d00      	cmp	r5, #0
1000270a:	d1fa      	bne.n	10002702 <low_priority_worker_irq+0x1a>
1000270c:	e8c2 4f45 	strexb	r5, r4, [r2]
10002710:	2d00      	cmp	r5, #0
10002712:	d1f6      	bne.n	10002702 <low_priority_worker_irq+0x1a>
10002714:	f3bf 8f5f 	dmb	sy
10002718:	4c25      	ldr	r4, [pc, #148]	@ (100027b0 <low_priority_worker_irq+0xc8>)
1000271a:	681d      	ldr	r5, [r3, #0]
1000271c:	7822      	ldrb	r2, [r4, #0]
1000271e:	6059      	str	r1, [r3, #4]
10002720:	b2d3      	uxtb	r3, r2
10002722:	2201      	movs	r2, #1
10002724:	7022      	strb	r2, [r4, #0]
10002726:	e8c5 0f8f 	stlb	r0, [r5]
1000272a:	f381 8810 	msr	PRIMASK, r1
1000272e:	b1cb      	cbz	r3, 10002764 <low_priority_worker_irq+0x7c>
10002730:	b005      	add	sp, #20
10002732:	bd30      	pop	{r4, r5, pc}
10002734:	2100      	movs	r1, #0
10002736:	f04f 30ff 	mov.w	r0, #4294967295	@ 0xffffffff
1000273a:	f000 fc27 	bl	10002f8c <tud_task_ext>
1000273e:	2000      	movs	r0, #0
10002740:	f001 fa0e 	bl	10003b60 <tud_cdc_n_available>
10002744:	4604      	mov	r4, r0
10002746:	4818      	ldr	r0, [pc, #96]	@ (100027a8 <low_priority_worker_irq+0xc0>)
10002748:	f002 fb86 	bl	10004e58 <__mutex_exit_veneer>
1000274c:	2c00      	cmp	r4, #0
1000274e:	d0ef      	beq.n	10002730 <low_priority_worker_irq+0x48>
10002750:	4b18      	ldr	r3, [pc, #96]	@ (100027b4 <low_priority_worker_irq+0xcc>)
10002752:	681b      	ldr	r3, [r3, #0]
10002754:	2b00      	cmp	r3, #0
10002756:	d0eb      	beq.n	10002730 <low_priority_worker_irq+0x48>
10002758:	4a17      	ldr	r2, [pc, #92]	@ (100027b8 <low_priority_worker_irq+0xd0>)
1000275a:	6810      	ldr	r0, [r2, #0]
1000275c:	b005      	add	sp, #20
1000275e:	e8bd 4030 	ldmia.w	sp!, {r4, r5, lr}
10002762:	4718      	bx	r3
10002764:	f7ff f81c 	bl	100017a0 <alarm_pool_get_default>
10002768:	4604      	mov	r4, r0
1000276a:	f7ff fa1d 	bl	10001ba8 <time_us_64>
1000276e:	f04f 3cff 	mov.w	ip, #4294967295	@ 0xffffffff
10002772:	f06f 4500 	mvn.w	r5, #2147483648	@ 0x80000000
10002776:	f510 727a 	adds.w	r2, r0, #1000	@ 0x3e8
1000277a:	f141 0300 	adc.w	r3, r1, #0
1000277e:	4594      	cmp	ip, r2
10002780:	eb75 0103 	sbcs.w	r1, r5, r3
10002784:	bf38      	it	cc
10002786:	462b      	movcc	r3, r5
10002788:	f04f 0100 	mov.w	r1, #0
1000278c:	f04f 0501 	mov.w	r5, #1
10002790:	4620      	mov	r0, r4
10002792:	4c0a      	ldr	r4, [pc, #40]	@ (100027bc <low_priority_worker_irq+0xd4>)
10002794:	bf38      	it	cc
10002796:	4662      	movcc	r2, ip
10002798:	e9cd 1501 	strd	r1, r5, [sp, #4]
1000279c:	9400      	str	r4, [sp, #0]
1000279e:	f7ff f803 	bl	100017a8 <alarm_pool_add_alarm_at>
100027a2:	b005      	add	sp, #20
100027a4:	bd30      	pop	{r4, r5, pc}
100027a6:	bf00      	nop
100027a8:	20001d44 	.word	0x20001d44
100027ac:	20001d10 	.word	0x20001d10
100027b0:	20001d65 	.word	0x20001d65
100027b4:	20001890 	.word	0x20001890
100027b8:	20001894 	.word	0x20001894
100027bc:	1000249d 	.word	0x1000249d

100027c0 <stdio_usb_init>:
100027c0:	f04f 4350 	mov.w	r3, #3489660928	@ 0xd0000000
100027c4:	b530      	push	{r4, r5, lr}
100027c6:	b085      	sub	sp, #20
100027c8:	681c      	ldr	r4, [r3, #0]
100027ca:	f7fe ffe9 	bl	100017a0 <alarm_pool_get_default>
100027ce:	f7ff f8fd 	bl	100019cc <alarm_pool_core_num>
100027d2:	42a0      	cmp	r0, r4
100027d4:	d002      	beq.n	100027dc <stdio_usb_init+0x1c>
100027d6:	2000      	movs	r0, #0
100027d8:	b005      	add	sp, #20
100027da:	bd30      	pop	{r4, r5, pc}
100027dc:	2100      	movs	r1, #0
100027de:	4b2a      	ldr	r3, [pc, #168]	@ (10002888 <stdio_usb_init+0xc8>)
100027e0:	4608      	mov	r0, r1
100027e2:	781b      	ldrb	r3, [r3, #0]
100027e4:	f001 fd46 	bl	10004274 <tusb_rhport_init>
100027e8:	4828      	ldr	r0, [pc, #160]	@ (1000288c <stdio_usb_init+0xcc>)
100027ea:	6803      	ldr	r3, [r0, #0]
100027ec:	2b00      	cmp	r3, #0
100027ee:	d047      	beq.n	10002880 <stdio_usb_init+0xc0>
100027f0:	2001      	movs	r0, #1
100027f2:	f7fe fd5b 	bl	100012ac <user_irq_claim_unused>
100027f6:	4603      	mov	r3, r0
100027f8:	4c25      	ldr	r4, [pc, #148]	@ (10002890 <stdio_usb_init+0xd0>)
100027fa:	4926      	ldr	r1, [pc, #152]	@ (10002894 <stdio_usb_init+0xd4>)
100027fc:	b2c0      	uxtb	r0, r0
100027fe:	7023      	strb	r3, [r4, #0]
10002800:	f7fe fbd2 	bl	10000fa8 <irq_set_exclusive_handler>
10002804:	7820      	ldrb	r0, [r4, #0]
10002806:	2101      	movs	r1, #1
10002808:	f7fe fb8c 	bl	10000f24 <irq_set_enabled>
1000280c:	200e      	movs	r0, #14
1000280e:	f7fe fbbb 	bl	10000f88 <irq_has_shared_handler>
10002812:	bb40      	cbnz	r0, 10002866 <stdio_usb_init+0xa6>
10002814:	4b20      	ldr	r3, [pc, #128]	@ (10002898 <stdio_usb_init+0xd8>)
10002816:	2501      	movs	r5, #1
10002818:	e9c3 0000 	strd	r0, r0, [r3]
1000281c:	f7fe ffc0 	bl	100017a0 <alarm_pool_get_default>
10002820:	4604      	mov	r4, r0
10002822:	f7ff f9c1 	bl	10001ba8 <time_us_64>
10002826:	f04f 3eff 	mov.w	lr, #4294967295	@ 0xffffffff
1000282a:	f06f 4c00 	mvn.w	ip, #2147483648	@ 0x80000000
1000282e:	f510 727a 	adds.w	r2, r0, #1000	@ 0x3e8
10002832:	f141 0300 	adc.w	r3, r1, #0
10002836:	4596      	cmp	lr, r2
10002838:	eb7c 0103 	sbcs.w	r1, ip, r3
1000283c:	f04f 0100 	mov.w	r1, #0
10002840:	4620      	mov	r0, r4
10002842:	4c16      	ldr	r4, [pc, #88]	@ (1000289c <stdio_usb_init+0xdc>)
10002844:	bf3c      	itt	cc
10002846:	4672      	movcc	r2, lr
10002848:	4663      	movcc	r3, ip
1000284a:	e9cd 1501 	strd	r1, r5, [sp, #4]
1000284e:	9400      	str	r4, [sp, #0]
10002850:	f7fe ffaa 	bl	100017a8 <alarm_pool_add_alarm_at>
10002854:	2800      	cmp	r0, #0
10002856:	dbbe      	blt.n	100027d6 <stdio_usb_init+0x16>
10002858:	2101      	movs	r1, #1
1000285a:	4811      	ldr	r0, [pc, #68]	@ (100028a0 <stdio_usb_init+0xe0>)
1000285c:	f7ff fd28 	bl	100022b0 <stdio_set_driver_enabled>
10002860:	2001      	movs	r0, #1
10002862:	b005      	add	sp, #20
10002864:	bd30      	pop	{r4, r5, pc}
10002866:	2001      	movs	r0, #1
10002868:	f7fe fb18 	bl	10000e9c <spin_lock_claim_unused>
1000286c:	4601      	mov	r1, r0
1000286e:	480a      	ldr	r0, [pc, #40]	@ (10002898 <stdio_usb_init+0xd8>)
10002870:	f7fe fd78 	bl	10001364 <critical_section_init_with_lock_num>
10002874:	2200      	movs	r2, #0
10002876:	200e      	movs	r0, #14
10002878:	490a      	ldr	r1, [pc, #40]	@ (100028a4 <stdio_usb_init+0xe4>)
1000287a:	f7fe fbc5 	bl	10001008 <irq_add_shared_handler>
1000287e:	e7eb      	b.n	10002858 <stdio_usb_init+0x98>
10002880:	f7fe fd54 	bl	1000132c <mutex_init>
10002884:	e7b4      	b.n	100027f0 <stdio_usb_init+0x30>
10002886:	bf00      	nop
10002888:	10005308 	.word	0x10005308
1000288c:	20001d44 	.word	0x20001d44
10002890:	20001d64 	.word	0x20001d64
10002894:	100026e9 	.word	0x100026e9
10002898:	20001d10 	.word	0x20001d10
1000289c:	1000249d 	.word	0x1000249d
100028a0:	20000f5c 	.word	0x20000f5c
100028a4:	1000250d 	.word	0x1000250d

100028a8 <tud_descriptor_device_cb>:
100028a8:	4800      	ldr	r0, [pc, #0]	@ (100028ac <tud_descriptor_device_cb+0x4>)
100028aa:	4770      	bx	lr
100028ac:	1000528c 	.word	0x1000528c

100028b0 <tud_descriptor_configuration_cb>:
100028b0:	4800      	ldr	r0, [pc, #0]	@ (100028b4 <tud_descriptor_configuration_cb+0x4>)
100028b2:	4770      	bx	lr
100028b4:	10005238 	.word	0x10005238

100028b8 <tud_descriptor_string_cb>:
100028b8:	b538      	push	{r3, r4, r5, lr}
100028ba:	4b18      	ldr	r3, [pc, #96]	@ (1000291c <tud_descriptor_string_cb+0x64>)
100028bc:	4604      	mov	r4, r0
100028be:	781a      	ldrb	r2, [r3, #0]
100028c0:	b30a      	cbz	r2, 10002906 <tud_descriptor_string_cb+0x4e>
100028c2:	b944      	cbnz	r4, 100028d6 <tud_descriptor_string_cb+0x1e>
100028c4:	f240 4209 	movw	r2, #1033	@ 0x409
100028c8:	f44f 7341 	mov.w	r3, #772	@ 0x304
100028cc:	4d14      	ldr	r5, [pc, #80]	@ (10002920 <tud_descriptor_string_cb+0x68>)
100028ce:	806a      	strh	r2, [r5, #2]
100028d0:	4813      	ldr	r0, [pc, #76]	@ (10002920 <tud_descriptor_string_cb+0x68>)
100028d2:	802b      	strh	r3, [r5, #0]
100028d4:	bd38      	pop	{r3, r4, r5, pc}
100028d6:	2c05      	cmp	r4, #5
100028d8:	d81a      	bhi.n	10002910 <tud_descriptor_string_cb+0x58>
100028da:	4b12      	ldr	r3, [pc, #72]	@ (10002924 <tud_descriptor_string_cb+0x6c>)
100028dc:	4d10      	ldr	r5, [pc, #64]	@ (10002920 <tud_descriptor_string_cb+0x68>)
100028de:	f853 1024 	ldr.w	r1, [r3, r4, lsl #2]
100028e2:	4628      	mov	r0, r5
100028e4:	2300      	movs	r3, #0
100028e6:	3901      	subs	r1, #1
100028e8:	e003      	b.n	100028f2 <tud_descriptor_string_cb+0x3a>
100028ea:	2b13      	cmp	r3, #19
100028ec:	f820 2f02 	strh.w	r2, [r0, #2]!
100028f0:	d010      	beq.n	10002914 <tud_descriptor_string_cb+0x5c>
100028f2:	f811 2f01 	ldrb.w	r2, [r1, #1]!
100028f6:	3301      	adds	r3, #1
100028f8:	b2db      	uxtb	r3, r3
100028fa:	2a00      	cmp	r2, #0
100028fc:	d1f5      	bne.n	100028ea <tud_descriptor_string_cb+0x32>
100028fe:	005b      	lsls	r3, r3, #1
10002900:	f443 7340 	orr.w	r3, r3, #768	@ 0x300
10002904:	e7e4      	b.n	100028d0 <tud_descriptor_string_cb+0x18>
10002906:	2111      	movs	r1, #17
10002908:	4618      	mov	r0, r3
1000290a:	f000 f825 	bl	10002958 <pico_get_unique_board_id_string>
1000290e:	e7d8      	b.n	100028c2 <tud_descriptor_string_cb+0xa>
10002910:	2000      	movs	r0, #0
10002912:	bd38      	pop	{r3, r4, r5, pc}
10002914:	f44f 734a 	mov.w	r3, #808	@ 0x328
10002918:	e7da      	b.n	100028d0 <tud_descriptor_string_cb+0x18>
1000291a:	bf00      	nop
1000291c:	20001d4c 	.word	0x20001d4c
10002920:	200018c8 	.word	0x200018c8
10002924:	10005220 	.word	0x10005220

10002928 <_retrieve_unique_id_on_boot>:
10002928:	b500      	push	{lr}
1000292a:	f245 3047 	movw	r0, #21319	@ 0x5347
1000292e:	b08b      	sub	sp, #44	@ 0x2c
10002930:	f7ff fa7c 	bl	10001e2c <rom_func_lookup>
10002934:	2201      	movs	r2, #1
10002936:	4603      	mov	r3, r0
10002938:	2109      	movs	r1, #9
1000293a:	a801      	add	r0, sp, #4
1000293c:	4798      	blx	r3
1000293e:	e9dd 3203 	ldrd	r3, r2, [sp, #12]
10002942:	4904      	ldr	r1, [pc, #16]	@ (10002954 <_retrieve_unique_id_on_boot+0x2c>)
10002944:	ba12      	rev	r2, r2
10002946:	ba1b      	rev	r3, r3
10002948:	e9c1 2300 	strd	r2, r3, [r1]
1000294c:	b00b      	add	sp, #44	@ 0x2c
1000294e:	f85d fb04 	ldr.w	pc, [sp], #4
10002952:	bf00      	nop
10002954:	20001d38 	.word	0x20001d38

10002958 <pico_get_unique_board_id_string>:
10002958:	2901      	cmp	r1, #1
1000295a:	f101 33ff 	add.w	r3, r1, #4294967295	@ 0xffffffff
1000295e:	f000 80b3 	beq.w	10002ac8 <pico_get_unique_board_id_string+0x170>
10002962:	495d      	ldr	r1, [pc, #372]	@ (10002ad8 <pico_get_unique_board_id_string+0x180>)
10002964:	780a      	ldrb	r2, [r1, #0]
10002966:	ea4f 1c12 	mov.w	ip, r2, lsr #4
1000296a:	2a9f      	cmp	r2, #159	@ 0x9f
1000296c:	bf8c      	ite	hi
1000296e:	f10c 0c37 	addhi.w	ip, ip, #55	@ 0x37
10002972:	f10c 0c30 	addls.w	ip, ip, #48	@ 0x30
10002976:	2b01      	cmp	r3, #1
10002978:	f880 c000 	strb.w	ip, [r0]
1000297c:	f000 80a7 	beq.w	10002ace <pico_get_unique_board_id_string+0x176>
10002980:	f002 020f 	and.w	r2, r2, #15
10002984:	2a09      	cmp	r2, #9
10002986:	bf8c      	ite	hi
10002988:	3237      	addhi	r2, #55	@ 0x37
1000298a:	3230      	addls	r2, #48	@ 0x30
1000298c:	2b02      	cmp	r3, #2
1000298e:	7042      	strb	r2, [r0, #1]
10002990:	f000 809d 	beq.w	10002ace <pico_get_unique_board_id_string+0x176>
10002994:	784a      	ldrb	r2, [r1, #1]
10002996:	ea4f 1c12 	mov.w	ip, r2, lsr #4
1000299a:	2a9f      	cmp	r2, #159	@ 0x9f
1000299c:	bf8c      	ite	hi
1000299e:	f10c 0c37 	addhi.w	ip, ip, #55	@ 0x37
100029a2:	f10c 0c30 	addls.w	ip, ip, #48	@ 0x30
100029a6:	2b03      	cmp	r3, #3
100029a8:	f880 c002 	strb.w	ip, [r0, #2]
100029ac:	f000 808f 	beq.w	10002ace <pico_get_unique_board_id_string+0x176>
100029b0:	f002 020f 	and.w	r2, r2, #15
100029b4:	2a09      	cmp	r2, #9
100029b6:	bf8c      	ite	hi
100029b8:	3237      	addhi	r2, #55	@ 0x37
100029ba:	3230      	addls	r2, #48	@ 0x30
100029bc:	2b04      	cmp	r3, #4
100029be:	70c2      	strb	r2, [r0, #3]
100029c0:	f000 8085 	beq.w	10002ace <pico_get_unique_board_id_string+0x176>
100029c4:	788a      	ldrb	r2, [r1, #2]
100029c6:	ea4f 1c12 	mov.w	ip, r2, lsr #4
100029ca:	2a9f      	cmp	r2, #159	@ 0x9f
100029cc:	bf8c      	ite	hi
100029ce:	f10c 0c37 	addhi.w	ip, ip, #55	@ 0x37
100029d2:	f10c 0c30 	addls.w	ip, ip, #48	@ 0x30
100029d6:	2b05      	cmp	r3, #5
100029d8:	f880 c004 	strb.w	ip, [r0, #4]
100029dc:	d077      	beq.n	10002ace <pico_get_unique_board_id_string+0x176>
100029de:	f002 020f 	and.w	r2, r2, #15
100029e2:	2a09      	cmp	r2, #9
100029e4:	bf8c      	ite	hi
100029e6:	3237      	addhi	r2, #55	@ 0x37
100029e8:	3230      	addls	r2, #48	@ 0x30
100029ea:	2b06      	cmp	r3, #6
100029ec:	7142      	strb	r2, [r0, #5]
100029ee:	d06e      	beq.n	10002ace <pico_get_unique_board_id_string+0x176>
100029f0:	78ca      	ldrb	r2, [r1, #3]
100029f2:	ea4f 1c12 	mov.w	ip, r2, lsr #4
100029f6:	2a9f      	cmp	r2, #159	@ 0x9f
100029f8:	bf8c      	ite	hi
100029fa:	f10c 0c37 	addhi.w	ip, ip, #55	@ 0x37
100029fe:	f10c 0c30 	addls.w	ip, ip, #48	@ 0x30
10002a02:	2b07      	cmp	r3, #7
10002a04:	f880 c006 	strb.w	ip, [r0, #6]
10002a08:	d061      	beq.n	10002ace <pico_get_unique_board_id_string+0x176>
10002a0a:	f002 020f 	and.w	r2, r2, #15
10002a0e:	2a09      	cmp	r2, #9
10002a10:	bf8c      	ite	hi
10002a12:	3237      	addhi	r2, #55	@ 0x37
10002a14:	3230      	addls	r2, #48	@ 0x30
10002a16:	2b08      	cmp	r3, #8
10002a18:	71c2      	strb	r2, [r0, #7]
10002a1a:	d058      	beq.n	10002ace <pico_get_unique_board_id_string+0x176>
10002a1c:	790a      	ldrb	r2, [r1, #4]
10002a1e:	ea4f 1c12 	mov.w	ip, r2, lsr #4
10002a22:	2a9f      	cmp	r2, #159	@ 0x9f
10002a24:	bf8c      	ite	hi
10002a26:	f10c 0c37 	addhi.w	ip, ip, #55	@ 0x37
10002a2a:	f10c 0c30 	addls.w	ip, ip, #48	@ 0x30
10002a2e:	2b09      	cmp	r3, #9
10002a30:	f880 c008 	strb.w	ip, [r0, #8]
10002a34:	d04b      	beq.n	10002ace <pico_get_unique_board_id_string+0x176>
10002a36:	f002 020f 	and.w	r2, r2, #15
10002a3a:	2a09      	cmp	r2, #9
10002a3c:	bf8c      	ite	hi
10002a3e:	3237      	addhi	r2, #55	@ 0x37
10002a40:	3230      	addls	r2, #48	@ 0x30
10002a42:	2b0a      	cmp	r3, #10
10002a44:	7242      	strb	r2, [r0, #9]
10002a46:	d042      	beq.n	10002ace <pico_get_unique_board_id_string+0x176>
10002a48:	794a      	ldrb	r2, [r1, #5]
10002a4a:	ea4f 1c12 	mov.w	ip, r2, lsr #4
10002a4e:	2a9f      	cmp	r2, #159	@ 0x9f
10002a50:	bf8c      	ite	hi
10002a52:	f10c 0c37 	addhi.w	ip, ip, #55	@ 0x37
10002a56:	f10c 0c30 	addls.w	ip, ip, #48	@ 0x30
10002a5a:	2b0b      	cmp	r3, #11
10002a5c:	f880 c00a 	strb.w	ip, [r0, #10]
10002a60:	d035      	beq.n	10002ace <pico_get_unique_board_id_string+0x176>
10002a62:	f002 020f 	and.w	r2, r2, #15
10002a66:	2a09      	cmp	r2, #9
10002a68:	bf8c      	ite	hi
10002a6a:	3237      	addhi	r2, #55	@ 0x37
10002a6c:	3230      	addls	r2, #48	@ 0x30
10002a6e:	2b0c      	cmp	r3, #12
10002a70:	72c2      	strb	r2, [r0, #11]
10002a72:	d02c      	beq.n	10002ace <pico_get_unique_board_id_string+0x176>
10002a74:	798a      	ldrb	r2, [r1, #6]
10002a76:	ea4f 1c12 	mov.w	ip, r2, lsr #4
10002a7a:	2a9f      	cmp	r2, #159	@ 0x9f
10002a7c:	bf8c      	ite	hi
10002a7e:	f10c 0c37 	addhi.w	ip, ip, #55	@ 0x37
10002a82:	f10c 0c30 	addls.w	ip, ip, #48	@ 0x30
10002a86:	2b0d      	cmp	r3, #13
10002a88:	f880 c00c 	strb.w	ip, [r0, #12]
10002a8c:	d01f      	beq.n	10002ace <pico_get_unique_board_id_string+0x176>
10002a8e:	f002 020f 	and.w	r2, r2, #15
10002a92:	2a09      	cmp	r2, #9
10002a94:	bf8c      	ite	hi
10002a96:	3237      	addhi	r2, #55	@ 0x37
10002a98:	3230      	addls	r2, #48	@ 0x30
10002a9a:	2b0e      	cmp	r3, #14
10002a9c:	7342      	strb	r2, [r0, #13]
10002a9e:	d016      	beq.n	10002ace <pico_get_unique_board_id_string+0x176>
10002aa0:	79ca      	ldrb	r2, [r1, #7]
10002aa2:	0911      	lsrs	r1, r2, #4
10002aa4:	2a9f      	cmp	r2, #159	@ 0x9f
10002aa6:	bf8c      	ite	hi
10002aa8:	3137      	addhi	r1, #55	@ 0x37
10002aaa:	3130      	addls	r1, #48	@ 0x30
10002aac:	2b0f      	cmp	r3, #15
10002aae:	7381      	strb	r1, [r0, #14]
10002ab0:	d00d      	beq.n	10002ace <pico_get_unique_board_id_string+0x176>
10002ab2:	f002 020f 	and.w	r2, r2, #15
10002ab6:	2a09      	cmp	r2, #9
10002ab8:	bf94      	ite	ls
10002aba:	3230      	addls	r2, #48	@ 0x30
10002abc:	3237      	addhi	r2, #55	@ 0x37
10002abe:	2b10      	cmp	r3, #16
10002ac0:	73c2      	strb	r2, [r0, #15]
10002ac2:	bf18      	it	ne
10002ac4:	3010      	addne	r0, #16
10002ac6:	d002      	beq.n	10002ace <pico_get_unique_board_id_string+0x176>
10002ac8:	2300      	movs	r3, #0
10002aca:	7003      	strb	r3, [r0, #0]
10002acc:	4770      	bx	lr
10002ace:	4418      	add	r0, r3
10002ad0:	2300      	movs	r3, #0
10002ad2:	7003      	strb	r3, [r0, #0]
10002ad4:	4770      	bx	lr
10002ad6:	bf00      	nop
10002ad8:	20001d38 	.word	0x20001d38

10002adc <dcd_init>:
10002adc:	b570      	push	{r4, r5, r6, lr}
10002ade:	f000 f933 	bl	10002d48 <rp2040_usb_init>
10002ae2:	230c      	movs	r3, #12
10002ae4:	2640      	movs	r6, #64	@ 0x40
10002ae6:	4c1b      	ldr	r4, [pc, #108]	@ (10002b54 <dcd_init+0x78>)
10002ae8:	22ff      	movs	r2, #255	@ 0xff
10002aea:	67a3      	str	r3, [r4, #120]	@ 0x78
10002aec:	200e      	movs	r0, #14
10002aee:	491a      	ldr	r1, [pc, #104]	@ (10002b58 <dcd_init+0x7c>)
10002af0:	f7fe fa8a 	bl	10001008 <irq_add_shared_handler>
10002af4:	4b19      	ldr	r3, [pc, #100]	@ (10002b5c <dcd_init+0x80>)
10002af6:	4632      	mov	r2, r6
10002af8:	2100      	movs	r1, #0
10002afa:	4618      	mov	r0, r3
10002afc:	f002 f852 	bl	10004ba4 <memset>
10002b00:	4603      	mov	r3, r0
10002b02:	2100      	movs	r1, #0
10002b04:	2501      	movs	r5, #1
10002b06:	2080      	movs	r0, #128	@ 0x80
10002b08:	4a15      	ldr	r2, [pc, #84]	@ (10002b60 <dcd_init+0x84>)
10002b0a:	8458      	strh	r0, [r3, #34]	@ 0x22
10002b0c:	609a      	str	r2, [r3, #8]
10002b0e:	3a84      	subs	r2, #132	@ 0x84
10002b10:	705d      	strb	r5, [r3, #1]
10002b12:	831e      	strh	r6, [r3, #24]
10002b14:	871e      	strh	r6, [r3, #56]	@ 0x38
10002b16:	6059      	str	r1, [r3, #4]
10002b18:	f8c2 1084 	str.w	r1, [r2, #132]	@ 0x84
10002b1c:	f8c2 1080 	str.w	r1, [r2, #128]	@ 0x80
10002b20:	f502 7280 	add.w	r2, r2, #256	@ 0x100
10002b24:	60da      	str	r2, [r3, #12]
10002b26:	62da      	str	r2, [r3, #44]	@ 0x2c
10002b28:	3a80      	subs	r2, #128	@ 0x80
10002b2a:	f883 1021 	strb.w	r1, [r3, #33]	@ 0x21
10002b2e:	f883 103b 	strb.w	r1, [r3, #59]	@ 0x3b
10002b32:	6259      	str	r1, [r3, #36]	@ 0x24
10002b34:	629a      	str	r2, [r3, #40]	@ 0x28
10002b36:	f04f 5600 	mov.w	r6, #536870912	@ 0x20000000
10002b3a:	f002 f991 	bl	10004e60 <__reset_non_control_endpoints_veneer>
10002b3e:	f44f 3280 	mov.w	r2, #65536	@ 0x10000
10002b42:	4908      	ldr	r1, [pc, #32]	@ (10002b64 <dcd_init+0x88>)
10002b44:	4b08      	ldr	r3, [pc, #32]	@ (10002b68 <dcd_init+0x8c>)
10002b46:	6425      	str	r5, [r4, #64]	@ 0x40
10002b48:	4628      	mov	r0, r5
10002b4a:	64e6      	str	r6, [r4, #76]	@ 0x4c
10002b4c:	f8c4 1090 	str.w	r1, [r4, #144]	@ 0x90
10002b50:	64da      	str	r2, [r3, #76]	@ 0x4c
10002b52:	bd70      	pop	{r4, r5, r6, pc}
10002b54:	50110000 	.word	0x50110000
10002b58:	200003a9 	.word	0x200003a9
10002b5c:	200018fc 	.word	0x200018fc
10002b60:	50100084 	.word	0x50100084
10002b64:	0001d010 	.word	0x0001d010
10002b68:	50112000 	.word	0x50112000

10002b6c <dcd_int_enable>:
10002b6c:	2101      	movs	r1, #1
10002b6e:	200e      	movs	r0, #14
10002b70:	f7fe b9d8 	b.w	10000f24 <irq_set_enabled>

10002b74 <dcd_set_address>:
10002b74:	2200      	movs	r2, #0
10002b76:	4802      	ldr	r0, [pc, #8]	@ (10002b80 <dcd_set_address+0xc>)
10002b78:	4611      	mov	r1, r2
10002b7a:	f000 b905 	b.w	10002d88 <hw_endpoint_xfer_start>
10002b7e:	bf00      	nop
10002b80:	2000191c 	.word	0x2000191c

10002b84 <dcd_sof_enable>:
10002b84:	4b04      	ldr	r3, [pc, #16]	@ (10002b98 <dcd_sof_enable+0x14>)
10002b86:	7019      	strb	r1, [r3, #0]
10002b88:	b121      	cbz	r1, 10002b94 <dcd_sof_enable+0x10>
10002b8a:	f44f 3200 	mov.w	r2, #131072	@ 0x20000
10002b8e:	4b03      	ldr	r3, [pc, #12]	@ (10002b9c <dcd_sof_enable+0x18>)
10002b90:	f8c3 2090 	str.w	r2, [r3, #144]	@ 0x90
10002b94:	4770      	bx	lr
10002b96:	bf00      	nop
10002b98:	20001d5e 	.word	0x20001d5e
10002b9c:	50112000 	.word	0x50112000

10002ba0 <dcd_edpt0_status_complete>:
10002ba0:	780b      	ldrb	r3, [r1, #0]
10002ba2:	065b      	lsls	r3, r3, #25
10002ba4:	d102      	bne.n	10002bac <dcd_edpt0_status_complete+0xc>
10002ba6:	784b      	ldrb	r3, [r1, #1]
10002ba8:	2b05      	cmp	r3, #5
10002baa:	d000      	beq.n	10002bae <dcd_edpt0_status_complete+0xe>
10002bac:	4770      	bx	lr
10002bae:	884b      	ldrh	r3, [r1, #2]
10002bb0:	4a01      	ldr	r2, [pc, #4]	@ (10002bb8 <dcd_edpt0_status_complete+0x18>)
10002bb2:	b2db      	uxtb	r3, r3
10002bb4:	6013      	str	r3, [r2, #0]
10002bb6:	4770      	bx	lr
10002bb8:	50110000 	.word	0x50110000

10002bbc <dcd_edpt_open>:
10002bbc:	78cb      	ldrb	r3, [r1, #3]
10002bbe:	e92d 41f0 	stmdb	sp!, {r4, r5, r6, r7, r8, lr}
10002bc2:	f003 0e03 	and.w	lr, r3, #3
10002bc6:	f1be 0f01 	cmp.w	lr, #1
10002bca:	f3c3 0001 	ubfx	r0, r3, #0, #2
10002bce:	d05d      	beq.n	10002c8c <dcd_edpt_open+0xd0>
10002bd0:	2700      	movs	r7, #0
10002bd2:	f891 c002 	ldrb.w	ip, [r1, #2]
10002bd6:	4c35      	ldr	r4, [pc, #212]	@ (10002cac <dcd_edpt_open+0xf0>)
10002bd8:	f00c 037f 	and.w	r3, ip, #127	@ 0x7f
10002bdc:	005e      	lsls	r6, r3, #1
10002bde:	8889      	ldrh	r1, [r1, #4]
10002be0:	eb06 12dc 	add.w	r2, r6, ip, lsr #7
10002be4:	eb04 1242 	add.w	r2, r4, r2, lsl #5
10002be8:	ea4f 15dc 	mov.w	r5, ip, lsr #7
10002bec:	76d0      	strb	r0, [r2, #27]
10002bee:	f3c1 010a 	ubfx	r1, r1, #0, #11
10002bf2:	f085 0001 	eor.w	r0, r5, #1
10002bf6:	7050      	strb	r0, [r2, #1]
10002bf8:	f882 c002 	strb.w	ip, [r2, #2]
10002bfc:	8311      	strh	r1, [r2, #24]
10002bfe:	70d7      	strb	r7, [r2, #3]
10002c00:	b218      	sxth	r0, r3
10002c02:	00da      	lsls	r2, r3, #3
10002c04:	bb8d      	cbnz	r5, 10002c6a <dcd_edpt_open+0xae>
10002c06:	482a      	ldr	r0, [pc, #168]	@ (10002cb0 <dcd_edpt_open+0xf4>)
10002c08:	3204      	adds	r2, #4
10002c0a:	eb04 1c83 	add.w	ip, r4, r3, lsl #6
10002c0e:	eb02 0800 	add.w	r8, r2, r0
10002c12:	f8cc 8008 	str.w	r8, [ip, #8]
10002c16:	5017      	str	r7, [r2, r0]
10002c18:	b38b      	cbz	r3, 10002c7e <dcd_edpt_open+0xc2>
10002c1a:	4a26      	ldr	r2, [pc, #152]	@ (10002cb4 <dcd_edpt_open+0xf8>)
10002c1c:	00db      	lsls	r3, r3, #3
10002c1e:	441a      	add	r2, r3
10002c20:	f8cc 2004 	str.w	r2, [ip, #4]
10002c24:	4b24      	ldr	r3, [pc, #144]	@ (10002cb8 <dcd_edpt_open+0xfc>)
10002c26:	313f      	adds	r1, #63	@ 0x3f
10002c28:	681a      	ldr	r2, [r3, #0]
10002c2a:	f021 013f 	bic.w	r1, r1, #63	@ 0x3f
10002c2e:	f1be 0f02 	cmp.w	lr, #2
10002c32:	bf08      	it	eq
10002c34:	0049      	lsleq	r1, r1, #1
10002c36:	4411      	add	r1, r2
10002c38:	6019      	str	r1, [r3, #0]
10002c3a:	4b20      	ldr	r3, [pc, #128]	@ (10002cbc <dcd_edpt_open+0x100>)
10002c3c:	1977      	adds	r7, r6, r5
10002c3e:	eb04 1747 	add.w	r7, r4, r7, lsl #5
10002c42:	4299      	cmp	r1, r3
10002c44:	60fa      	str	r2, [r7, #12]
10002c46:	d82c      	bhi.n	10002ca2 <dcd_edpt_open+0xe6>
10002c48:	442e      	add	r6, r5
10002c4a:	eb04 1346 	add.w	r3, r4, r6, lsl #5
10002c4e:	7ed9      	ldrb	r1, [r3, #27]
10002c50:	f082 42a0 	eor.w	r2, r2, #1342177280	@ 0x50000000
10002c54:	f482 1280 	eor.w	r2, r2, #1048576	@ 0x100000
10002c58:	685b      	ldr	r3, [r3, #4]
10002c5a:	ea42 6281 	orr.w	r2, r2, r1, lsl #26
10002c5e:	f042 4200 	orr.w	r2, r2, #2147483648	@ 0x80000000
10002c62:	601a      	str	r2, [r3, #0]
10002c64:	2001      	movs	r0, #1
10002c66:	e8bd 81f0 	ldmia.w	sp!, {r4, r5, r6, r7, r8, pc}
10002c6a:	f8df c044 	ldr.w	ip, [pc, #68]	@ 10002cb0 <dcd_edpt_open+0xf4>
10002c6e:	eb04 1883 	add.w	r8, r4, r3, lsl #6
10002c72:	4462      	add	r2, ip
10002c74:	f8c8 2028 	str.w	r2, [r8, #40]	@ 0x28
10002c78:	f84c 7030 	str.w	r7, [ip, r0, lsl #3]
10002c7c:	b94b      	cbnz	r3, 10002c92 <dcd_edpt_open+0xd6>
10002c7e:	2200      	movs	r2, #0
10002c80:	490f      	ldr	r1, [pc, #60]	@ (10002cc0 <dcd_edpt_open+0x104>)
10002c82:	eb04 1345 	add.w	r3, r4, r5, lsl #5
10002c86:	60d9      	str	r1, [r3, #12]
10002c88:	605a      	str	r2, [r3, #4]
10002c8a:	e7eb      	b.n	10002c64 <dcd_edpt_open+0xa8>
10002c8c:	2000      	movs	r0, #0
10002c8e:	e8bd 81f0 	ldmia.w	sp!, {r4, r5, r6, r7, r8, pc}
10002c92:	00db      	lsls	r3, r3, #3
10002c94:	f103 43a0 	add.w	r3, r3, #1342177280	@ 0x50000000
10002c98:	f503 1380 	add.w	r3, r3, #1048576	@ 0x100000
10002c9c:	f8c8 3024 	str.w	r3, [r8, #36]	@ 0x24
10002ca0:	e7c0      	b.n	10002c24 <dcd_edpt_open+0x68>
10002ca2:	f7ff f90f 	bl	10001ec4 <hard_assertion_failure>
10002ca6:	68fa      	ldr	r2, [r7, #12]
10002ca8:	e7ce      	b.n	10002c48 <dcd_edpt_open+0x8c>
10002caa:	bf00      	nop
10002cac:	200018fc 	.word	0x200018fc
10002cb0:	50100080 	.word	0x50100080
10002cb4:	50100004 	.word	0x50100004
10002cb8:	20001d0c 	.word	0x20001d0c
10002cbc:	50100fff 	.word	0x50100fff
10002cc0:	50100100 	.word	0x50100100

10002cc4 <dcd_edpt_close_all>:
10002cc4:	f002 b8cc 	b.w	10004e60 <__reset_non_control_endpoints_veneer>

10002cc8 <dcd_edpt_xfer>:
10002cc8:	468c      	mov	ip, r1
10002cca:	b508      	push	{r3, lr}
10002ccc:	4611      	mov	r1, r2
10002cce:	4807      	ldr	r0, [pc, #28]	@ (10002cec <dcd_edpt_xfer+0x24>)
10002cd0:	461a      	mov	r2, r3
10002cd2:	f00c 037f 	and.w	r3, ip, #127	@ 0x7f
10002cd6:	ea4f 1cdc 	mov.w	ip, ip, lsr #7
10002cda:	eb0c 0c43 	add.w	ip, ip, r3, lsl #1
10002cde:	eb00 104c 	add.w	r0, r0, ip, lsl #5
10002ce2:	f000 f851 	bl	10002d88 <hw_endpoint_xfer_start>
10002ce6:	2001      	movs	r0, #1
10002ce8:	bd08      	pop	{r3, pc}
10002cea:	bf00      	nop
10002cec:	200018fc 	.word	0x200018fc

10002cf0 <dcd_edpt_stall>:
10002cf0:	09cb      	lsrs	r3, r1, #7
10002cf2:	f011 017f 	ands.w	r1, r1, #127	@ 0x7f
10002cf6:	d103      	bne.n	10002d00 <dcd_edpt_stall+0x10>
10002cf8:	4a06      	ldr	r2, [pc, #24]	@ (10002d14 <dcd_edpt_stall+0x24>)
10002cfa:	f1c3 0002 	rsb	r0, r3, #2
10002cfe:	6690      	str	r0, [r2, #104]	@ 0x68
10002d00:	4805      	ldr	r0, [pc, #20]	@ (10002d18 <dcd_edpt_stall+0x28>)
10002d02:	eb03 0341 	add.w	r3, r3, r1, lsl #1
10002d06:	f44f 6200 	mov.w	r2, #2048	@ 0x800
10002d0a:	2100      	movs	r1, #0
10002d0c:	eb00 1043 	add.w	r0, r0, r3, lsl #5
10002d10:	f002 b8ae 	b.w	10004e70 <___hw_endpoint_buffer_control_update32_veneer>
10002d14:	50112000 	.word	0x50112000
10002d18:	200018fc 	.word	0x200018fc

10002d1c <dcd_edpt_clear_stall>:
10002d1c:	f011 037f 	ands.w	r3, r1, #127	@ 0x7f
10002d20:	d100      	bne.n	10002d24 <dcd_edpt_clear_stall+0x8>
10002d22:	4770      	bx	lr
10002d24:	2200      	movs	r2, #0
10002d26:	b410      	push	{r4}
10002d28:	09c8      	lsrs	r0, r1, #7
10002d2a:	4c06      	ldr	r4, [pc, #24]	@ (10002d44 <dcd_edpt_clear_stall+0x28>)
10002d2c:	eb00 0043 	add.w	r0, r0, r3, lsl #1
10002d30:	eb04 1340 	add.w	r3, r4, r0, lsl #5
10002d34:	f46f 6100 	mvn.w	r1, #2048	@ 0x800
10002d38:	4618      	mov	r0, r3
10002d3a:	f85d 4b04 	ldr.w	r4, [sp], #4
10002d3e:	70da      	strb	r2, [r3, #3]
10002d40:	f002 b896 	b.w	10004e70 <___hw_endpoint_buffer_control_update32_veneer>
10002d44:	200018fc 	.word	0x200018fc

10002d48 <rp2040_usb_init>:
10002d48:	f04f 5280 	mov.w	r2, #268435456	@ 0x10000000
10002d4c:	4809      	ldr	r0, [pc, #36]	@ (10002d74 <rp2040_usb_init+0x2c>)
10002d4e:	490a      	ldr	r1, [pc, #40]	@ (10002d78 <rp2040_usb_init+0x30>)
10002d50:	b508      	push	{r3, lr}
10002d52:	4b0a      	ldr	r3, [pc, #40]	@ (10002d7c <rp2040_usb_init+0x34>)
10002d54:	6002      	str	r2, [r0, #0]
10002d56:	600a      	str	r2, [r1, #0]
10002d58:	6899      	ldr	r1, [r3, #8]
10002d5a:	43c9      	mvns	r1, r1
10002d5c:	f011 5180 	ands.w	r1, r1, #268435456	@ 0x10000000
10002d60:	d1fa      	bne.n	10002d58 <rp2040_usb_init+0x10>
10002d62:	f44f 5280 	mov.w	r2, #4096	@ 0x1000
10002d66:	4806      	ldr	r0, [pc, #24]	@ (10002d80 <rp2040_usb_init+0x38>)
10002d68:	f001 ff1c 	bl	10004ba4 <memset>
10002d6c:	2209      	movs	r2, #9
10002d6e:	4b05      	ldr	r3, [pc, #20]	@ (10002d84 <rp2040_usb_init+0x3c>)
10002d70:	675a      	str	r2, [r3, #116]	@ 0x74
10002d72:	bd08      	pop	{r3, pc}
10002d74:	40022000 	.word	0x40022000
10002d78:	40023000 	.word	0x40023000
10002d7c:	40020000 	.word	0x40020000
10002d80:	50100000 	.word	0x50100000
10002d84:	50110000 	.word	0x50110000

10002d88 <hw_endpoint_xfer_start>:
10002d88:	2300      	movs	r3, #0
10002d8a:	f04f 0c01 	mov.w	ip, #1
10002d8e:	b510      	push	{r4, lr}
10002d90:	f880 c01a 	strb.w	ip, [r0, #26]
10002d94:	8282      	strh	r2, [r0, #20]
10002d96:	82c3      	strh	r3, [r0, #22]
10002d98:	6101      	str	r1, [r0, #16]
10002d9a:	4604      	mov	r4, r0
10002d9c:	f002 f864 	bl	10004e68 <__e15_is_bulkin_ep_veneer>
10002da0:	b120      	cbz	r0, 10002dac <hw_endpoint_xfer_start+0x24>
10002da2:	f44f 3200 	mov.w	r2, #131072	@ 0x20000
10002da6:	4b07      	ldr	r3, [pc, #28]	@ (10002dc4 <hw_endpoint_xfer_start+0x3c>)
10002da8:	f8c3 2090 	str.w	r2, [r3, #144]	@ 0x90
10002dac:	4620      	mov	r0, r4
10002dae:	f002 f847 	bl	10004e40 <__e15_is_critical_frame_period_veneer>
10002db2:	b110      	cbz	r0, 10002dba <hw_endpoint_xfer_start+0x32>
10002db4:	2301      	movs	r3, #1
10002db6:	7723      	strb	r3, [r4, #28]
10002db8:	bd10      	pop	{r4, pc}
10002dba:	4620      	mov	r0, r4
10002dbc:	e8bd 4010 	ldmia.w	sp!, {r4, lr}
10002dc0:	f002 b846 	b.w	10004e50 <__hw_endpoint_start_next_buffer_veneer>
10002dc4:	50112000 	.word	0x50112000

10002dc8 <configuration_reset>:
10002dc8:	e92d 41f0 	stmdb	sp!, {r4, r5, r6, r7, r8, lr}
10002dcc:	2400      	movs	r4, #0
10002dce:	4e1d      	ldr	r6, [pc, #116]	@ (10002e44 <configuration_reset+0x7c>)
10002dd0:	4605      	mov	r5, r0
10002dd2:	4623      	mov	r3, r4
10002dd4:	7832      	ldrb	r2, [r6, #0]
10002dd6:	f8df 8078 	ldr.w	r8, [pc, #120]	@ 10002e50 <configuration_reset+0x88>
10002dda:	4f1b      	ldr	r7, [pc, #108]	@ (10002e48 <configuration_reset+0x80>)
10002ddc:	e00d      	b.n	10002dfa <configuration_reset+0x32>
10002dde:	683b      	ldr	r3, [r7, #0]
10002de0:	eb13 1344 	adds.w	r3, r3, r4, lsl #5
10002de4:	d025      	beq.n	10002e32 <configuration_reset+0x6a>
10002de6:	68db      	ldr	r3, [r3, #12]
10002de8:	4628      	mov	r0, r5
10002dea:	4798      	blx	r3
10002dec:	7832      	ldrb	r2, [r6, #0]
10002dee:	3401      	adds	r4, #1
10002df0:	b2e4      	uxtb	r4, r4
10002df2:	1c51      	adds	r1, r2, #1
10002df4:	42a1      	cmp	r1, r4
10002df6:	4623      	mov	r3, r4
10002df8:	db06      	blt.n	10002e08 <configuration_reset+0x40>
10002dfa:	42a2      	cmp	r2, r4
10002dfc:	eba3 0302 	sub.w	r3, r3, r2
10002e00:	d8ed      	bhi.n	10002dde <configuration_reset+0x16>
10002e02:	eb08 1343 	add.w	r3, r8, r3, lsl #5
10002e06:	e7ee      	b.n	10002de6 <configuration_reset+0x1e>
10002e08:	4c10      	ldr	r4, [pc, #64]	@ (10002e4c <configuration_reset+0x84>)
10002e0a:	2254      	movs	r2, #84	@ 0x54
10002e0c:	2100      	movs	r1, #0
10002e0e:	4620      	mov	r0, r4
10002e10:	f001 fec8 	bl	10004ba4 <memset>
10002e14:	f04f 33ff 	mov.w	r3, #4294967295	@ 0xffffffff
10002e18:	1d25      	adds	r5, r4, #4
10002e1a:	6063      	str	r3, [r4, #4]
10002e1c:	e9c5 3301 	strd	r3, r3, [r5, #4]
10002e20:	60eb      	str	r3, [r5, #12]
10002e22:	f104 0014 	add.w	r0, r4, #20
10002e26:	2220      	movs	r2, #32
10002e28:	e8bd 41f0 	ldmia.w	sp!, {r4, r5, r6, r7, r8, lr}
10002e2c:	21ff      	movs	r1, #255	@ 0xff
10002e2e:	f001 beb9 	b.w	10004ba4 <memset>
10002e32:	f04f 23e0 	mov.w	r3, #3758153728	@ 0xe000e000
10002e36:	f8d3 3df0 	ldr.w	r3, [r3, #3568]	@ 0xdf0
10002e3a:	07db      	lsls	r3, r3, #31
10002e3c:	d500      	bpl.n	10002e40 <configuration_reset+0x78>
10002e3e:	be00      	bkpt	0x0000
10002e40:	e8bd 81f0 	ldmia.w	sp!, {r4, r5, r6, r7, r8, pc}
10002e44:	20001d5d 	.word	0x20001d5d
10002e48:	200013a0 	.word	0x200013a0
10002e4c:	200014a8 	.word	0x200014a8
10002e50:	100052a0 	.word	0x100052a0

10002e54 <tud_event_hook_cb>:
10002e54:	4770      	bx	lr
10002e56:	bf00      	nop

10002e58 <tud_sof_cb>:
10002e58:	4770      	bx	lr
10002e5a:	bf00      	nop

10002e5c <tud_descriptor_device_qualifier_cb>:
10002e5c:	2000      	movs	r0, #0
10002e5e:	4770      	bx	lr

10002e60 <tud_descriptor_other_speed_configuration_cb>:
10002e60:	2000      	movs	r0, #0
10002e62:	4770      	bx	lr

10002e64 <tud_mount_cb>:
10002e64:	4770      	bx	lr
10002e66:	bf00      	nop

10002e68 <tud_umount_cb>:
10002e68:	4770      	bx	lr
10002e6a:	bf00      	nop

10002e6c <tud_suspend_cb>:
10002e6c:	4770      	bx	lr
10002e6e:	bf00      	nop

10002e70 <tud_resume_cb>:
10002e70:	4770      	bx	lr
10002e72:	bf00      	nop

10002e74 <tud_mounted>:
10002e74:	4b02      	ldr	r3, [pc, #8]	@ (10002e80 <tud_mounted+0xc>)
10002e76:	7858      	ldrb	r0, [r3, #1]
10002e78:	3800      	subs	r0, #0
10002e7a:	bf18      	it	ne
10002e7c:	2001      	movne	r0, #1
10002e7e:	4770      	bx	lr
10002e80:	200014a8 	.word	0x200014a8

10002e84 <tud_suspended>:
10002e84:	4b02      	ldr	r3, [pc, #8]	@ (10002e90 <tud_suspended+0xc>)
10002e86:	7818      	ldrb	r0, [r3, #0]
10002e88:	f3c0 0080 	ubfx	r0, r0, #2, #1
10002e8c:	4770      	bx	lr
10002e8e:	bf00      	nop
10002e90:	200014a8 	.word	0x200014a8

10002e94 <tud_rhport_init>:
10002e94:	e92d 47f0 	stmdb	sp!, {r4, r5, r6, r7, r8, r9, sl, lr}
10002e98:	f8df a0e8 	ldr.w	sl, [pc, #232]	@ 10002f84 <tud_rhport_init+0xf0>
10002e9c:	f89a 3000 	ldrb.w	r3, [sl]
10002ea0:	2bff      	cmp	r3, #255	@ 0xff
10002ea2:	d002      	beq.n	10002eaa <tud_rhport_init+0x16>
10002ea4:	2001      	movs	r0, #1
10002ea6:	e8bd 87f0 	ldmia.w	sp!, {r4, r5, r6, r7, r8, r9, sl, pc}
10002eaa:	460e      	mov	r6, r1
10002eac:	2900      	cmp	r1, #0
10002eae:	d03e      	beq.n	10002f2e <tud_rhport_init+0x9a>
10002eb0:	2100      	movs	r1, #0
10002eb2:	2254      	movs	r2, #84	@ 0x54
10002eb4:	4607      	mov	r7, r0
10002eb6:	4829      	ldr	r0, [pc, #164]	@ (10002f5c <tud_rhport_init+0xc8>)
10002eb8:	f001 fe74 	bl	10004ba4 <memset>
10002ebc:	2200      	movs	r2, #0
10002ebe:	4c28      	ldr	r4, [pc, #160]	@ (10002f60 <tud_rhport_init+0xcc>)
10002ec0:	4b28      	ldr	r3, [pc, #160]	@ (10002f64 <tud_rhport_init+0xd0>)
10002ec2:	4620      	mov	r0, r4
10002ec4:	701a      	strb	r2, [r3, #0]
10002ec6:	f7fe fa31 	bl	1000132c <mutex_init>
10002eca:	4b27      	ldr	r3, [pc, #156]	@ (10002f68 <tud_rhport_init+0xd4>)
10002ecc:	4827      	ldr	r0, [pc, #156]	@ (10002f6c <tud_rhport_init+0xd8>)
10002ece:	601c      	str	r4, [r3, #0]
10002ed0:	4c27      	ldr	r4, [pc, #156]	@ (10002f70 <tud_rhport_init+0xdc>)
10002ed2:	f7fe fa39 	bl	10001348 <critical_section_init>
10002ed6:	4620      	mov	r0, r4
10002ed8:	f001 fdb0 	bl	10004a3c <tu_fifo_clear>
10002edc:	4a25      	ldr	r2, [pc, #148]	@ (10002f74 <tud_rhport_init+0xe0>)
10002ede:	4b26      	ldr	r3, [pc, #152]	@ (10002f78 <tud_rhport_init+0xe4>)
10002ee0:	4d26      	ldr	r5, [pc, #152]	@ (10002f7c <tud_rhport_init+0xe8>)
10002ee2:	6014      	str	r4, [r2, #0]
10002ee4:	b363      	cbz	r3, 10002f40 <tud_rhport_init+0xac>
10002ee6:	4628      	mov	r0, r5
10002ee8:	f7ff faba 	bl	10002460 <usbd_app_driver_get_cb>
10002eec:	4b24      	ldr	r3, [pc, #144]	@ (10002f80 <tud_rhport_init+0xec>)
10002eee:	782a      	ldrb	r2, [r5, #0]
10002ef0:	6018      	str	r0, [r3, #0]
10002ef2:	2400      	movs	r4, #0
10002ef4:	f8df 9090 	ldr.w	r9, [pc, #144]	@ 10002f88 <tud_rhport_init+0xf4>
10002ef8:	4623      	mov	r3, r4
10002efa:	f8df 8084 	ldr.w	r8, [pc, #132]	@ 10002f80 <tud_rhport_init+0xec>
10002efe:	e00e      	b.n	10002f1e <tud_rhport_init+0x8a>
10002f00:	f8d8 3000 	ldr.w	r3, [r8]
10002f04:	eb13 1344 	adds.w	r3, r3, r4, lsl #5
10002f08:	d011      	beq.n	10002f2e <tud_rhport_init+0x9a>
10002f0a:	685b      	ldr	r3, [r3, #4]
10002f0c:	b17b      	cbz	r3, 10002f2e <tud_rhport_init+0x9a>
10002f0e:	4798      	blx	r3
10002f10:	782a      	ldrb	r2, [r5, #0]
10002f12:	3401      	adds	r4, #1
10002f14:	b2e4      	uxtb	r4, r4
10002f16:	1c51      	adds	r1, r2, #1
10002f18:	42a1      	cmp	r1, r4
10002f1a:	4623      	mov	r3, r4
10002f1c:	db12      	blt.n	10002f44 <tud_rhport_init+0xb0>
10002f1e:	42a2      	cmp	r2, r4
10002f20:	d8ee      	bhi.n	10002f00 <tud_rhport_init+0x6c>
10002f22:	1a9b      	subs	r3, r3, r2
10002f24:	eb09 1343 	add.w	r3, r9, r3, lsl #5
10002f28:	685b      	ldr	r3, [r3, #4]
10002f2a:	2b00      	cmp	r3, #0
10002f2c:	d1ef      	bne.n	10002f0e <tud_rhport_init+0x7a>
10002f2e:	f04f 23e0 	mov.w	r3, #3758153728	@ 0xe000e000
10002f32:	f8d3 3df0 	ldr.w	r3, [r3, #3568]	@ 0xdf0
10002f36:	07db      	lsls	r3, r3, #31
10002f38:	d500      	bpl.n	10002f3c <tud_rhport_init+0xa8>
10002f3a:	be00      	bkpt	0x0000
10002f3c:	2000      	movs	r0, #0
10002f3e:	e7b2      	b.n	10002ea6 <tud_rhport_init+0x12>
10002f40:	782a      	ldrb	r2, [r5, #0]
10002f42:	e7d6      	b.n	10002ef2 <tud_rhport_init+0x5e>
10002f44:	4631      	mov	r1, r6
10002f46:	4638      	mov	r0, r7
10002f48:	f88a 7000 	strb.w	r7, [sl]
10002f4c:	f7ff fdc6 	bl	10002adc <dcd_init>
10002f50:	2800      	cmp	r0, #0
10002f52:	d0ec      	beq.n	10002f2e <tud_rhport_init+0x9a>
10002f54:	4638      	mov	r0, r7
10002f56:	f7ff fe09 	bl	10002b6c <dcd_int_enable>
10002f5a:	e7a3      	b.n	10002ea4 <tud_rhport_init+0x10>
10002f5c:	200014a8 	.word	0x200014a8
10002f60:	200014a0 	.word	0x200014a0
10002f64:	20001d5f 	.word	0x20001d5f
10002f68:	200014fc 	.word	0x200014fc
10002f6c:	20000f88 	.word	0x20000f88
10002f70:	20000f74 	.word	0x20000f74
10002f74:	20001500 	.word	0x20001500
10002f78:	10002461 	.word	0x10002461
10002f7c:	20001d5d 	.word	0x20001d5d
10002f80:	200013a0 	.word	0x200013a0
10002f84:	20000f90 	.word	0x20000f90
10002f88:	100052a0 	.word	0x100052a0

10002f8c <tud_task_ext>:
10002f8c:	e92d 4ff0 	stmdb	sp!, {r4, r5, r6, r7, r8, r9, sl, fp, lr}
10002f90:	f8df 92c8 	ldr.w	r9, [pc, #712]	@ 1000325c <tud_task_ext+0x2d0>
10002f94:	b08b      	sub	sp, #44	@ 0x2c
10002f96:	f899 3000 	ldrb.w	r3, [r9]
10002f9a:	2bff      	cmp	r3, #255	@ 0xff
10002f9c:	f000 80f1 	beq.w	10003182 <tud_task_ext+0x1f6>
10002fa0:	4ca8      	ldr	r4, [pc, #672]	@ (10003244 <tud_task_ext+0x2b8>)
10002fa2:	4da9      	ldr	r5, [pc, #676]	@ (10003248 <tud_task_ext+0x2bc>)
10002fa4:	f8df a2b0 	ldr.w	sl, [pc, #688]	@ 10003258 <tud_task_ext+0x2cc>
10002fa8:	f8df b2b4 	ldr.w	fp, [pc, #692]	@ 10003260 <tud_task_ext+0x2d4>
10002fac:	6826      	ldr	r6, [r4, #0]
10002fae:	6973      	ldr	r3, [r6, #20]
10002fb0:	f3ef 8210 	mrs	r2, PRIMASK
10002fb4:	b672      	cpsid	i
10002fb6:	e8d3 0fcf 	ldaexb	r0, [r3]
10002fba:	2101      	movs	r1, #1
10002fbc:	2800      	cmp	r0, #0
10002fbe:	d1fa      	bne.n	10002fb6 <tud_task_ext+0x2a>
10002fc0:	e8c3 1f40 	strexb	r0, r1, [r3]
10002fc4:	2800      	cmp	r0, #0
10002fc6:	d1f6      	bne.n	10002fb6 <tud_task_ext+0x2a>
10002fc8:	f3bf 8f5f 	dmb	sy
10002fcc:	61b2      	str	r2, [r6, #24]
10002fce:	4630      	mov	r0, r6
10002fd0:	a907      	add	r1, sp, #28
10002fd2:	f001 fb81 	bl	100046d8 <tu_fifo_read>
10002fd6:	2300      	movs	r3, #0
10002fd8:	6972      	ldr	r2, [r6, #20]
10002fda:	e8c2 3f8f 	stlb	r3, [r2]
10002fde:	69b3      	ldr	r3, [r6, #24]
10002fe0:	f383 8810 	msr	PRIMASK, r3
10002fe4:	2800      	cmp	r0, #0
10002fe6:	f000 80cc 	beq.w	10003182 <tud_task_ext+0x1f6>
10002fea:	f89d 301d 	ldrb.w	r3, [sp, #29]
10002fee:	3b01      	subs	r3, #1
10002ff0:	2b07      	cmp	r3, #7
10002ff2:	f200 837d 	bhi.w	100036f0 <tud_task_ext+0x764>
10002ff6:	e8df f003 	tbb	[pc, r3]
10002ffa:	b1a7      	.short	0xb1a7
10002ffc:	358e9d95 	.word	0x358e9d95
10003000:	040a      	.short	0x040a
10003002:	9b08      	ldr	r3, [sp, #32]
10003004:	2b00      	cmp	r3, #0
10003006:	d0d1      	beq.n	10002fac <tud_task_ext+0x20>
10003008:	9809      	ldr	r0, [sp, #36]	@ 0x24
1000300a:	4798      	blx	r3
1000300c:	e7ce      	b.n	10002fac <tud_task_ext+0x20>
1000300e:	f89d 1020 	ldrb.w	r1, [sp, #32]
10003012:	f001 067f 	and.w	r6, r1, #127	@ 0x7f
10003016:	eb05 0046 	add.w	r0, r5, r6, lsl #1
1000301a:	eb00 10d1 	add.w	r0, r0, r1, lsr #7
1000301e:	f890 3034 	ldrb.w	r3, [r0, #52]	@ 0x34
10003022:	f023 0301 	bic.w	r3, r3, #1
10003026:	f880 3034 	strb.w	r3, [r0, #52]	@ 0x34
1000302a:	f890 3034 	ldrb.w	r3, [r0, #52]	@ 0x34
1000302e:	f023 0304 	bic.w	r3, r3, #4
10003032:	f880 3034 	strb.w	r3, [r0, #52]	@ 0x34
10003036:	2e00      	cmp	r6, #0
10003038:	f000 80a6 	beq.w	10003188 <tud_task_ext+0x1fc>
1000303c:	7d03      	ldrb	r3, [r0, #20]
1000303e:	f89a 2000 	ldrb.w	r2, [sl]
10003042:	4293      	cmp	r3, r2
10003044:	f080 8093 	bcs.w	1000316e <tud_task_ext+0x1e2>
10003048:	4a80      	ldr	r2, [pc, #512]	@ (1000324c <tud_task_ext+0x2c0>)
1000304a:	6812      	ldr	r2, [r2, #0]
1000304c:	eb12 1343 	adds.w	r3, r2, r3, lsl #5
10003050:	f000 8090 	beq.w	10003174 <tud_task_ext+0x1e8>
10003054:	699e      	ldr	r6, [r3, #24]
10003056:	f89d 2021 	ldrb.w	r2, [sp, #33]	@ 0x21
1000305a:	9b09      	ldr	r3, [sp, #36]	@ 0x24
1000305c:	f89d 001c 	ldrb.w	r0, [sp, #28]
10003060:	47b0      	blx	r6
10003062:	e7a3      	b.n	10002fac <tud_task_ext+0x20>
10003064:	f89b 3000 	ldrb.w	r3, [fp]
10003068:	2b00      	cmp	r3, #0
1000306a:	f000 8083 	beq.w	10003174 <tud_task_ext+0x1e8>
1000306e:	f89b 3000 	ldrb.w	r3, [fp]
10003072:	3b01      	subs	r3, #1
10003074:	b2db      	uxtb	r3, r3
10003076:	f88b 3000 	strb.w	r3, [fp]
1000307a:	f89b 3000 	ldrb.w	r3, [fp]
1000307e:	f003 00ff 	and.w	r0, r3, #255	@ 0xff
10003082:	2b00      	cmp	r3, #0
10003084:	d192      	bne.n	10002fac <tud_task_ext+0x20>
10003086:	4f70      	ldr	r7, [pc, #448]	@ (10003248 <tud_task_ext+0x2bc>)
10003088:	f89d 801c 	ldrb.w	r8, [sp, #28]
1000308c:	783b      	ldrb	r3, [r7, #0]
1000308e:	f043 0301 	orr.w	r3, r3, #1
10003092:	703b      	strb	r3, [r7, #0]
10003094:	f897 3034 	ldrb.w	r3, [r7, #52]	@ 0x34
10003098:	f360 0300 	bfi	r3, r0, #0, #1
1000309c:	f887 3034 	strb.w	r3, [r7, #52]	@ 0x34
100030a0:	f897 3034 	ldrb.w	r3, [r7, #52]	@ 0x34
100030a4:	f360 0382 	bfi	r3, r0, #2, #1
100030a8:	f887 3034 	strb.w	r3, [r7, #52]	@ 0x34
100030ac:	f897 3035 	ldrb.w	r3, [r7, #53]	@ 0x35
100030b0:	f360 0300 	bfi	r3, r0, #0, #1
100030b4:	f887 3035 	strb.w	r3, [r7, #53]	@ 0x35
100030b8:	f897 3035 	ldrb.w	r3, [r7, #53]	@ 0x35
100030bc:	f360 0382 	bfi	r3, r0, #2, #1
100030c0:	f887 3035 	strb.w	r3, [r7, #53]	@ 0x35
100030c4:	f000 fc6a 	bl	1000399c <usbd_control_set_complete_callback>
100030c8:	f89d 3020 	ldrb.w	r3, [sp, #32]
100030cc:	f003 0260 	and.w	r2, r3, #96	@ 0x60
100030d0:	2a60      	cmp	r2, #96	@ 0x60
100030d2:	d06c      	beq.n	100031ae <tud_task_ext+0x222>
100030d4:	2a40      	cmp	r2, #64	@ 0x40
100030d6:	d07c      	beq.n	100031d2 <tud_task_ext+0x246>
100030d8:	f003 031f 	and.w	r3, r3, #31
100030dc:	2b01      	cmp	r3, #1
100030de:	f000 80c1 	beq.w	10003264 <tud_task_ext+0x2d8>
100030e2:	2b02      	cmp	r3, #2
100030e4:	f000 8081 	beq.w	100031ea <tud_task_ext+0x25e>
100030e8:	2b00      	cmp	r3, #0
100030ea:	d160      	bne.n	100031ae <tud_task_ext+0x222>
100030ec:	2a20      	cmp	r2, #32
100030ee:	f000 81e9 	beq.w	100034c4 <tud_task_ext+0x538>
100030f2:	2a00      	cmp	r2, #0
100030f4:	d15b      	bne.n	100031ae <tud_task_ext+0x222>
100030f6:	f89d 3021 	ldrb.w	r3, [sp, #33]	@ 0x21
100030fa:	2b09      	cmp	r3, #9
100030fc:	d857      	bhi.n	100031ae <tud_task_ext+0x222>
100030fe:	e8df f013 	tbh	[pc, r3, lsl #1]
10003102:	01b0      	.short	0x01b0
10003104:	005601a2 	.word	0x005601a2
10003108:	005601c1 	.word	0x005601c1
1000310c:	016b0195 	.word	0x016b0195
10003110:	01600056 	.word	0x01600056
10003114:	00f4      	.short	0x00f4
10003116:	782b      	ldrb	r3, [r5, #0]
10003118:	07d9      	lsls	r1, r3, #31
1000311a:	f57f af47 	bpl.w	10002fac <tud_task_ext+0x20>
1000311e:	f7ff fea7 	bl	10002e70 <tud_resume_cb>
10003122:	e743      	b.n	10002fac <tud_task_ext+0x20>
10003124:	78eb      	ldrb	r3, [r5, #3]
10003126:	07da      	lsls	r2, r3, #31
10003128:	f57f af40 	bpl.w	10002fac <tud_task_ext+0x20>
1000312c:	9808      	ldr	r0, [sp, #32]
1000312e:	f7ff fe93 	bl	10002e58 <tud_sof_cb>
10003132:	e73b      	b.n	10002fac <tud_task_ext+0x20>
10003134:	782b      	ldrb	r3, [r5, #0]
10003136:	07d8      	lsls	r0, r3, #31
10003138:	f57f af38 	bpl.w	10002fac <tud_task_ext+0x20>
1000313c:	7828      	ldrb	r0, [r5, #0]
1000313e:	f3c0 00c0 	ubfx	r0, r0, #3, #1
10003142:	f7ff fe93 	bl	10002e6c <tud_suspend_cb>
10003146:	e731      	b.n	10002fac <tud_task_ext+0x20>
10003148:	f89d 001c 	ldrb.w	r0, [sp, #28]
1000314c:	f7ff fe3c 	bl	10002dc8 <configuration_reset>
10003150:	f000 fc1a 	bl	10003988 <usbd_control_reset>
10003154:	f89d 3020 	ldrb.w	r3, [sp, #32]
10003158:	70ab      	strb	r3, [r5, #2]
1000315a:	e727      	b.n	10002fac <tud_task_ext+0x20>
1000315c:	f89d 001c 	ldrb.w	r0, [sp, #28]
10003160:	f7ff fe32 	bl	10002dc8 <configuration_reset>
10003164:	f000 fc10 	bl	10003988 <usbd_control_reset>
10003168:	f7ff fe7e 	bl	10002e68 <tud_umount_cb>
1000316c:	e71e      	b.n	10002fac <tud_task_ext+0x20>
1000316e:	1c50      	adds	r0, r2, #1
10003170:	4298      	cmp	r0, r3
10003172:	da11      	bge.n	10003198 <tud_task_ext+0x20c>
10003174:	f04f 23e0 	mov.w	r3, #3758153728	@ 0xe000e000
10003178:	f8d3 3df0 	ldr.w	r3, [r3, #3568]	@ 0xdf0
1000317c:	07dc      	lsls	r4, r3, #31
1000317e:	d500      	bpl.n	10003182 <tud_task_ext+0x1f6>
10003180:	be00      	bkpt	0x0000
10003182:	b00b      	add	sp, #44	@ 0x2c
10003184:	e8bd 8ff0 	ldmia.w	sp!, {r4, r5, r6, r7, r8, r9, sl, fp, pc}
10003188:	9b09      	ldr	r3, [sp, #36]	@ 0x24
1000318a:	f89d 2021 	ldrb.w	r2, [sp, #33]	@ 0x21
1000318e:	f89d 001c 	ldrb.w	r0, [sp, #28]
10003192:	f000 fc17 	bl	100039c4 <usbd_control_xfer_cb>
10003196:	e709      	b.n	10002fac <tud_task_ext+0x20>
10003198:	1a9b      	subs	r3, r3, r2
1000319a:	4a2d      	ldr	r2, [pc, #180]	@ (10003250 <tud_task_ext+0x2c4>)
1000319c:	eb02 1343 	add.w	r3, r2, r3, lsl #5
100031a0:	e758      	b.n	10003054 <tud_task_ext+0xc8>
100031a2:	f7ff fb85 	bl	100028b0 <tud_descriptor_configuration_cb>
100031a6:	4602      	mov	r2, r0
100031a8:	2800      	cmp	r0, #0
100031aa:	f040 8182 	bne.w	100034b2 <tud_task_ext+0x526>
100031ae:	f04f 23e0 	mov.w	r3, #3758153728	@ 0xe000e000
100031b2:	f8d3 3df0 	ldr.w	r3, [r3, #3568]	@ 0xdf0
100031b6:	07de      	lsls	r6, r3, #31
100031b8:	d500      	bpl.n	100031bc <tud_task_ext+0x230>
100031ba:	be00      	bkpt	0x0000
100031bc:	f89d 001c 	ldrb.w	r0, [sp, #28]
100031c0:	2100      	movs	r1, #0
100031c2:	f7ff fd95 	bl	10002cf0 <dcd_edpt_stall>
100031c6:	2180      	movs	r1, #128	@ 0x80
100031c8:	f89d 001c 	ldrb.w	r0, [sp, #28]
100031cc:	f7ff fd90 	bl	10002cf0 <dcd_edpt_stall>
100031d0:	e6ec      	b.n	10002fac <tud_task_ext+0x20>
100031d2:	4820      	ldr	r0, [pc, #128]	@ (10003254 <tud_task_ext+0x2c8>)
100031d4:	f000 fbe2 	bl	1000399c <usbd_control_set_complete_callback>
100031d8:	2101      	movs	r1, #1
100031da:	4640      	mov	r0, r8
100031dc:	aa08      	add	r2, sp, #32
100031de:	f7ff f92b 	bl	10002438 <tud_vendor_control_xfer_cb>
100031e2:	2800      	cmp	r0, #0
100031e4:	f47f aee2 	bne.w	10002fac <tud_task_ext+0x20>
100031e8:	e7e8      	b.n	100031bc <tud_task_ext+0x230>
100031ea:	f89d 1024 	ldrb.w	r1, [sp, #36]	@ 0x24
100031ee:	f011 0f70 	tst.w	r1, #112	@ 0x70
100031f2:	d1dc      	bne.n	100031ae <tud_task_ext+0x222>
100031f4:	f001 067f 	and.w	r6, r1, #127	@ 0x7f
100031f8:	eb07 0046 	add.w	r0, r7, r6, lsl #1
100031fc:	4b16      	ldr	r3, [pc, #88]	@ (10003258 <tud_task_ext+0x2cc>)
100031fe:	eb00 10d1 	add.w	r0, r0, r1, lsr #7
10003202:	781b      	ldrb	r3, [r3, #0]
10003204:	7d00      	ldrb	r0, [r0, #20]
10003206:	0076      	lsls	r6, r6, #1
10003208:	9601      	str	r6, [sp, #4]
1000320a:	4298      	cmp	r0, r3
1000320c:	ea4f 16d1 	mov.w	r6, r1, lsr #7
10003210:	9600      	str	r6, [sp, #0]
10003212:	d359      	bcc.n	100032c8 <tud_task_ext+0x33c>
10003214:	1c5e      	adds	r6, r3, #1
10003216:	4286      	cmp	r6, r0
10003218:	f2c0 8166 	blt.w	100034e8 <tud_task_ext+0x55c>
1000321c:	1ac0      	subs	r0, r0, r3
1000321e:	4b0c      	ldr	r3, [pc, #48]	@ (10003250 <tud_task_ext+0x2c4>)
10003220:	eb03 1640 	add.w	r6, r3, r0, lsl #5
10003224:	2a00      	cmp	r2, #0
10003226:	f000 8163 	beq.w	100034f0 <tud_task_ext+0x564>
1000322a:	6970      	ldr	r0, [r6, #20]
1000322c:	f000 fbb6 	bl	1000399c <usbd_control_set_complete_callback>
10003230:	2101      	movs	r1, #1
10003232:	4640      	mov	r0, r8
10003234:	6973      	ldr	r3, [r6, #20]
10003236:	aa08      	add	r2, sp, #32
10003238:	4798      	blx	r3
1000323a:	2800      	cmp	r0, #0
1000323c:	f47f aeb6 	bne.w	10002fac <tud_task_ext+0x20>
10003240:	e7bc      	b.n	100031bc <tud_task_ext+0x230>
10003242:	bf00      	nop
10003244:	20001500 	.word	0x20001500
10003248:	200014a8 	.word	0x200014a8
1000324c:	200013a0 	.word	0x200013a0
10003250:	100052a0 	.word	0x100052a0
10003254:	10002439 	.word	0x10002439
10003258:	20001d5d 	.word	0x20001d5d
1000325c:	20000f90 	.word	0x20000f90
10003260:	20001d5f 	.word	0x20001d5f
10003264:	f89d 3024 	ldrb.w	r3, [sp, #36]	@ 0x24
10003268:	2b0f      	cmp	r3, #15
1000326a:	d8a7      	bhi.n	100031bc <tud_task_ext+0x230>
1000326c:	4aae      	ldr	r2, [pc, #696]	@ (10003528 <tud_task_ext+0x59c>)
1000326e:	443b      	add	r3, r7
10003270:	791b      	ldrb	r3, [r3, #4]
10003272:	7812      	ldrb	r2, [r2, #0]
10003274:	4293      	cmp	r3, r2
10003276:	d332      	bcc.n	100032de <tud_task_ext+0x352>
10003278:	1c51      	adds	r1, r2, #1
1000327a:	4299      	cmp	r1, r3
1000327c:	db9e      	blt.n	100031bc <tud_task_ext+0x230>
1000327e:	4eab      	ldr	r6, [pc, #684]	@ (1000352c <tud_task_ext+0x5a0>)
10003280:	1a9b      	subs	r3, r3, r2
10003282:	eb06 1643 	add.w	r6, r6, r3, lsl #5
10003286:	6970      	ldr	r0, [r6, #20]
10003288:	f000 fb88 	bl	1000399c <usbd_control_set_complete_callback>
1000328c:	2101      	movs	r1, #1
1000328e:	4640      	mov	r0, r8
10003290:	6973      	ldr	r3, [r6, #20]
10003292:	aa08      	add	r2, sp, #32
10003294:	4798      	blx	r3
10003296:	2800      	cmp	r0, #0
10003298:	f47f ae88 	bne.w	10002fac <tud_task_ext+0x20>
1000329c:	f89d 3020 	ldrb.w	r3, [sp, #32]
100032a0:	f013 0660 	ands.w	r6, r3, #96	@ 0x60
100032a4:	d18a      	bne.n	100031bc <tud_task_ext+0x230>
100032a6:	f89d 3021 	ldrb.w	r3, [sp, #33]	@ 0x21
100032aa:	3b0a      	subs	r3, #10
100032ac:	2b01      	cmp	r3, #1
100032ae:	d885      	bhi.n	100031bc <tud_task_ext+0x230>
100032b0:	f000 fb74 	bl	1000399c <usbd_control_set_complete_callback>
100032b4:	f89d 3021 	ldrb.w	r3, [sp, #33]	@ 0x21
100032b8:	2b0a      	cmp	r3, #10
100032ba:	f000 81f2 	beq.w	100036a2 <tud_task_ext+0x716>
100032be:	4640      	mov	r0, r8
100032c0:	a908      	add	r1, sp, #32
100032c2:	f000 faf1 	bl	100038a8 <tud_control_status>
100032c6:	e671      	b.n	10002fac <tud_task_ext+0x20>
100032c8:	4b99      	ldr	r3, [pc, #612]	@ (10003530 <tud_task_ext+0x5a4>)
100032ca:	681b      	ldr	r3, [r3, #0]
100032cc:	eb03 1640 	add.w	r6, r3, r0, lsl #5
100032d0:	2a00      	cmp	r2, #0
100032d2:	f000 810d 	beq.w	100034f0 <tud_task_ext+0x564>
100032d6:	2e00      	cmp	r6, #0
100032d8:	f43f af70 	beq.w	100031bc <tud_task_ext+0x230>
100032dc:	e7a5      	b.n	1000322a <tud_task_ext+0x29e>
100032de:	4a94      	ldr	r2, [pc, #592]	@ (10003530 <tud_task_ext+0x5a4>)
100032e0:	6816      	ldr	r6, [r2, #0]
100032e2:	eb16 1643 	adds.w	r6, r6, r3, lsl #5
100032e6:	d1ce      	bne.n	10003286 <tud_task_ext+0x2fa>
100032e8:	e768      	b.n	100031bc <tud_task_ext+0x230>
100032ea:	787b      	ldrb	r3, [r7, #1]
100032ec:	f89d 6022 	ldrb.w	r6, [sp, #34]	@ 0x22
100032f0:	429e      	cmp	r6, r3
100032f2:	f000 814f 	beq.w	10003594 <tud_task_ext+0x608>
100032f6:	787b      	ldrb	r3, [r7, #1]
100032f8:	2b00      	cmp	r3, #0
100032fa:	f040 81be 	bne.w	1000367a <tud_task_ext+0x6ee>
100032fe:	707e      	strb	r6, [r7, #1]
10003300:	2e00      	cmp	r6, #0
10003302:	f000 8145 	beq.w	10003590 <tud_task_ext+0x604>
10003306:	1e70      	subs	r0, r6, #1
10003308:	b2c0      	uxtb	r0, r0
1000330a:	f7ff fad1 	bl	100028b0 <tud_descriptor_configuration_cb>
1000330e:	4603      	mov	r3, r0
10003310:	2800      	cmp	r0, #0
10003312:	f000 815f 	beq.w	100035d4 <tud_task_ext+0x648>
10003316:	7842      	ldrb	r2, [r0, #1]
10003318:	2a02      	cmp	r2, #2
1000331a:	f040 815b 	bne.w	100035d4 <tud_task_ext+0x648>
1000331e:	79c1      	ldrb	r1, [r0, #7]
10003320:	f103 0609 	add.w	r6, r3, #9
10003324:	f3c1 1240 	ubfx	r2, r1, #5, #1
10003328:	0112      	lsls	r2, r2, #4
1000332a:	f3c1 1180 	ubfx	r1, r1, #6, #1
1000332e:	ea42 1241 	orr.w	r2, r2, r1, lsl #5
10003332:	4631      	mov	r1, r6
10003334:	7838      	ldrb	r0, [r7, #0]
10003336:	f020 0030 	bic.w	r0, r0, #48	@ 0x30
1000333a:	4302      	orrs	r2, r0
1000333c:	703a      	strb	r2, [r7, #0]
1000333e:	885a      	ldrh	r2, [r3, #2]
10003340:	f8cd 800c 	str.w	r8, [sp, #12]
10003344:	189a      	adds	r2, r3, r2
10003346:	9201      	str	r2, [sp, #4]
10003348:	9b01      	ldr	r3, [sp, #4]
1000334a:	428b      	cmp	r3, r1
1000334c:	f240 81a4 	bls.w	10003698 <tud_task_ext+0x70c>
10003350:	784a      	ldrb	r2, [r1, #1]
10003352:	2a0b      	cmp	r2, #11
10003354:	f000 81af 	beq.w	100036b6 <tud_task_ext+0x72a>
10003358:	2301      	movs	r3, #1
1000335a:	2a04      	cmp	r2, #4
1000335c:	f040 813a 	bne.w	100035d4 <tud_task_ext+0x648>
10003360:	2600      	movs	r6, #0
10003362:	9a01      	ldr	r2, [sp, #4]
10003364:	9600      	str	r6, [sp, #0]
10003366:	1a52      	subs	r2, r2, r1
10003368:	b292      	uxth	r2, r2
1000336a:	9202      	str	r2, [sp, #8]
1000336c:	4a6e      	ldr	r2, [pc, #440]	@ (10003528 <tud_task_ext+0x59c>)
1000336e:	9304      	str	r3, [sp, #16]
10003370:	7812      	ldrb	r2, [r2, #0]
10003372:	e01d      	b.n	100033b0 <tud_task_ext+0x424>
10003374:	4b6e      	ldr	r3, [pc, #440]	@ (10003530 <tud_task_ext+0x5a4>)
10003376:	681b      	ldr	r3, [r3, #0]
10003378:	eb13 1846 	adds.w	r8, r3, r6, lsl #5
1000337c:	f000 812a 	beq.w	100035d4 <tud_task_ext+0x648>
10003380:	9a02      	ldr	r2, [sp, #8]
10003382:	f8d8 3010 	ldr.w	r3, [r8, #16]
10003386:	9803      	ldr	r0, [sp, #12]
10003388:	9105      	str	r1, [sp, #20]
1000338a:	4798      	blx	r3
1000338c:	2808      	cmp	r0, #8
1000338e:	4602      	mov	r2, r0
10003390:	9905      	ldr	r1, [sp, #20]
10003392:	f106 0301 	add.w	r3, r6, #1
10003396:	d903      	bls.n	100033a0 <tud_task_ext+0x414>
10003398:	9802      	ldr	r0, [sp, #8]
1000339a:	4290      	cmp	r0, r2
1000339c:	f080 80ff 	bcs.w	1000359e <tud_task_ext+0x612>
100033a0:	b2de      	uxtb	r6, r3
100033a2:	4b61      	ldr	r3, [pc, #388]	@ (10003528 <tud_task_ext+0x59c>)
100033a4:	9600      	str	r6, [sp, #0]
100033a6:	781a      	ldrb	r2, [r3, #0]
100033a8:	1c53      	adds	r3, r2, #1
100033aa:	429e      	cmp	r6, r3
100033ac:	f300 8112 	bgt.w	100035d4 <tud_task_ext+0x648>
100033b0:	9b00      	ldr	r3, [sp, #0]
100033b2:	42b2      	cmp	r2, r6
100033b4:	eba3 0202 	sub.w	r2, r3, r2
100033b8:	d8dc      	bhi.n	10003374 <tud_task_ext+0x3e8>
100033ba:	4b5c      	ldr	r3, [pc, #368]	@ (1000352c <tud_task_ext+0x5a0>)
100033bc:	eb03 1842 	add.w	r8, r3, r2, lsl #5
100033c0:	e7de      	b.n	10003380 <tud_task_ext+0x3f4>
100033c2:	787b      	ldrb	r3, [r7, #1]
100033c4:	4640      	mov	r0, r8
100033c6:	f88d 301a 	strb.w	r3, [sp, #26]
100033ca:	f10d 021a 	add.w	r2, sp, #26
100033ce:	2301      	movs	r3, #1
100033d0:	a908      	add	r1, sp, #32
100033d2:	f000 fa83 	bl	100038dc <tud_control_xfer>
100033d6:	e5e9      	b.n	10002fac <tud_task_ext+0x20>
100033d8:	f8bd 0022 	ldrh.w	r0, [sp, #34]	@ 0x22
100033dc:	0a03      	lsrs	r3, r0, #8
100033de:	3b01      	subs	r3, #1
100033e0:	0a02      	lsrs	r2, r0, #8
100033e2:	b2c0      	uxtb	r0, r0
100033e4:	2b0e      	cmp	r3, #14
100033e6:	f63f aee9 	bhi.w	100031bc <tud_task_ext+0x230>
100033ea:	a101      	add	r1, pc, #4	@ (adr r1, 100033f0 <tud_task_ext+0x464>)
100033ec:	f851 f023 	ldr.w	pc, [r1, r3, lsl #2]
100033f0:	10003605 	.word	0x10003605
100033f4:	100034a1 	.word	0x100034a1
100033f8:	10003641 	.word	0x10003641
100033fc:	100031bd 	.word	0x100031bd
10003400:	100031bd 	.word	0x100031bd
10003404:	10003623 	.word	0x10003623
10003408:	100034a1 	.word	0x100034a1
1000340c:	100031bd 	.word	0x100031bd
10003410:	100031bd 	.word	0x100031bd
10003414:	100031bd 	.word	0x100031bd
10003418:	100031bd 	.word	0x100031bd
1000341c:	100031bd 	.word	0x100031bd
10003420:	100031bd 	.word	0x100031bd
10003424:	100031bd 	.word	0x100031bd
10003428:	100035f7 	.word	0x100035f7
1000342c:	a808      	add	r0, sp, #32
1000342e:	f000 fabb 	bl	100039a8 <usbd_control_set_request>
10003432:	4640      	mov	r0, r8
10003434:	f89d 1022 	ldrb.w	r1, [sp, #34]	@ 0x22
10003438:	f7ff fb9c 	bl	10002b74 <dcd_set_address>
1000343c:	783b      	ldrb	r3, [r7, #0]
1000343e:	f043 0302 	orr.w	r3, r3, #2
10003442:	703b      	strb	r3, [r7, #0]
10003444:	e5b2      	b.n	10002fac <tud_task_ext+0x20>
10003446:	f8bd 3022 	ldrh.w	r3, [sp, #34]	@ 0x22
1000344a:	2b01      	cmp	r3, #1
1000344c:	f47f aeb6 	bne.w	100031bc <tud_task_ext+0x230>
10003450:	783b      	ldrb	r3, [r7, #0]
10003452:	4640      	mov	r0, r8
10003454:	f023 0308 	bic.w	r3, r3, #8
10003458:	a908      	add	r1, sp, #32
1000345a:	703b      	strb	r3, [r7, #0]
1000345c:	f000 fa24 	bl	100038a8 <tud_control_status>
10003460:	e5a4      	b.n	10002fac <tud_task_ext+0x20>
10003462:	4640      	mov	r0, r8
10003464:	783b      	ldrb	r3, [r7, #0]
10003466:	089a      	lsrs	r2, r3, #2
10003468:	f002 0202 	and.w	r2, r2, #2
1000346c:	f3c3 1340 	ubfx	r3, r3, #5, #1
10003470:	4313      	orrs	r3, r2
10003472:	f8ad 301a 	strh.w	r3, [sp, #26]
10003476:	f10d 021a 	add.w	r2, sp, #26
1000347a:	2302      	movs	r3, #2
1000347c:	a908      	add	r1, sp, #32
1000347e:	f000 fa2d 	bl	100038dc <tud_control_xfer>
10003482:	e593      	b.n	10002fac <tud_task_ext+0x20>
10003484:	f8bd 3022 	ldrh.w	r3, [sp, #34]	@ 0x22
10003488:	2b01      	cmp	r3, #1
1000348a:	f47f ae97 	bne.w	100031bc <tud_task_ext+0x230>
1000348e:	783b      	ldrb	r3, [r7, #0]
10003490:	4640      	mov	r0, r8
10003492:	f043 0308 	orr.w	r3, r3, #8
10003496:	a908      	add	r1, sp, #32
10003498:	703b      	strb	r3, [r7, #0]
1000349a:	f000 fa05 	bl	100038a8 <tud_control_status>
1000349e:	e585      	b.n	10002fac <tud_task_ext+0x20>
100034a0:	2a02      	cmp	r2, #2
100034a2:	f43f ae7e 	beq.w	100031a2 <tud_task_ext+0x216>
100034a6:	f7ff fcdb 	bl	10002e60 <tud_descriptor_other_speed_configuration_cb>
100034aa:	4602      	mov	r2, r0
100034ac:	2800      	cmp	r0, #0
100034ae:	f43f ae85 	beq.w	100031bc <tud_task_ext+0x230>
100034b2:	4640      	mov	r0, r8
100034b4:	8853      	ldrh	r3, [r2, #2]
100034b6:	a908      	add	r1, sp, #32
100034b8:	f000 fa10 	bl	100038dc <tud_control_xfer>
100034bc:	2800      	cmp	r0, #0
100034be:	f47f ad75 	bne.w	10002fac <tud_task_ext+0x20>
100034c2:	e67b      	b.n	100031bc <tud_task_ext+0x230>
100034c4:	f89d 3024 	ldrb.w	r3, [sp, #36]	@ 0x24
100034c8:	2b0f      	cmp	r3, #15
100034ca:	f63f ae77 	bhi.w	100031bc <tud_task_ext+0x230>
100034ce:	4a16      	ldr	r2, [pc, #88]	@ (10003528 <tud_task_ext+0x59c>)
100034d0:	443b      	add	r3, r7
100034d2:	791b      	ldrb	r3, [r3, #4]
100034d4:	7812      	ldrb	r2, [r2, #0]
100034d6:	4293      	cmp	r3, r2
100034d8:	d21d      	bcs.n	10003516 <tud_task_ext+0x58a>
100034da:	4a15      	ldr	r2, [pc, #84]	@ (10003530 <tud_task_ext+0x5a4>)
100034dc:	6816      	ldr	r6, [r2, #0]
100034de:	eb16 1643 	adds.w	r6, r6, r3, lsl #5
100034e2:	f47f aea2 	bne.w	1000322a <tud_task_ext+0x29e>
100034e6:	e669      	b.n	100031bc <tud_task_ext+0x230>
100034e8:	2a00      	cmp	r2, #0
100034ea:	f47f ae67 	bne.w	100031bc <tud_task_ext+0x230>
100034ee:	2600      	movs	r6, #0
100034f0:	f89d 2021 	ldrb.w	r2, [sp, #33]	@ 0x21
100034f4:	f002 03fd 	and.w	r3, r2, #253	@ 0xfd
100034f8:	2b01      	cmp	r3, #1
100034fa:	d01b      	beq.n	10003534 <tud_task_ext+0x5a8>
100034fc:	2a00      	cmp	r2, #0
100034fe:	f47f ae56 	bne.w	100031ae <tud_task_ext+0x222>
10003502:	9b01      	ldr	r3, [sp, #4]
10003504:	9a00      	ldr	r2, [sp, #0]
10003506:	443b      	add	r3, r7
10003508:	4413      	add	r3, r2
1000350a:	f893 3034 	ldrb.w	r3, [r3, #52]	@ 0x34
1000350e:	4640      	mov	r0, r8
10003510:	f3c3 0340 	ubfx	r3, r3, #1, #1
10003514:	e7ad      	b.n	10003472 <tud_task_ext+0x4e6>
10003516:	1c51      	adds	r1, r2, #1
10003518:	4299      	cmp	r1, r3
1000351a:	f6ff ae4f 	blt.w	100031bc <tud_task_ext+0x230>
1000351e:	4e03      	ldr	r6, [pc, #12]	@ (1000352c <tud_task_ext+0x5a0>)
10003520:	1a9b      	subs	r3, r3, r2
10003522:	eb06 1643 	add.w	r6, r6, r3, lsl #5
10003526:	e680      	b.n	1000322a <tud_task_ext+0x29e>
10003528:	20001d5d 	.word	0x20001d5d
1000352c:	100052a0 	.word	0x100052a0
10003530:	200013a0 	.word	0x200013a0
10003534:	f8bd 3022 	ldrh.w	r3, [sp, #34]	@ 0x22
10003538:	b9b3      	cbnz	r3, 10003568 <tud_task_ext+0x5dc>
1000353a:	2a01      	cmp	r2, #1
1000353c:	f899 0000 	ldrb.w	r0, [r9]
10003540:	f000 8086 	beq.w	10003650 <tud_task_ext+0x6c4>
10003544:	f7ff fbd4 	bl	10002cf0 <dcd_edpt_stall>
10003548:	9b01      	ldr	r3, [sp, #4]
1000354a:	9a00      	ldr	r2, [sp, #0]
1000354c:	443b      	add	r3, r7
1000354e:	4413      	add	r3, r2
10003550:	f893 2034 	ldrb.w	r2, [r3, #52]	@ 0x34
10003554:	f042 0202 	orr.w	r2, r2, #2
10003558:	f883 2034 	strb.w	r2, [r3, #52]	@ 0x34
1000355c:	f893 2034 	ldrb.w	r2, [r3, #52]	@ 0x34
10003560:	f042 0201 	orr.w	r2, r2, #1
10003564:	f883 2034 	strb.w	r2, [r3, #52]	@ 0x34
10003568:	2e00      	cmp	r6, #0
1000356a:	f43f ad1f 	beq.w	10002fac <tud_task_ext+0x20>
1000356e:	6970      	ldr	r0, [r6, #20]
10003570:	f000 fa14 	bl	1000399c <usbd_control_set_complete_callback>
10003574:	6973      	ldr	r3, [r6, #20]
10003576:	2101      	movs	r1, #1
10003578:	aa08      	add	r2, sp, #32
1000357a:	4640      	mov	r0, r8
1000357c:	4798      	blx	r3
1000357e:	2000      	movs	r0, #0
10003580:	f000 fa0c 	bl	1000399c <usbd_control_set_complete_callback>
10003584:	f897 3035 	ldrb.w	r3, [r7, #53]	@ 0x35
10003588:	07df      	lsls	r7, r3, #31
1000358a:	f53f ad0f 	bmi.w	10002fac <tud_task_ext+0x20>
1000358e:	e696      	b.n	100032be <tud_task_ext+0x332>
10003590:	f7ff fc6a 	bl	10002e68 <tud_umount_cb>
10003594:	4640      	mov	r0, r8
10003596:	a908      	add	r1, sp, #32
10003598:	f000 f986 	bl	100038a8 <tud_control_status>
1000359c:	e506      	b.n	10002fac <tud_task_ext+0x20>
1000359e:	9b04      	ldr	r3, [sp, #16]
100035a0:	2b01      	cmp	r3, #1
100035a2:	f000 809e 	beq.w	100036e2 <tud_task_ext+0x756>
100035a6:	2b00      	cmp	r3, #0
100035a8:	f000 808a 	beq.w	100036c0 <tud_task_ext+0x734>
100035ac:	2000      	movs	r0, #0
100035ae:	f891 8002 	ldrb.w	r8, [r1, #2]
100035b2:	e005      	b.n	100035c0 <tud_task_ext+0x634>
100035b4:	f88c 6004 	strb.w	r6, [ip, #4]
100035b8:	fa5f fc80 	uxtb.w	ip, r0
100035bc:	4563      	cmp	r3, ip
100035be:	d97f      	bls.n	100036c0 <tud_task_ext+0x734>
100035c0:	eb08 0c00 	add.w	ip, r8, r0
100035c4:	fa57 fc8c 	uxtab	ip, r7, ip
100035c8:	f89c e004 	ldrb.w	lr, [ip, #4]
100035cc:	3001      	adds	r0, #1
100035ce:	f1be 0fff 	cmp.w	lr, #255	@ 0xff
100035d2:	d0ef      	beq.n	100035b4 <tud_task_ext+0x628>
100035d4:	f04f 23e0 	mov.w	r3, #3758153728	@ 0xe000e000
100035d8:	f8d3 3df0 	ldr.w	r3, [r3, #3568]	@ 0xdf0
100035dc:	07da      	lsls	r2, r3, #31
100035de:	d500      	bpl.n	100035e2 <tud_task_ext+0x656>
100035e0:	be00      	bkpt	0x0000
100035e2:	f04f 23e0 	mov.w	r3, #3758153728	@ 0xe000e000
100035e6:	f8d3 3df0 	ldr.w	r3, [r3, #3568]	@ 0xdf0
100035ea:	07db      	lsls	r3, r3, #31
100035ec:	d500      	bpl.n	100035f0 <tud_task_ext+0x664>
100035ee:	be00      	bkpt	0x0000
100035f0:	2300      	movs	r3, #0
100035f2:	707b      	strb	r3, [r7, #1]
100035f4:	e5e2      	b.n	100031bc <tud_task_ext+0x230>
100035f6:	f7fe ff1b 	bl	10002430 <tud_descriptor_bos_cb>
100035fa:	4602      	mov	r2, r0
100035fc:	2800      	cmp	r0, #0
100035fe:	f47f af58 	bne.w	100034b2 <tud_task_ext+0x526>
10003602:	e5db      	b.n	100031bc <tud_task_ext+0x230>
10003604:	f7ff f950 	bl	100028a8 <tud_descriptor_device_cb>
10003608:	4602      	mov	r2, r0
1000360a:	2800      	cmp	r0, #0
1000360c:	f43f adcf 	beq.w	100031ae <tud_task_ext+0x222>
10003610:	4640      	mov	r0, r8
10003612:	2312      	movs	r3, #18
10003614:	a908      	add	r1, sp, #32
10003616:	f000 f961 	bl	100038dc <tud_control_xfer>
1000361a:	2800      	cmp	r0, #0
1000361c:	f47f acc6 	bne.w	10002fac <tud_task_ext+0x20>
10003620:	e5cc      	b.n	100031bc <tud_task_ext+0x230>
10003622:	f7ff fc1b 	bl	10002e5c <tud_descriptor_device_qualifier_cb>
10003626:	4602      	mov	r2, r0
10003628:	2800      	cmp	r0, #0
1000362a:	f43f adc7 	beq.w	100031bc <tud_task_ext+0x230>
1000362e:	4640      	mov	r0, r8
10003630:	7813      	ldrb	r3, [r2, #0]
10003632:	a908      	add	r1, sp, #32
10003634:	f000 f952 	bl	100038dc <tud_control_xfer>
10003638:	2800      	cmp	r0, #0
1000363a:	f47f acb7 	bne.w	10002fac <tud_task_ext+0x20>
1000363e:	e5bd      	b.n	100031bc <tud_task_ext+0x230>
10003640:	f8bd 1024 	ldrh.w	r1, [sp, #36]	@ 0x24
10003644:	f7ff f938 	bl	100028b8 <tud_descriptor_string_cb>
10003648:	4602      	mov	r2, r0
1000364a:	2800      	cmp	r0, #0
1000364c:	d1ef      	bne.n	1000362e <tud_task_ext+0x6a2>
1000364e:	e5b5      	b.n	100031bc <tud_task_ext+0x230>
10003650:	9302      	str	r3, [sp, #8]
10003652:	f7ff fb63 	bl	10002d1c <dcd_edpt_clear_stall>
10003656:	9a01      	ldr	r2, [sp, #4]
10003658:	9b00      	ldr	r3, [sp, #0]
1000365a:	443a      	add	r2, r7
1000365c:	441a      	add	r2, r3
1000365e:	f892 1034 	ldrb.w	r1, [r2, #52]	@ 0x34
10003662:	9b02      	ldr	r3, [sp, #8]
10003664:	f363 0141 	bfi	r1, r3, #1, #1
10003668:	f882 1034 	strb.w	r1, [r2, #52]	@ 0x34
1000366c:	f892 1034 	ldrb.w	r1, [r2, #52]	@ 0x34
10003670:	f363 0100 	bfi	r1, r3, #0, #1
10003674:	f882 1034 	strb.w	r1, [r2, #52]	@ 0x34
10003678:	e776      	b.n	10003568 <tud_task_ext+0x5dc>
1000367a:	2100      	movs	r1, #0
1000367c:	4640      	mov	r0, r8
1000367e:	f7ff fa81 	bl	10002b84 <dcd_sof_enable>
10003682:	4640      	mov	r0, r8
10003684:	f7ff fb1e 	bl	10002cc4 <dcd_edpt_close_all>
10003688:	78bb      	ldrb	r3, [r7, #2]
1000368a:	4640      	mov	r0, r8
1000368c:	9300      	str	r3, [sp, #0]
1000368e:	f7ff fb9b 	bl	10002dc8 <configuration_reset>
10003692:	9b00      	ldr	r3, [sp, #0]
10003694:	70bb      	strb	r3, [r7, #2]
10003696:	e632      	b.n	100032fe <tud_task_ext+0x372>
10003698:	f8dd 800c 	ldr.w	r8, [sp, #12]
1000369c:	f7ff fbe2 	bl	10002e64 <tud_mount_cb>
100036a0:	e778      	b.n	10003594 <tud_task_ext+0x608>
100036a2:	4640      	mov	r0, r8
100036a4:	2301      	movs	r3, #1
100036a6:	a908      	add	r1, sp, #32
100036a8:	f10d 021a 	add.w	r2, sp, #26
100036ac:	f88d 601a 	strb.w	r6, [sp, #26]
100036b0:	f000 f914 	bl	100038dc <tud_control_xfer>
100036b4:	e47a      	b.n	10002fac <tud_task_ext+0x20>
100036b6:	780a      	ldrb	r2, [r1, #0]
100036b8:	78cb      	ldrb	r3, [r1, #3]
100036ba:	4411      	add	r1, r2
100036bc:	784a      	ldrb	r2, [r1, #1]
100036be:	e64c      	b.n	1000335a <tud_task_ext+0x3ce>
100036c0:	4633      	mov	r3, r6
100036c2:	4810      	ldr	r0, [pc, #64]	@ (10003704 <tud_task_ext+0x778>)
100036c4:	9204      	str	r2, [sp, #16]
100036c6:	9102      	str	r1, [sp, #8]
100036c8:	f000 fe7c 	bl	100043c4 <tu_edpt_bind_driver>
100036cc:	4b0e      	ldr	r3, [pc, #56]	@ (10003708 <tud_task_ext+0x77c>)
100036ce:	9a04      	ldr	r2, [sp, #16]
100036d0:	9902      	ldr	r1, [sp, #8]
100036d2:	781b      	ldrb	r3, [r3, #0]
100036d4:	4411      	add	r1, r2
100036d6:	9a00      	ldr	r2, [sp, #0]
100036d8:	3301      	adds	r3, #1
100036da:	4293      	cmp	r3, r2
100036dc:	f6bf ae34 	bge.w	10003348 <tud_task_ext+0x3bc>
100036e0:	e778      	b.n	100035d4 <tud_task_ext+0x648>
100036e2:	f8d8 c010 	ldr.w	ip, [r8, #16]
100036e6:	4809      	ldr	r0, [pc, #36]	@ (1000370c <tud_task_ext+0x780>)
100036e8:	4584      	cmp	ip, r0
100036ea:	bf08      	it	eq
100036ec:	2302      	moveq	r3, #2
100036ee:	e75d      	b.n	100035ac <tud_task_ext+0x620>
100036f0:	f04f 23e0 	mov.w	r3, #3758153728	@ 0xe000e000
100036f4:	f8d3 3df0 	ldr.w	r3, [r3, #3568]	@ 0xdf0
100036f8:	07db      	lsls	r3, r3, #31
100036fa:	f57f ac57 	bpl.w	10002fac <tud_task_ext+0x20>
100036fe:	be00      	bkpt	0x0000
10003700:	e454      	b.n	10002fac <tud_task_ext+0x20>
10003702:	bf00      	nop
10003704:	200014bc 	.word	0x200014bc
10003708:	20001d5d 	.word	0x20001d5d
1000370c:	10003dd5 	.word	0x10003dd5

10003710 <usbd_open_edpt_pair>:
10003710:	e92d 4ff8 	stmdb	sp!, {r3, r4, r5, r6, r7, r8, r9, sl, fp, lr}
10003714:	f8dd 8028 	ldr.w	r8, [sp, #40]	@ 0x28
10003718:	2a00      	cmp	r2, #0
1000371a:	d03f      	beq.n	1000379c <usbd_open_edpt_pair+0x8c>
1000371c:	460c      	mov	r4, r1
1000371e:	461e      	mov	r6, r3
10003720:	4615      	mov	r5, r2
10003722:	f04f 0b00 	mov.w	fp, #0
10003726:	4f1f      	ldr	r7, [pc, #124]	@ (100037a4 <usbd_open_edpt_pair+0x94>)
10003728:	f8df 907c 	ldr.w	r9, [pc, #124]	@ 100037a8 <usbd_open_edpt_pair+0x98>
1000372c:	e017      	b.n	1000375e <usbd_open_edpt_pair+0x4e>
1000372e:	4620      	mov	r0, r4
10003730:	f899 1002 	ldrb.w	r1, [r9, #2]
10003734:	f000 fe14 	bl	10004360 <tu_edpt_validate>
10003738:	b1f8      	cbz	r0, 1000377a <usbd_open_edpt_pair+0x6a>
1000373a:	4621      	mov	r1, r4
1000373c:	4650      	mov	r0, sl
1000373e:	f7ff fa3d 	bl	10002bbc <dcd_edpt_open>
10003742:	b308      	cbz	r0, 10003788 <usbd_open_edpt_pair+0x78>
10003744:	78a3      	ldrb	r3, [r4, #2]
10003746:	f10b 0b01 	add.w	fp, fp, #1
1000374a:	09da      	lsrs	r2, r3, #7
1000374c:	bf16      	itet	ne
1000374e:	9a0b      	ldrne	r2, [sp, #44]	@ 0x2c
10003750:	f888 3000 	strbeq.w	r3, [r8]
10003754:	7013      	strbne	r3, [r2, #0]
10003756:	7823      	ldrb	r3, [r4, #0]
10003758:	45ab      	cmp	fp, r5
1000375a:	441c      	add	r4, r3
1000375c:	d01e      	beq.n	1000379c <usbd_open_edpt_pair+0x8c>
1000375e:	7863      	ldrb	r3, [r4, #1]
10003760:	2b05      	cmp	r3, #5
10003762:	d111      	bne.n	10003788 <usbd_open_edpt_pair+0x78>
10003764:	78e1      	ldrb	r1, [r4, #3]
10003766:	f001 0103 	and.w	r1, r1, #3
1000376a:	42b1      	cmp	r1, r6
1000376c:	d10c      	bne.n	10003788 <usbd_open_edpt_pair+0x78>
1000376e:	78a3      	ldrb	r3, [r4, #2]
10003770:	f897 a000 	ldrb.w	sl, [r7]
10003774:	f013 0f70 	tst.w	r3, #112	@ 0x70
10003778:	d0d9      	beq.n	1000372e <usbd_open_edpt_pair+0x1e>
1000377a:	f04f 23e0 	mov.w	r3, #3758153728	@ 0xe000e000
1000377e:	f8d3 3df0 	ldr.w	r3, [r3, #3568]	@ 0xdf0
10003782:	07da      	lsls	r2, r3, #31
10003784:	d500      	bpl.n	10003788 <usbd_open_edpt_pair+0x78>
10003786:	be00      	bkpt	0x0000
10003788:	f04f 23e0 	mov.w	r3, #3758153728	@ 0xe000e000
1000378c:	f8d3 3df0 	ldr.w	r3, [r3, #3568]	@ 0xdf0
10003790:	07db      	lsls	r3, r3, #31
10003792:	d500      	bpl.n	10003796 <usbd_open_edpt_pair+0x86>
10003794:	be00      	bkpt	0x0000
10003796:	2000      	movs	r0, #0
10003798:	e8bd 8ff8 	ldmia.w	sp!, {r3, r4, r5, r6, r7, r8, r9, sl, fp, pc}
1000379c:	2001      	movs	r0, #1
1000379e:	e8bd 8ff8 	ldmia.w	sp!, {r3, r4, r5, r6, r7, r8, r9, sl, fp, pc}
100037a2:	bf00      	nop
100037a4:	20000f90 	.word	0x20000f90
100037a8:	200014a8 	.word	0x200014a8

100037ac <usbd_edpt_open>:
100037ac:	b538      	push	{r3, r4, r5, lr}
100037ae:	4b0e      	ldr	r3, [pc, #56]	@ (100037e8 <usbd_edpt_open+0x3c>)
100037b0:	781d      	ldrb	r5, [r3, #0]
100037b2:	788b      	ldrb	r3, [r1, #2]
100037b4:	f013 0f70 	tst.w	r3, #112	@ 0x70
100037b8:	d008      	beq.n	100037cc <usbd_edpt_open+0x20>
100037ba:	f04f 23e0 	mov.w	r3, #3758153728	@ 0xe000e000
100037be:	f8d3 3df0 	ldr.w	r3, [r3, #3568]	@ 0xdf0
100037c2:	07db      	lsls	r3, r3, #31
100037c4:	d500      	bpl.n	100037c8 <usbd_edpt_open+0x1c>
100037c6:	be00      	bkpt	0x0000
100037c8:	2000      	movs	r0, #0
100037ca:	bd38      	pop	{r3, r4, r5, pc}
100037cc:	4b07      	ldr	r3, [pc, #28]	@ (100037ec <usbd_edpt_open+0x40>)
100037ce:	460c      	mov	r4, r1
100037d0:	4608      	mov	r0, r1
100037d2:	7899      	ldrb	r1, [r3, #2]
100037d4:	f000 fdc4 	bl	10004360 <tu_edpt_validate>
100037d8:	2800      	cmp	r0, #0
100037da:	d0ee      	beq.n	100037ba <usbd_edpt_open+0xe>
100037dc:	4621      	mov	r1, r4
100037de:	4628      	mov	r0, r5
100037e0:	e8bd 4038 	ldmia.w	sp!, {r3, r4, r5, lr}
100037e4:	f7ff b9ea 	b.w	10002bbc <dcd_edpt_open>
100037e8:	20000f90 	.word	0x20000f90
100037ec:	200014a8 	.word	0x200014a8

100037f0 <usbd_edpt_claim>:
100037f0:	460b      	mov	r3, r1
100037f2:	4a06      	ldr	r2, [pc, #24]	@ (1000380c <usbd_edpt_claim+0x1c>)
100037f4:	4806      	ldr	r0, [pc, #24]	@ (10003810 <usbd_edpt_claim+0x20>)
100037f6:	6811      	ldr	r1, [r2, #0]
100037f8:	09da      	lsrs	r2, r3, #7
100037fa:	3234      	adds	r2, #52	@ 0x34
100037fc:	f003 037f 	and.w	r3, r3, #127	@ 0x7f
10003800:	eb02 0343 	add.w	r3, r2, r3, lsl #1
10003804:	4418      	add	r0, r3
10003806:	f000 bd65 	b.w	100042d4 <tu_edpt_claim>
1000380a:	bf00      	nop
1000380c:	200014fc 	.word	0x200014fc
10003810:	200014a8 	.word	0x200014a8

10003814 <usbd_edpt_release>:
10003814:	460b      	mov	r3, r1
10003816:	4a06      	ldr	r2, [pc, #24]	@ (10003830 <usbd_edpt_release+0x1c>)
10003818:	4806      	ldr	r0, [pc, #24]	@ (10003834 <usbd_edpt_release+0x20>)
1000381a:	6811      	ldr	r1, [r2, #0]
1000381c:	09da      	lsrs	r2, r3, #7
1000381e:	3234      	adds	r2, #52	@ 0x34
10003820:	f003 037f 	and.w	r3, r3, #127	@ 0x7f
10003824:	eb02 0343 	add.w	r3, r2, r3, lsl #1
10003828:	4418      	add	r0, r3
1000382a:	f000 bd7d 	b.w	10004328 <tu_edpt_release>
1000382e:	bf00      	nop
10003830:	200014fc 	.word	0x200014fc
10003834:	200014a8 	.word	0x200014a8

10003838 <usbd_edpt_xfer>:
10003838:	b510      	push	{r4, lr}
1000383a:	4c19      	ldr	r4, [pc, #100]	@ (100038a0 <usbd_edpt_xfer+0x68>)
1000383c:	f001 0e7f 	and.w	lr, r1, #127	@ 0x7f
10003840:	eb04 044e 	add.w	r4, r4, lr, lsl #1
10003844:	eb04 14d1 	add.w	r4, r4, r1, lsr #7
10003848:	f894 c034 	ldrb.w	ip, [r4, #52]	@ 0x34
1000384c:	4815      	ldr	r0, [pc, #84]	@ (100038a4 <usbd_edpt_xfer+0x6c>)
1000384e:	f01c 0f01 	tst.w	ip, #1
10003852:	f104 0430 	add.w	r4, r4, #48	@ 0x30
10003856:	7800      	ldrb	r0, [r0, #0]
10003858:	d008      	beq.n	1000386c <usbd_edpt_xfer+0x34>
1000385a:	f04f 23e0 	mov.w	r3, #3758153728	@ 0xe000e000
1000385e:	f8d3 3df0 	ldr.w	r3, [r3, #3568]	@ 0xdf0
10003862:	07da      	lsls	r2, r3, #31
10003864:	d500      	bpl.n	10003868 <usbd_edpt_xfer+0x30>
10003866:	be00      	bkpt	0x0000
10003868:	2000      	movs	r0, #0
1000386a:	bd10      	pop	{r4, pc}
1000386c:	f894 c004 	ldrb.w	ip, [r4, #4]
10003870:	f04c 0c01 	orr.w	ip, ip, #1
10003874:	f884 c004 	strb.w	ip, [r4, #4]
10003878:	f7ff fa26 	bl	10002cc8 <dcd_edpt_xfer>
1000387c:	2800      	cmp	r0, #0
1000387e:	d1f4      	bne.n	1000386a <usbd_edpt_xfer+0x32>
10003880:	f04f 21e0 	mov.w	r1, #3758153728	@ 0xe000e000
10003884:	7922      	ldrb	r2, [r4, #4]
10003886:	f360 0200 	bfi	r2, r0, #0, #1
1000388a:	7122      	strb	r2, [r4, #4]
1000388c:	7922      	ldrb	r2, [r4, #4]
1000388e:	f360 0282 	bfi	r2, r0, #2, #1
10003892:	7122      	strb	r2, [r4, #4]
10003894:	f8d1 3df0 	ldr.w	r3, [r1, #3568]	@ 0xdf0
10003898:	07db      	lsls	r3, r3, #31
1000389a:	d5e5      	bpl.n	10003868 <usbd_edpt_xfer+0x30>
1000389c:	e7e3      	b.n	10003866 <usbd_edpt_xfer+0x2e>
1000389e:	bf00      	nop
100038a0:	200014a8 	.word	0x200014a8
100038a4:	20000f90 	.word	0x20000f90

100038a8 <tud_control_status>:
100038a8:	b530      	push	{r4, r5, lr}
100038aa:	4c0b      	ldr	r4, [pc, #44]	@ (100038d8 <tud_control_status+0x30>)
100038ac:	468c      	mov	ip, r1
100038ae:	46a6      	mov	lr, r4
100038b0:	4605      	mov	r5, r0
100038b2:	6808      	ldr	r0, [r1, #0]
100038b4:	6849      	ldr	r1, [r1, #4]
100038b6:	2300      	movs	r3, #0
100038b8:	e8ae 0003 	stmia.w	lr!, {r0, r1}
100038bc:	f89c 1000 	ldrb.w	r1, [ip]
100038c0:	4628      	mov	r0, r5
100038c2:	43c9      	mvns	r1, r1
100038c4:	e9c4 3302 	strd	r3, r3, [r4, #8]
100038c8:	e8bd 4030 	ldmia.w	sp!, {r4, r5, lr}
100038cc:	461a      	mov	r2, r3
100038ce:	f001 0180 	and.w	r1, r1, #128	@ 0x80
100038d2:	f7ff bfb1 	b.w	10003838 <usbd_edpt_xfer>
100038d6:	bf00      	nop
100038d8:	20001468 	.word	0x20001468

100038dc <tud_control_xfer>:
100038dc:	e92d 41f0 	stmdb	sp!, {r4, r5, r6, r7, r8, lr}
100038e0:	4f27      	ldr	r7, [pc, #156]	@ (10003980 <tud_control_xfer+0xa4>)
100038e2:	f04f 0800 	mov.w	r8, #0
100038e6:	46be      	mov	lr, r7
100038e8:	468c      	mov	ip, r1
100038ea:	4606      	mov	r6, r0
100038ec:	6808      	ldr	r0, [r1, #0]
100038ee:	6849      	ldr	r1, [r1, #4]
100038f0:	60ba      	str	r2, [r7, #8]
100038f2:	e8ae 0003 	stmia.w	lr!, {r0, r1}
100038f6:	f8a7 800e 	strh.w	r8, [r7, #14]
100038fa:	4615      	mov	r5, r2
100038fc:	f8bc 2006 	ldrh.w	r2, [ip, #6]
10003900:	4293      	cmp	r3, r2
10003902:	bf28      	it	cs
10003904:	4613      	movcs	r3, r2
10003906:	81bb      	strh	r3, [r7, #12]
10003908:	b19a      	cbz	r2, 10003932 <tud_control_xfer+0x56>
1000390a:	461c      	mov	r4, r3
1000390c:	b32b      	cbz	r3, 1000395a <tud_control_xfer+0x7e>
1000390e:	b1dd      	cbz	r5, 10003948 <tud_control_xfer+0x6c>
10003910:	f997 3000 	ldrsb.w	r3, [r7]
10003914:	2c40      	cmp	r4, #64	@ 0x40
10003916:	bf28      	it	cs
10003918:	2440      	movcs	r4, #64	@ 0x40
1000391a:	2b00      	cmp	r3, #0
1000391c:	db28      	blt.n	10003970 <tud_control_xfer+0x94>
1000391e:	4641      	mov	r1, r8
10003920:	4623      	mov	r3, r4
10003922:	4630      	mov	r0, r6
10003924:	4a17      	ldr	r2, [pc, #92]	@ (10003984 <tud_control_xfer+0xa8>)
10003926:	f7ff ff87 	bl	10003838 <usbd_edpt_xfer>
1000392a:	b168      	cbz	r0, 10003948 <tud_control_xfer+0x6c>
1000392c:	2001      	movs	r0, #1
1000392e:	e8bd 81f0 	ldmia.w	sp!, {r4, r5, r6, r7, r8, pc}
10003932:	f89c 1000 	ldrb.w	r1, [ip]
10003936:	4613      	mov	r3, r2
10003938:	43c9      	mvns	r1, r1
1000393a:	4630      	mov	r0, r6
1000393c:	f001 0180 	and.w	r1, r1, #128	@ 0x80
10003940:	f7ff ff7a 	bl	10003838 <usbd_edpt_xfer>
10003944:	2800      	cmp	r0, #0
10003946:	d1f1      	bne.n	1000392c <tud_control_xfer+0x50>
10003948:	f04f 23e0 	mov.w	r3, #3758153728	@ 0xe000e000
1000394c:	f8d3 3df0 	ldr.w	r3, [r3, #3568]	@ 0xdf0
10003950:	07db      	lsls	r3, r3, #31
10003952:	d500      	bpl.n	10003956 <tud_control_xfer+0x7a>
10003954:	be00      	bkpt	0x0000
10003956:	2000      	movs	r0, #0
10003958:	e7e9      	b.n	1000392e <tud_control_xfer+0x52>
1000395a:	461a      	mov	r2, r3
1000395c:	7839      	ldrb	r1, [r7, #0]
1000395e:	f001 0180 	and.w	r1, r1, #128	@ 0x80
10003962:	4623      	mov	r3, r4
10003964:	4630      	mov	r0, r6
10003966:	f7ff ff67 	bl	10003838 <usbd_edpt_xfer>
1000396a:	2800      	cmp	r0, #0
1000396c:	d1de      	bne.n	1000392c <tud_control_xfer+0x50>
1000396e:	e7eb      	b.n	10003948 <tud_control_xfer+0x6c>
10003970:	4622      	mov	r2, r4
10003972:	4629      	mov	r1, r5
10003974:	4803      	ldr	r0, [pc, #12]	@ (10003984 <tud_control_xfer+0xa8>)
10003976:	f001 f967 	bl	10004c48 <memcpy>
1000397a:	2180      	movs	r1, #128	@ 0x80
1000397c:	4a01      	ldr	r2, [pc, #4]	@ (10003984 <tud_control_xfer+0xa8>)
1000397e:	e7f0      	b.n	10003962 <tud_control_xfer+0x86>
10003980:	20001468 	.word	0x20001468
10003984:	20001428 	.word	0x20001428

10003988 <usbd_control_reset>:
10003988:	2200      	movs	r2, #0
1000398a:	4b03      	ldr	r3, [pc, #12]	@ (10003998 <usbd_control_reset+0x10>)
1000398c:	e9c3 2200 	strd	r2, r2, [r3]
10003990:	e9c3 2202 	strd	r2, r2, [r3, #8]
10003994:	611a      	str	r2, [r3, #16]
10003996:	4770      	bx	lr
10003998:	20001468 	.word	0x20001468

1000399c <usbd_control_set_complete_callback>:
1000399c:	4b01      	ldr	r3, [pc, #4]	@ (100039a4 <usbd_control_set_complete_callback+0x8>)
1000399e:	6118      	str	r0, [r3, #16]
100039a0:	4770      	bx	lr
100039a2:	bf00      	nop
100039a4:	20001468 	.word	0x20001468

100039a8 <usbd_control_set_request>:
100039a8:	b430      	push	{r4, r5}
100039aa:	4602      	mov	r2, r0
100039ac:	4c04      	ldr	r4, [pc, #16]	@ (100039c0 <usbd_control_set_request+0x18>)
100039ae:	2500      	movs	r5, #0
100039b0:	4623      	mov	r3, r4
100039b2:	6800      	ldr	r0, [r0, #0]
100039b4:	6851      	ldr	r1, [r2, #4]
100039b6:	e9c4 5502 	strd	r5, r5, [r4, #8]
100039ba:	bc30      	pop	{r4, r5}
100039bc:	c303      	stmia	r3!, {r0, r1}
100039be:	4770      	bx	lr
100039c0:	20001468 	.word	0x20001468

100039c4 <usbd_control_xfer_cb>:
100039c4:	b570      	push	{r4, r5, r6, lr}
100039c6:	4c3c      	ldr	r4, [pc, #240]	@ (10003ab8 <usbd_control_xfer_cb+0xf4>)
100039c8:	09c9      	lsrs	r1, r1, #7
100039ca:	7822      	ldrb	r2, [r4, #0]
100039cc:	4606      	mov	r6, r0
100039ce:	ebb1 1fd2 	cmp.w	r1, r2, lsr #7
100039d2:	461d      	mov	r5, r3
100039d4:	b082      	sub	sp, #8
100039d6:	d017      	beq.n	10003a08 <usbd_control_xfer_cb+0x44>
100039d8:	b153      	cbz	r3, 100039f0 <usbd_control_xfer_cb+0x2c>
100039da:	f04f 23e0 	mov.w	r3, #3758153728	@ 0xe000e000
100039de:	f8d3 3df0 	ldr.w	r3, [r3, #3568]	@ 0xdf0
100039e2:	07db      	lsls	r3, r3, #31
100039e4:	d402      	bmi.n	100039ec <usbd_control_xfer_cb+0x28>
100039e6:	2000      	movs	r0, #0
100039e8:	b002      	add	sp, #8
100039ea:	bd70      	pop	{r4, r5, r6, pc}
100039ec:	be00      	bkpt	0x0000
100039ee:	e7fa      	b.n	100039e6 <usbd_control_xfer_cb+0x22>
100039f0:	4621      	mov	r1, r4
100039f2:	f7ff f8d5 	bl	10002ba0 <dcd_edpt0_status_complete>
100039f6:	6923      	ldr	r3, [r4, #16]
100039f8:	b11b      	cbz	r3, 10003a02 <usbd_control_xfer_cb+0x3e>
100039fa:	4622      	mov	r2, r4
100039fc:	2103      	movs	r1, #3
100039fe:	4630      	mov	r0, r6
10003a00:	4798      	blx	r3
10003a02:	2001      	movs	r0, #1
10003a04:	b002      	add	sp, #8
10003a06:	bd70      	pop	{r4, r5, r6, pc}
10003a08:	f994 3000 	ldrsb.w	r3, [r4]
10003a0c:	68a0      	ldr	r0, [r4, #8]
10003a0e:	2b00      	cmp	r3, #0
10003a10:	db05      	blt.n	10003a1e <usbd_control_xfer_cb+0x5a>
10003a12:	2800      	cmp	r0, #0
10003a14:	d0e7      	beq.n	100039e6 <usbd_control_xfer_cb+0x22>
10003a16:	462a      	mov	r2, r5
10003a18:	4928      	ldr	r1, [pc, #160]	@ (10003abc <usbd_control_xfer_cb+0xf8>)
10003a1a:	f001 f915 	bl	10004c48 <memcpy>
10003a1e:	89e0      	ldrh	r0, [r4, #14]
10003a20:	68a1      	ldr	r1, [r4, #8]
10003a22:	88e3      	ldrh	r3, [r4, #6]
10003a24:	4428      	add	r0, r5
10003a26:	b280      	uxth	r0, r0
10003a28:	4429      	add	r1, r5
10003a2a:	4283      	cmp	r3, r0
10003a2c:	81e0      	strh	r0, [r4, #14]
10003a2e:	60a1      	str	r1, [r4, #8]
10003a30:	d016      	beq.n	10003a60 <usbd_control_xfer_cb+0x9c>
10003a32:	2d3f      	cmp	r5, #63	@ 0x3f
10003a34:	d914      	bls.n	10003a60 <usbd_control_xfer_cb+0x9c>
10003a36:	89a2      	ldrh	r2, [r4, #12]
10003a38:	f994 4000 	ldrsb.w	r4, [r4]
10003a3c:	1a13      	subs	r3, r2, r0
10003a3e:	b29b      	uxth	r3, r3
10003a40:	2b40      	cmp	r3, #64	@ 0x40
10003a42:	bf28      	it	cs
10003a44:	2340      	movcs	r3, #64	@ 0x40
10003a46:	2c00      	cmp	r4, #0
10003a48:	db26      	blt.n	10003a98 <usbd_control_xfer_cb+0xd4>
10003a4a:	4290      	cmp	r0, r2
10003a4c:	f04f 0100 	mov.w	r1, #0
10003a50:	d030      	beq.n	10003ab4 <usbd_control_xfer_cb+0xf0>
10003a52:	4a1a      	ldr	r2, [pc, #104]	@ (10003abc <usbd_control_xfer_cb+0xf8>)
10003a54:	4630      	mov	r0, r6
10003a56:	f7ff feef 	bl	10003838 <usbd_edpt_xfer>
10003a5a:	2800      	cmp	r0, #0
10003a5c:	d1d1      	bne.n	10003a02 <usbd_control_xfer_cb+0x3e>
10003a5e:	e7bc      	b.n	100039da <usbd_control_xfer_cb+0x16>
10003a60:	6923      	ldr	r3, [r4, #16]
10003a62:	b123      	cbz	r3, 10003a6e <usbd_control_xfer_cb+0xaa>
10003a64:	2102      	movs	r1, #2
10003a66:	4630      	mov	r0, r6
10003a68:	4a13      	ldr	r2, [pc, #76]	@ (10003ab8 <usbd_control_xfer_cb+0xf4>)
10003a6a:	4798      	blx	r3
10003a6c:	b158      	cbz	r0, 10003a86 <usbd_control_xfer_cb+0xc2>
10003a6e:	7821      	ldrb	r1, [r4, #0]
10003a70:	2300      	movs	r3, #0
10003a72:	43c9      	mvns	r1, r1
10003a74:	4630      	mov	r0, r6
10003a76:	461a      	mov	r2, r3
10003a78:	f001 0180 	and.w	r1, r1, #128	@ 0x80
10003a7c:	f7ff fedc 	bl	10003838 <usbd_edpt_xfer>
10003a80:	2800      	cmp	r0, #0
10003a82:	d1be      	bne.n	10003a02 <usbd_control_xfer_cb+0x3e>
10003a84:	e7a9      	b.n	100039da <usbd_control_xfer_cb+0x16>
10003a86:	4601      	mov	r1, r0
10003a88:	4630      	mov	r0, r6
10003a8a:	f7ff f931 	bl	10002cf0 <dcd_edpt_stall>
10003a8e:	2180      	movs	r1, #128	@ 0x80
10003a90:	4630      	mov	r0, r6
10003a92:	f7ff f92d 	bl	10002cf0 <dcd_edpt_stall>
10003a96:	e7b4      	b.n	10003a02 <usbd_control_xfer_cb+0x3e>
10003a98:	4290      	cmp	r0, r2
10003a9a:	d008      	beq.n	10003aae <usbd_control_xfer_cb+0xea>
10003a9c:	461a      	mov	r2, r3
10003a9e:	4807      	ldr	r0, [pc, #28]	@ (10003abc <usbd_control_xfer_cb+0xf8>)
10003aa0:	9301      	str	r3, [sp, #4]
10003aa2:	f001 f8d1 	bl	10004c48 <memcpy>
10003aa6:	2180      	movs	r1, #128	@ 0x80
10003aa8:	4a04      	ldr	r2, [pc, #16]	@ (10003abc <usbd_control_xfer_cb+0xf8>)
10003aaa:	9b01      	ldr	r3, [sp, #4]
10003aac:	e7d2      	b.n	10003a54 <usbd_control_xfer_cb+0x90>
10003aae:	2180      	movs	r1, #128	@ 0x80
10003ab0:	2200      	movs	r2, #0
10003ab2:	e7cf      	b.n	10003a54 <usbd_control_xfer_cb+0x90>
10003ab4:	460a      	mov	r2, r1
10003ab6:	e7cd      	b.n	10003a54 <usbd_control_xfer_cb+0x90>
10003ab8:	20001468 	.word	0x20001468
10003abc:	20001428 	.word	0x20001428

10003ac0 <_prep_out_transaction.isra.0>:
10003ac0:	e92d 41f0 	stmdb	sp!, {r4, r5, r6, r7, r8, lr}
10003ac4:	4604      	mov	r4, r0
10003ac6:	f7ff f9d5 	bl	10002e74 <tud_mounted>
10003aca:	b908      	cbnz	r0, 10003ad0 <_prep_out_transaction.isra.0+0x10>
10003acc:	e8bd 81f0 	ldmia.w	sp!, {r4, r5, r6, r7, r8, pc}
10003ad0:	f7ff f9d8 	bl	10002e84 <tud_suspended>
10003ad4:	4607      	mov	r7, r0
10003ad6:	2800      	cmp	r0, #0
10003ad8:	d1f8      	bne.n	10003acc <_prep_out_transaction.isra.0+0xc>
10003ada:	22c8      	movs	r2, #200	@ 0xc8
10003adc:	4b13      	ldr	r3, [pc, #76]	@ (10003b2c <_prep_out_transaction.isra.0+0x6c>)
10003ade:	fb02 3604 	mla	r6, r2, r4, r3
10003ae2:	78f1      	ldrb	r1, [r6, #3]
10003ae4:	2900      	cmp	r1, #0
10003ae6:	d0f1      	beq.n	10003acc <_prep_out_transaction.isra.0+0xc>
10003ae8:	f106 0510 	add.w	r5, r6, #16
10003aec:	4628      	mov	r0, r5
10003aee:	f000 fde1 	bl	100046b4 <tu_fifo_remaining>
10003af2:	283f      	cmp	r0, #63	@ 0x3f
10003af4:	d9ea      	bls.n	10003acc <_prep_out_transaction.isra.0+0xc>
10003af6:	4638      	mov	r0, r7
10003af8:	78f1      	ldrb	r1, [r6, #3]
10003afa:	f7ff fe79 	bl	100037f0 <usbd_edpt_claim>
10003afe:	2800      	cmp	r0, #0
10003b00:	d0e4      	beq.n	10003acc <_prep_out_transaction.isra.0+0xc>
10003b02:	4628      	mov	r0, r5
10003b04:	f000 fdd6 	bl	100046b4 <tu_fifo_remaining>
10003b08:	283f      	cmp	r0, #63	@ 0x3f
10003b0a:	d909      	bls.n	10003b20 <_prep_out_transaction.isra.0+0x60>
10003b0c:	4a08      	ldr	r2, [pc, #32]	@ (10003b30 <_prep_out_transaction.isra.0+0x70>)
10003b0e:	4638      	mov	r0, r7
10003b10:	78f1      	ldrb	r1, [r6, #3]
10003b12:	eb02 12c4 	add.w	r2, r2, r4, lsl #7
10003b16:	2340      	movs	r3, #64	@ 0x40
10003b18:	e8bd 41f0 	ldmia.w	sp!, {r4, r5, r6, r7, r8, lr}
10003b1c:	f7ff be8c 	b.w	10003838 <usbd_edpt_xfer>
10003b20:	4638      	mov	r0, r7
10003b22:	78f1      	ldrb	r1, [r6, #3]
10003b24:	e8bd 41f0 	ldmia.w	sp!, {r4, r5, r6, r7, r8, lr}
10003b28:	f7ff be74 	b.w	10003814 <usbd_edpt_release>
10003b2c:	20000fa0 	.word	0x20000fa0
10003b30:	200013a4 	.word	0x200013a4

10003b34 <tud_cdc_n_connected>:
10003b34:	b510      	push	{r4, lr}
10003b36:	4604      	mov	r4, r0
10003b38:	f7ff f99c 	bl	10002e74 <tud_mounted>
10003b3c:	b908      	cbnz	r0, 10003b42 <tud_cdc_n_connected+0xe>
10003b3e:	2000      	movs	r0, #0
10003b40:	bd10      	pop	{r4, pc}
10003b42:	f7ff f99f 	bl	10002e84 <tud_suspended>
10003b46:	2800      	cmp	r0, #0
10003b48:	d1f9      	bne.n	10003b3e <tud_cdc_n_connected+0xa>
10003b4a:	22c8      	movs	r2, #200	@ 0xc8
10003b4c:	4b03      	ldr	r3, [pc, #12]	@ (10003b5c <tud_cdc_n_connected+0x28>)
10003b4e:	fb02 3304 	mla	r3, r2, r4, r3
10003b52:	7918      	ldrb	r0, [r3, #4]
10003b54:	f000 0001 	and.w	r0, r0, #1
10003b58:	bd10      	pop	{r4, pc}
10003b5a:	bf00      	nop
10003b5c:	20000fa0 	.word	0x20000fa0

10003b60 <tud_cdc_n_available>:
10003b60:	21c8      	movs	r1, #200	@ 0xc8
10003b62:	b508      	push	{r3, lr}
10003b64:	2310      	movs	r3, #16
10003b66:	fb01 3000 	mla	r0, r1, r0, r3
10003b6a:	4a02      	ldr	r2, [pc, #8]	@ (10003b74 <tud_cdc_n_available+0x14>)
10003b6c:	4410      	add	r0, r2
10003b6e:	f000 fd87 	bl	10004680 <tu_fifo_count>
10003b72:	bd08      	pop	{r3, pc}
10003b74:	20000fa0 	.word	0x20000fa0

10003b78 <tud_cdc_n_read>:
10003b78:	e92d 43f8 	stmdb	sp!, {r3, r4, r5, r6, r7, r8, r9, lr}
10003b7c:	f64f 73ff 	movw	r3, #65535	@ 0xffff
10003b80:	f04f 08c8 	mov.w	r8, #200	@ 0xc8
10003b84:	2410      	movs	r4, #16
10003b86:	429a      	cmp	r2, r3
10003b88:	bf28      	it	cs
10003b8a:	461a      	movcs	r2, r3
10003b8c:	fb18 4400 	smlabb	r4, r8, r0, r4
10003b90:	4f1a      	ldr	r7, [pc, #104]	@ (10003bfc <tud_cdc_n_read+0x84>)
10003b92:	4606      	mov	r6, r0
10003b94:	443c      	add	r4, r7
10003b96:	4620      	mov	r0, r4
10003b98:	b292      	uxth	r2, r2
10003b9a:	f000 fde7 	bl	1000476c <tu_fifo_read_n>
10003b9e:	4605      	mov	r5, r0
10003ba0:	f7ff f968 	bl	10002e74 <tud_mounted>
10003ba4:	b910      	cbnz	r0, 10003bac <tud_cdc_n_read+0x34>
10003ba6:	4628      	mov	r0, r5
10003ba8:	e8bd 83f8 	ldmia.w	sp!, {r3, r4, r5, r6, r7, r8, r9, pc}
10003bac:	f7ff f96a 	bl	10002e84 <tud_suspended>
10003bb0:	4681      	mov	r9, r0
10003bb2:	2800      	cmp	r0, #0
10003bb4:	d1f7      	bne.n	10003ba6 <tud_cdc_n_read+0x2e>
10003bb6:	fb08 7706 	mla	r7, r8, r6, r7
10003bba:	78fb      	ldrb	r3, [r7, #3]
10003bbc:	2b00      	cmp	r3, #0
10003bbe:	d0f2      	beq.n	10003ba6 <tud_cdc_n_read+0x2e>
10003bc0:	4620      	mov	r0, r4
10003bc2:	f000 fd77 	bl	100046b4 <tu_fifo_remaining>
10003bc6:	283f      	cmp	r0, #63	@ 0x3f
10003bc8:	d9ed      	bls.n	10003ba6 <tud_cdc_n_read+0x2e>
10003bca:	4648      	mov	r0, r9
10003bcc:	78f9      	ldrb	r1, [r7, #3]
10003bce:	f7ff fe0f 	bl	100037f0 <usbd_edpt_claim>
10003bd2:	2800      	cmp	r0, #0
10003bd4:	d0e7      	beq.n	10003ba6 <tud_cdc_n_read+0x2e>
10003bd6:	4620      	mov	r0, r4
10003bd8:	f000 fd6c 	bl	100046b4 <tu_fifo_remaining>
10003bdc:	283f      	cmp	r0, #63	@ 0x3f
10003bde:	d908      	bls.n	10003bf2 <tud_cdc_n_read+0x7a>
10003be0:	4a07      	ldr	r2, [pc, #28]	@ (10003c00 <tud_cdc_n_read+0x88>)
10003be2:	4648      	mov	r0, r9
10003be4:	2340      	movs	r3, #64	@ 0x40
10003be6:	78f9      	ldrb	r1, [r7, #3]
10003be8:	eb02 12c6 	add.w	r2, r2, r6, lsl #7
10003bec:	f7ff fe24 	bl	10003838 <usbd_edpt_xfer>
10003bf0:	e7d9      	b.n	10003ba6 <tud_cdc_n_read+0x2e>
10003bf2:	4648      	mov	r0, r9
10003bf4:	78f9      	ldrb	r1, [r7, #3]
10003bf6:	f7ff fe0d 	bl	10003814 <usbd_edpt_release>
10003bfa:	e7d4      	b.n	10003ba6 <tud_cdc_n_read+0x2e>
10003bfc:	20000fa0 	.word	0x20000fa0
10003c00:	200013a4 	.word	0x200013a4

10003c04 <tud_cdc_n_write_flush>:
10003c04:	e92d 41f0 	stmdb	sp!, {r4, r5, r6, r7, r8, lr}
10003c08:	4605      	mov	r5, r0
10003c0a:	f7ff f933 	bl	10002e74 <tud_mounted>
10003c0e:	b910      	cbnz	r0, 10003c16 <tud_cdc_n_write_flush+0x12>
10003c10:	2000      	movs	r0, #0
10003c12:	e8bd 81f0 	ldmia.w	sp!, {r4, r5, r6, r7, r8, pc}
10003c16:	f7ff f935 	bl	10002e84 <tud_suspended>
10003c1a:	4606      	mov	r6, r0
10003c1c:	2800      	cmp	r0, #0
10003c1e:	d1f7      	bne.n	10003c10 <tud_cdc_n_write_flush+0xc>
10003c20:	f04f 08c8 	mov.w	r8, #200	@ 0xc8
10003c24:	2424      	movs	r4, #36	@ 0x24
10003c26:	fb18 4405 	smlabb	r4, r8, r5, r4
10003c2a:	4f17      	ldr	r7, [pc, #92]	@ (10003c88 <tud_cdc_n_write_flush+0x84>)
10003c2c:	443c      	add	r4, r7
10003c2e:	4620      	mov	r0, r4
10003c30:	f000 fd26 	bl	10004680 <tu_fifo_count>
10003c34:	2800      	cmp	r0, #0
10003c36:	d0eb      	beq.n	10003c10 <tud_cdc_n_write_flush+0xc>
10003c38:	fb08 7705 	mla	r7, r8, r5, r7
10003c3c:	4630      	mov	r0, r6
10003c3e:	78b9      	ldrb	r1, [r7, #2]
10003c40:	f7ff fdd6 	bl	100037f0 <usbd_edpt_claim>
10003c44:	2800      	cmp	r0, #0
10003c46:	d0e3      	beq.n	10003c10 <tud_cdc_n_write_flush+0xc>
10003c48:	2240      	movs	r2, #64	@ 0x40
10003c4a:	4b10      	ldr	r3, [pc, #64]	@ (10003c8c <tud_cdc_n_write_flush+0x88>)
10003c4c:	4620      	mov	r0, r4
10003c4e:	eb02 14c5 	add.w	r4, r2, r5, lsl #7
10003c52:	441c      	add	r4, r3
10003c54:	4621      	mov	r1, r4
10003c56:	f000 fd89 	bl	1000476c <tu_fifo_read_n>
10003c5a:	4605      	mov	r5, r0
10003c5c:	b180      	cbz	r0, 10003c80 <tud_cdc_n_write_flush+0x7c>
10003c5e:	4603      	mov	r3, r0
10003c60:	4622      	mov	r2, r4
10003c62:	4630      	mov	r0, r6
10003c64:	78b9      	ldrb	r1, [r7, #2]
10003c66:	f7ff fde7 	bl	10003838 <usbd_edpt_xfer>
10003c6a:	b938      	cbnz	r0, 10003c7c <tud_cdc_n_write_flush+0x78>
10003c6c:	f04f 23e0 	mov.w	r3, #3758153728	@ 0xe000e000
10003c70:	f8d3 3df0 	ldr.w	r3, [r3, #3568]	@ 0xdf0
10003c74:	07db      	lsls	r3, r3, #31
10003c76:	d5cb      	bpl.n	10003c10 <tud_cdc_n_write_flush+0xc>
10003c78:	be00      	bkpt	0x0000
10003c7a:	e7c9      	b.n	10003c10 <tud_cdc_n_write_flush+0xc>
10003c7c:	4628      	mov	r0, r5
10003c7e:	e7c8      	b.n	10003c12 <tud_cdc_n_write_flush+0xe>
10003c80:	78b9      	ldrb	r1, [r7, #2]
10003c82:	f7ff fdc7 	bl	10003814 <usbd_edpt_release>
10003c86:	e7c3      	b.n	10003c10 <tud_cdc_n_write_flush+0xc>
10003c88:	20000fa0 	.word	0x20000fa0
10003c8c:	200013a4 	.word	0x200013a4

10003c90 <tud_cdc_n_write>:
10003c90:	b538      	push	{r3, r4, r5, lr}
10003c92:	f64f 73ff 	movw	r3, #65535	@ 0xffff
10003c96:	f04f 0c24 	mov.w	ip, #36	@ 0x24
10003c9a:	24c8      	movs	r4, #200	@ 0xc8
10003c9c:	429a      	cmp	r2, r3
10003c9e:	bf28      	it	cs
10003ca0:	461a      	movcs	r2, r3
10003ca2:	fb14 c400 	smlabb	r4, r4, r0, ip
10003ca6:	4b0a      	ldr	r3, [pc, #40]	@ (10003cd0 <tud_cdc_n_write+0x40>)
10003ca8:	b292      	uxth	r2, r2
10003caa:	441c      	add	r4, r3
10003cac:	4605      	mov	r5, r0
10003cae:	4620      	mov	r0, r4
10003cb0:	f000 fe18 	bl	100048e4 <tu_fifo_write_n>
10003cb4:	4603      	mov	r3, r0
10003cb6:	4620      	mov	r0, r4
10003cb8:	461c      	mov	r4, r3
10003cba:	f000 fce1 	bl	10004680 <tu_fifo_count>
10003cbe:	283f      	cmp	r0, #63	@ 0x3f
10003cc0:	d801      	bhi.n	10003cc6 <tud_cdc_n_write+0x36>
10003cc2:	4620      	mov	r0, r4
10003cc4:	bd38      	pop	{r3, r4, r5, pc}
10003cc6:	4628      	mov	r0, r5
10003cc8:	f7ff ff9c 	bl	10003c04 <tud_cdc_n_write_flush>
10003ccc:	4620      	mov	r0, r4
10003cce:	bd38      	pop	{r3, r4, r5, pc}
10003cd0:	20000fa0 	.word	0x20000fa0

10003cd4 <tud_cdc_n_write_available>:
10003cd4:	21c8      	movs	r1, #200	@ 0xc8
10003cd6:	b508      	push	{r3, lr}
10003cd8:	2324      	movs	r3, #36	@ 0x24
10003cda:	fb01 3000 	mla	r0, r1, r0, r3
10003cde:	4a02      	ldr	r2, [pc, #8]	@ (10003ce8 <tud_cdc_n_write_available+0x14>)
10003ce0:	4410      	add	r0, r2
10003ce2:	f000 fce7 	bl	100046b4 <tu_fifo_remaining>
10003ce6:	bd08      	pop	{r3, pc}
10003ce8:	20000fa0 	.word	0x20000fa0

10003cec <cdcd_init>:
10003cec:	b5f0      	push	{r4, r5, r6, r7, lr}
10003cee:	4c19      	ldr	r4, [pc, #100]	@ (10003d54 <cdcd_init+0x68>)
10003cf0:	b083      	sub	sp, #12
10003cf2:	22c8      	movs	r2, #200	@ 0xc8
10003cf4:	2100      	movs	r1, #0
10003cf6:	4620      	mov	r0, r4
10003cf8:	f000 ff54 	bl	10004ba4 <memset>
10003cfc:	2500      	movs	r5, #0
10003cfe:	23ff      	movs	r3, #255	@ 0xff
10003d00:	f44f 31e1 	mov.w	r1, #115200	@ 0x1c200
10003d04:	2208      	movs	r2, #8
10003d06:	4814      	ldr	r0, [pc, #80]	@ (10003d58 <cdcd_init+0x6c>)
10003d08:	f104 07b8 	add.w	r7, r4, #184	@ 0xb8
10003d0c:	7005      	strb	r5, [r0, #0]
10003d0e:	9500      	str	r5, [sp, #0]
10003d10:	f104 0010 	add.w	r0, r4, #16
10003d14:	7163      	strb	r3, [r4, #5]
10003d16:	60a1      	str	r1, [r4, #8]
10003d18:	73a2      	strb	r2, [r4, #14]
10003d1a:	f104 0138 	add.w	r1, r4, #56	@ 0x38
10003d1e:	2301      	movs	r3, #1
10003d20:	2240      	movs	r2, #64	@ 0x40
10003d22:	f000 fc7d 	bl	10004620 <tu_fifo_config>
10003d26:	2301      	movs	r3, #1
10003d28:	2240      	movs	r2, #64	@ 0x40
10003d2a:	f104 0178 	add.w	r1, r4, #120	@ 0x78
10003d2e:	9300      	str	r3, [sp, #0]
10003d30:	f104 0024 	add.w	r0, r4, #36	@ 0x24
10003d34:	f000 fc74 	bl	10004620 <tu_fifo_config>
10003d38:	f104 06c0 	add.w	r6, r4, #192	@ 0xc0
10003d3c:	4638      	mov	r0, r7
10003d3e:	f7fd faf5 	bl	1000132c <mutex_init>
10003d42:	4630      	mov	r0, r6
10003d44:	f7fd faf2 	bl	1000132c <mutex_init>
10003d48:	e9c4 5707 	strd	r5, r7, [r4, #28]
10003d4c:	e9c4 650c 	strd	r6, r5, [r4, #48]	@ 0x30
10003d50:	b003      	add	sp, #12
10003d52:	bdf0      	pop	{r4, r5, r6, r7, pc}
10003d54:	20000fa0 	.word	0x20000fa0
10003d58:	20001424 	.word	0x20001424

10003d5c <cdcd_deinit>:
10003d5c:	4b09      	ldr	r3, [pc, #36]	@ (10003d84 <cdcd_deinit+0x28>)
10003d5e:	6b19      	ldr	r1, [r3, #48]	@ 0x30
10003d60:	b149      	cbz	r1, 10003d76 <cdcd_deinit+0x1a>
10003d62:	6a1a      	ldr	r2, [r3, #32]
10003d64:	b112      	cbz	r2, 10003d6c <cdcd_deinit+0x10>
10003d66:	2200      	movs	r2, #0
10003d68:	e9c3 2207 	strd	r2, r2, [r3, #28]
10003d6c:	2200      	movs	r2, #0
10003d6e:	e9c3 220c 	strd	r2, r2, [r3, #48]	@ 0x30
10003d72:	2001      	movs	r0, #1
10003d74:	4770      	bx	lr
10003d76:	6a1a      	ldr	r2, [r3, #32]
10003d78:	2a00      	cmp	r2, #0
10003d7a:	d0fa      	beq.n	10003d72 <cdcd_deinit+0x16>
10003d7c:	2001      	movs	r0, #1
10003d7e:	e9c3 1107 	strd	r1, r1, [r3, #28]
10003d82:	4770      	bx	lr
10003d84:	20000fa0 	.word	0x20000fa0

10003d88 <cdcd_reset>:
10003d88:	2200      	movs	r2, #0
10003d8a:	b510      	push	{r4, lr}
10003d8c:	4c0e      	ldr	r4, [pc, #56]	@ (10003dc8 <cdcd_reset+0x40>)
10003d8e:	480f      	ldr	r0, [pc, #60]	@ (10003dcc <cdcd_reset+0x44>)
10003d90:	7823      	ldrb	r3, [r4, #0]
10003d92:	6002      	str	r2, [r0, #0]
10003d94:	7102      	strb	r2, [r0, #4]
10003d96:	07da      	lsls	r2, r3, #31
10003d98:	d507      	bpl.n	10003daa <cdcd_reset+0x22>
10003d9a:	079b      	lsls	r3, r3, #30
10003d9c:	d50b      	bpl.n	10003db6 <cdcd_reset+0x2e>
10003d9e:	e8bd 4010 	ldmia.w	sp!, {r4, lr}
10003da2:	2101      	movs	r1, #1
10003da4:	480a      	ldr	r0, [pc, #40]	@ (10003dd0 <cdcd_reset+0x48>)
10003da6:	f000 be65 	b.w	10004a74 <tu_fifo_set_overwritable>
10003daa:	3010      	adds	r0, #16
10003dac:	f000 fe46 	bl	10004a3c <tu_fifo_clear>
10003db0:	7823      	ldrb	r3, [r4, #0]
10003db2:	079b      	lsls	r3, r3, #30
10003db4:	d4f3      	bmi.n	10003d9e <cdcd_reset+0x16>
10003db6:	4806      	ldr	r0, [pc, #24]	@ (10003dd0 <cdcd_reset+0x48>)
10003db8:	f000 fe40 	bl	10004a3c <tu_fifo_clear>
10003dbc:	e8bd 4010 	ldmia.w	sp!, {r4, lr}
10003dc0:	2101      	movs	r1, #1
10003dc2:	4803      	ldr	r0, [pc, #12]	@ (10003dd0 <cdcd_reset+0x48>)
10003dc4:	f000 be56 	b.w	10004a74 <tu_fifo_set_overwritable>
10003dc8:	20001424 	.word	0x20001424
10003dcc:	20000fa0 	.word	0x20000fa0
10003dd0:	20000fc4 	.word	0x20000fc4

10003dd4 <cdcd_open>:
10003dd4:	b5f0      	push	{r4, r5, r6, r7, lr}
10003dd6:	794b      	ldrb	r3, [r1, #5]
10003dd8:	b083      	sub	sp, #12
10003dda:	2b02      	cmp	r3, #2
10003ddc:	d003      	beq.n	10003de6 <cdcd_open+0x12>
10003dde:	2500      	movs	r5, #0
10003de0:	4628      	mov	r0, r5
10003de2:	b003      	add	sp, #12
10003de4:	bdf0      	pop	{r4, r5, r6, r7, pc}
10003de6:	798b      	ldrb	r3, [r1, #6]
10003de8:	2b02      	cmp	r3, #2
10003dea:	d1f8      	bne.n	10003dde <cdcd_open+0xa>
10003dec:	4f26      	ldr	r7, [pc, #152]	@ (10003e88 <cdcd_open+0xb4>)
10003dee:	78bb      	ldrb	r3, [r7, #2]
10003df0:	b13b      	cbz	r3, 10003e02 <cdcd_open+0x2e>
10003df2:	f04f 23e0 	mov.w	r3, #3758153728	@ 0xe000e000
10003df6:	f8d3 3df0 	ldr.w	r3, [r3, #3568]	@ 0xdf0
10003dfa:	07db      	lsls	r3, r3, #31
10003dfc:	d5ef      	bpl.n	10003dde <cdcd_open+0xa>
10003dfe:	be00      	bkpt	0x0000
10003e00:	e7ed      	b.n	10003dde <cdcd_open+0xa>
10003e02:	788b      	ldrb	r3, [r1, #2]
10003e04:	4606      	mov	r6, r0
10003e06:	703b      	strb	r3, [r7, #0]
10003e08:	780b      	ldrb	r3, [r1, #0]
10003e0a:	2509      	movs	r5, #9
10003e0c:	18cc      	adds	r4, r1, r3
10003e0e:	7861      	ldrb	r1, [r4, #1]
10003e10:	2924      	cmp	r1, #36	@ 0x24
10003e12:	d10b      	bne.n	10003e2c <cdcd_open+0x58>
10003e14:	2a08      	cmp	r2, #8
10003e16:	d802      	bhi.n	10003e1e <cdcd_open+0x4a>
10003e18:	e00f      	b.n	10003e3a <cdcd_open+0x66>
10003e1a:	42aa      	cmp	r2, r5
10003e1c:	d30d      	bcc.n	10003e3a <cdcd_open+0x66>
10003e1e:	7823      	ldrb	r3, [r4, #0]
10003e20:	441c      	add	r4, r3
10003e22:	7861      	ldrb	r1, [r4, #1]
10003e24:	442b      	add	r3, r5
10003e26:	2924      	cmp	r1, #36	@ 0x24
10003e28:	b29d      	uxth	r5, r3
10003e2a:	d0f6      	beq.n	10003e1a <cdcd_open+0x46>
10003e2c:	2905      	cmp	r1, #5
10003e2e:	d00a      	beq.n	10003e46 <cdcd_open+0x72>
10003e30:	2904      	cmp	r1, #4
10003e32:	d102      	bne.n	10003e3a <cdcd_open+0x66>
10003e34:	7963      	ldrb	r3, [r4, #5]
10003e36:	2b0a      	cmp	r3, #10
10003e38:	d013      	beq.n	10003e62 <cdcd_open+0x8e>
10003e3a:	2000      	movs	r0, #0
10003e3c:	f7ff fe40 	bl	10003ac0 <_prep_out_transaction.isra.0>
10003e40:	4628      	mov	r0, r5
10003e42:	b003      	add	sp, #12
10003e44:	bdf0      	pop	{r4, r5, r6, r7, pc}
10003e46:	4621      	mov	r1, r4
10003e48:	4630      	mov	r0, r6
10003e4a:	f7ff fcaf 	bl	100037ac <usbd_edpt_open>
10003e4e:	2800      	cmp	r0, #0
10003e50:	d0cf      	beq.n	10003df2 <cdcd_open+0x1e>
10003e52:	78a3      	ldrb	r3, [r4, #2]
10003e54:	707b      	strb	r3, [r7, #1]
10003e56:	7823      	ldrb	r3, [r4, #0]
10003e58:	441c      	add	r4, r3
10003e5a:	442b      	add	r3, r5
10003e5c:	7861      	ldrb	r1, [r4, #1]
10003e5e:	b29d      	uxth	r5, r3
10003e60:	e7e6      	b.n	10003e30 <cdcd_open+0x5c>
10003e62:	4b0a      	ldr	r3, [pc, #40]	@ (10003e8c <cdcd_open+0xb8>)
10003e64:	7827      	ldrb	r7, [r4, #0]
10003e66:	9301      	str	r3, [sp, #4]
10003e68:	3301      	adds	r3, #1
10003e6a:	9300      	str	r3, [sp, #0]
10003e6c:	2302      	movs	r3, #2
10003e6e:	4630      	mov	r0, r6
10003e70:	461a      	mov	r2, r3
10003e72:	19e1      	adds	r1, r4, r7
10003e74:	f7ff fc4c 	bl	10003710 <usbd_open_edpt_pair>
10003e78:	2800      	cmp	r0, #0
10003e7a:	d0ba      	beq.n	10003df2 <cdcd_open+0x1e>
10003e7c:	350e      	adds	r5, #14
10003e7e:	fa17 f585 	uxtah	r5, r7, r5
10003e82:	b2ad      	uxth	r5, r5
10003e84:	e7d9      	b.n	10003e3a <cdcd_open+0x66>
10003e86:	bf00      	nop
10003e88:	20000fa0 	.word	0x20000fa0
10003e8c:	20000fa2 	.word	0x20000fa2

10003e90 <cdcd_control_xfer_cb>:
10003e90:	7813      	ldrb	r3, [r2, #0]
10003e92:	f003 0360 	and.w	r3, r3, #96	@ 0x60
10003e96:	2b20      	cmp	r3, #32
10003e98:	d108      	bne.n	10003eac <cdcd_control_xfer_cb+0x1c>
10003e9a:	b570      	push	{r4, r5, r6, lr}
10003e9c:	4c26      	ldr	r4, [pc, #152]	@ (10003f38 <cdcd_control_xfer_cb+0xa8>)
10003e9e:	8893      	ldrh	r3, [r2, #4]
10003ea0:	f894 c000 	ldrb.w	ip, [r4]
10003ea4:	459c      	cmp	ip, r3
10003ea6:	d003      	beq.n	10003eb0 <cdcd_control_xfer_cb+0x20>
10003ea8:	2000      	movs	r0, #0
10003eaa:	bd70      	pop	{r4, r5, r6, pc}
10003eac:	2000      	movs	r0, #0
10003eae:	4770      	bx	lr
10003eb0:	7853      	ldrb	r3, [r2, #1]
10003eb2:	3b20      	subs	r3, #32
10003eb4:	2b03      	cmp	r3, #3
10003eb6:	d8f7      	bhi.n	10003ea8 <cdcd_control_xfer_cb+0x18>
10003eb8:	e8df f003 	tbb	[pc, r3]
10003ebc:	020d2327 	.word	0x020d2327
10003ec0:	2901      	cmp	r1, #1
10003ec2:	d02e      	beq.n	10003f22 <cdcd_control_xfer_cb+0x92>
10003ec4:	2903      	cmp	r1, #3
10003ec6:	d11e      	bne.n	10003f06 <cdcd_control_xfer_cb+0x76>
10003ec8:	4b1c      	ldr	r3, [pc, #112]	@ (10003f3c <cdcd_control_xfer_cb+0xac>)
10003eca:	b1e3      	cbz	r3, 10003f06 <cdcd_control_xfer_cb+0x76>
10003ecc:	2000      	movs	r0, #0
10003ece:	8851      	ldrh	r1, [r2, #2]
10003ed0:	f3af 8000 	nop.w
10003ed4:	e017      	b.n	10003f06 <cdcd_control_xfer_cb+0x76>
10003ed6:	2901      	cmp	r1, #1
10003ed8:	d023      	beq.n	10003f22 <cdcd_control_xfer_cb+0x92>
10003eda:	2903      	cmp	r1, #3
10003edc:	d113      	bne.n	10003f06 <cdcd_control_xfer_cb+0x76>
10003ede:	8855      	ldrh	r5, [r2, #2]
10003ee0:	4817      	ldr	r0, [pc, #92]	@ (10003f40 <cdcd_control_xfer_cb+0xb0>)
10003ee2:	f005 0601 	and.w	r6, r5, #1
10003ee6:	f086 0101 	eor.w	r1, r6, #1
10003eea:	7125      	strb	r5, [r4, #4]
10003eec:	f000 fdc2 	bl	10004a74 <tu_fifo_set_overwritable>
10003ef0:	4b14      	ldr	r3, [pc, #80]	@ (10003f44 <cdcd_control_xfer_cb+0xb4>)
10003ef2:	b143      	cbz	r3, 10003f06 <cdcd_control_xfer_cb+0x76>
10003ef4:	4631      	mov	r1, r6
10003ef6:	2000      	movs	r0, #0
10003ef8:	f3c5 0240 	ubfx	r2, r5, #1, #1
10003efc:	f3af 8000 	nop.w
10003f00:	e001      	b.n	10003f06 <cdcd_control_xfer_cb+0x76>
10003f02:	2901      	cmp	r1, #1
10003f04:	d011      	beq.n	10003f2a <cdcd_control_xfer_cb+0x9a>
10003f06:	2001      	movs	r0, #1
10003f08:	bd70      	pop	{r4, r5, r6, pc}
10003f0a:	2901      	cmp	r1, #1
10003f0c:	d00d      	beq.n	10003f2a <cdcd_control_xfer_cb+0x9a>
10003f0e:	2903      	cmp	r1, #3
10003f10:	d1f9      	bne.n	10003f06 <cdcd_control_xfer_cb+0x76>
10003f12:	4b0d      	ldr	r3, [pc, #52]	@ (10003f48 <cdcd_control_xfer_cb+0xb8>)
10003f14:	2b00      	cmp	r3, #0
10003f16:	d0f6      	beq.n	10003f06 <cdcd_control_xfer_cb+0x76>
10003f18:	2000      	movs	r0, #0
10003f1a:	490c      	ldr	r1, [pc, #48]	@ (10003f4c <cdcd_control_xfer_cb+0xbc>)
10003f1c:	f7fe faa8 	bl	10002470 <tud_cdc_line_coding_cb>
10003f20:	e7f1      	b.n	10003f06 <cdcd_control_xfer_cb+0x76>
10003f22:	4611      	mov	r1, r2
10003f24:	f7ff fcc0 	bl	100038a8 <tud_control_status>
10003f28:	e7ed      	b.n	10003f06 <cdcd_control_xfer_cb+0x76>
10003f2a:	4611      	mov	r1, r2
10003f2c:	2307      	movs	r3, #7
10003f2e:	4a07      	ldr	r2, [pc, #28]	@ (10003f4c <cdcd_control_xfer_cb+0xbc>)
10003f30:	f7ff fcd4 	bl	100038dc <tud_control_xfer>
10003f34:	e7e7      	b.n	10003f06 <cdcd_control_xfer_cb+0x76>
10003f36:	bf00      	nop
10003f38:	20000fa0 	.word	0x20000fa0
10003f3c:	00000000 	.word	0x00000000
10003f40:	20000fc4 	.word	0x20000fc4
10003f44:	00000000 	.word	0x00000000
10003f48:	10002471 	.word	0x10002471
10003f4c:	20000fa8 	.word	0x20000fa8

10003f50 <cdcd_xfer_cb>:
10003f50:	e92d 47f0 	stmdb	sp!, {r4, r5, r6, r7, r8, r9, sl, lr}
10003f54:	4f36      	ldr	r7, [pc, #216]	@ (10004030 <cdcd_xfer_cb+0xe0>)
10003f56:	460c      	mov	r4, r1
10003f58:	78fa      	ldrb	r2, [r7, #3]
10003f5a:	4606      	mov	r6, r0
10003f5c:	428a      	cmp	r2, r1
10003f5e:	461d      	mov	r5, r3
10003f60:	f897 c002 	ldrb.w	ip, [r7, #2]
10003f64:	d03c      	beq.n	10003fe0 <cdcd_xfer_cb+0x90>
10003f66:	458c      	cmp	ip, r1
10003f68:	d013      	beq.n	10003f92 <cdcd_xfer_cb+0x42>
10003f6a:	f04f 23e0 	mov.w	r3, #3758153728	@ 0xe000e000
10003f6e:	f8d3 3df0 	ldr.w	r3, [r3, #3568]	@ 0xdf0
10003f72:	07db      	lsls	r3, r3, #31
10003f74:	d500      	bpl.n	10003f78 <cdcd_xfer_cb+0x28>
10003f76:	be00      	bkpt	0x0000
10003f78:	2000      	movs	r0, #0
10003f7a:	e8bd 87f0 	ldmia.w	sp!, {r4, r5, r6, r7, r8, r9, sl, pc}
10003f7e:	4b2d      	ldr	r3, [pc, #180]	@ (10004034 <cdcd_xfer_cb+0xe4>)
10003f80:	b123      	cbz	r3, 10003f8c <cdcd_xfer_cb+0x3c>
10003f82:	482d      	ldr	r0, [pc, #180]	@ (10004038 <cdcd_xfer_cb+0xe8>)
10003f84:	f000 fb8c 	bl	100046a0 <tu_fifo_empty>
10003f88:	2800      	cmp	r0, #0
10003f8a:	d04e      	beq.n	1000402a <cdcd_xfer_cb+0xda>
10003f8c:	2000      	movs	r0, #0
10003f8e:	f7ff fd97 	bl	10003ac0 <_prep_out_transaction.isra.0>
10003f92:	78bb      	ldrb	r3, [r7, #2]
10003f94:	42a3      	cmp	r3, r4
10003f96:	d002      	beq.n	10003f9e <cdcd_xfer_cb+0x4e>
10003f98:	2001      	movs	r0, #1
10003f9a:	e8bd 87f0 	ldmia.w	sp!, {r4, r5, r6, r7, r8, r9, sl, pc}
10003f9e:	4b27      	ldr	r3, [pc, #156]	@ (1000403c <cdcd_xfer_cb+0xec>)
10003fa0:	b113      	cbz	r3, 10003fa8 <cdcd_xfer_cb+0x58>
10003fa2:	2000      	movs	r0, #0
10003fa4:	f3af 8000 	nop.w
10003fa8:	2000      	movs	r0, #0
10003faa:	f7ff fe2b 	bl	10003c04 <tud_cdc_n_write_flush>
10003fae:	2800      	cmp	r0, #0
10003fb0:	d1f2      	bne.n	10003f98 <cdcd_xfer_cb+0x48>
10003fb2:	4823      	ldr	r0, [pc, #140]	@ (10004040 <cdcd_xfer_cb+0xf0>)
10003fb4:	f000 fb64 	bl	10004680 <tu_fifo_count>
10003fb8:	2800      	cmp	r0, #0
10003fba:	d1ed      	bne.n	10003f98 <cdcd_xfer_cb+0x48>
10003fbc:	2d00      	cmp	r5, #0
10003fbe:	d0eb      	beq.n	10003f98 <cdcd_xfer_cb+0x48>
10003fc0:	f015 053f 	ands.w	r5, r5, #63	@ 0x3f
10003fc4:	d1e8      	bne.n	10003f98 <cdcd_xfer_cb+0x48>
10003fc6:	4630      	mov	r0, r6
10003fc8:	78b9      	ldrb	r1, [r7, #2]
10003fca:	f7ff fc11 	bl	100037f0 <usbd_edpt_claim>
10003fce:	2800      	cmp	r0, #0
10003fd0:	d0e2      	beq.n	10003f98 <cdcd_xfer_cb+0x48>
10003fd2:	462b      	mov	r3, r5
10003fd4:	462a      	mov	r2, r5
10003fd6:	4630      	mov	r0, r6
10003fd8:	78b9      	ldrb	r1, [r7, #2]
10003fda:	f7ff fc2d 	bl	10003838 <usbd_edpt_xfer>
10003fde:	e7db      	b.n	10003f98 <cdcd_xfer_cb+0x48>
10003fe0:	f8df 8064 	ldr.w	r8, [pc, #100]	@ 10004048 <cdcd_xfer_cb+0xf8>
10003fe4:	b29a      	uxth	r2, r3
10003fe6:	4641      	mov	r1, r8
10003fe8:	f107 0010 	add.w	r0, r7, #16
10003fec:	f000 fc7a 	bl	100048e4 <tu_fifo_write_n>
10003ff0:	4b14      	ldr	r3, [pc, #80]	@ (10004044 <cdcd_xfer_cb+0xf4>)
10003ff2:	2b00      	cmp	r3, #0
10003ff4:	d0c3      	beq.n	10003f7e <cdcd_xfer_cb+0x2e>
10003ff6:	797b      	ldrb	r3, [r7, #5]
10003ff8:	2bff      	cmp	r3, #255	@ 0xff
10003ffa:	d0c0      	beq.n	10003f7e <cdcd_xfer_cb+0x2e>
10003ffc:	2d00      	cmp	r5, #0
10003ffe:	d0be      	beq.n	10003f7e <cdcd_xfer_cb+0x2e>
10004000:	f107 0910 	add.w	r9, r7, #16
10004004:	eb08 0a05 	add.w	sl, r8, r5
10004008:	e002      	b.n	10004010 <cdcd_xfer_cb+0xc0>
1000400a:	45c2      	cmp	sl, r8
1000400c:	d0b7      	beq.n	10003f7e <cdcd_xfer_cb+0x2e>
1000400e:	797b      	ldrb	r3, [r7, #5]
10004010:	f818 2b01 	ldrb.w	r2, [r8], #1
10004014:	429a      	cmp	r2, r3
10004016:	d1f8      	bne.n	1000400a <cdcd_xfer_cb+0xba>
10004018:	4648      	mov	r0, r9
1000401a:	f000 fb41 	bl	100046a0 <tu_fifo_empty>
1000401e:	2800      	cmp	r0, #0
10004020:	d1f3      	bne.n	1000400a <cdcd_xfer_cb+0xba>
10004022:	7979      	ldrb	r1, [r7, #5]
10004024:	f3af 8000 	nop.w
10004028:	e7ef      	b.n	1000400a <cdcd_xfer_cb+0xba>
1000402a:	f3af 8000 	nop.w
1000402e:	e7ad      	b.n	10003f8c <cdcd_xfer_cb+0x3c>
10004030:	20000fa0 	.word	0x20000fa0
10004034:	00000000 	.word	0x00000000
10004038:	20000fb0 	.word	0x20000fb0
1000403c:	00000000 	.word	0x00000000
10004040:	20000fc4 	.word	0x20000fc4
10004044:	00000000 	.word	0x00000000
10004048:	200013a4 	.word	0x200013a4

1000404c <vendord_init>:
1000404c:	b5f0      	push	{r4, r5, r6, r7, lr}
1000404e:	4c14      	ldr	r4, [pc, #80]	@ (100040a0 <vendord_init+0x54>)
10004050:	b085      	sub	sp, #20
10004052:	f44f 7213 	mov.w	r2, #588	@ 0x24c
10004056:	2100      	movs	r1, #0
10004058:	4620      	mov	r0, r4
1000405a:	f000 fda3 	bl	10004ba4 <memset>
1000405e:	2740      	movs	r7, #64	@ 0x40
10004060:	2300      	movs	r3, #0
10004062:	f44f 7680 	mov.w	r6, #256	@ 0x100
10004066:	4d0f      	ldr	r5, [pc, #60]	@ (100040a4 <vendord_init+0x58>)
10004068:	f504 72a6 	add.w	r2, r4, #332	@ 0x14c
1000406c:	4619      	mov	r1, r3
1000406e:	e9cd 5702 	strd	r5, r7, [sp, #8]
10004072:	9200      	str	r2, [sp, #0]
10004074:	9601      	str	r6, [sp, #4]
10004076:	461a      	mov	r2, r3
10004078:	f504 7094 	add.w	r0, r4, #296	@ 0x128
1000407c:	f000 f9ce 	bl	1000441c <tu_edpt_stream_init>
10004080:	2300      	movs	r3, #0
10004082:	f104 0128 	add.w	r1, r4, #40	@ 0x28
10004086:	443d      	add	r5, r7
10004088:	9100      	str	r1, [sp, #0]
1000408a:	2201      	movs	r2, #1
1000408c:	4619      	mov	r1, r3
1000408e:	e9cd 5702 	strd	r5, r7, [sp, #8]
10004092:	9601      	str	r6, [sp, #4]
10004094:	1d20      	adds	r0, r4, #4
10004096:	f000 f9c1 	bl	1000441c <tu_edpt_stream_init>
1000409a:	b005      	add	sp, #20
1000409c:	bdf0      	pop	{r4, r5, r6, r7, pc}
1000409e:	bf00      	nop
100040a0:	20001644 	.word	0x20001644
100040a4:	200015c4 	.word	0x200015c4

100040a8 <vendord_deinit>:
100040a8:	b510      	push	{r4, lr}
100040aa:	4c05      	ldr	r4, [pc, #20]	@ (100040c0 <vendord_deinit+0x18>)
100040ac:	4620      	mov	r0, r4
100040ae:	f000 f9e1 	bl	10004474 <tu_edpt_stream_deinit>
100040b2:	f5a4 7092 	sub.w	r0, r4, #292	@ 0x124
100040b6:	f000 f9dd 	bl	10004474 <tu_edpt_stream_deinit>
100040ba:	2001      	movs	r0, #1
100040bc:	bd10      	pop	{r4, pc}
100040be:	bf00      	nop
100040c0:	2000176c 	.word	0x2000176c

100040c4 <vendord_reset>:
100040c4:	b538      	push	{r3, r4, r5, lr}
100040c6:	2500      	movs	r5, #0
100040c8:	4c06      	ldr	r4, [pc, #24]	@ (100040e4 <vendord_reset+0x20>)
100040ca:	f504 7098 	add.w	r0, r4, #304	@ 0x130
100040ce:	7025      	strb	r5, [r4, #0]
100040d0:	f000 fcb4 	bl	10004a3c <tu_fifo_clear>
100040d4:	f104 000c 	add.w	r0, r4, #12
100040d8:	f000 fcb0 	bl	10004a3c <tu_fifo_clear>
100040dc:	f884 5129 	strb.w	r5, [r4, #297]	@ 0x129
100040e0:	7165      	strb	r5, [r4, #5]
100040e2:	bd38      	pop	{r3, r4, r5, pc}
100040e4:	20001644 	.word	0x20001644

100040e8 <vendord_open>:
100040e8:	e92d 4ff8 	stmdb	sp!, {r3, r4, r5, r6, r7, r8, r9, sl, fp, lr}
100040ec:	794b      	ldrb	r3, [r1, #5]
100040ee:	2bff      	cmp	r3, #255	@ 0xff
100040f0:	d002      	beq.n	100040f8 <vendord_open+0x10>
100040f2:	2000      	movs	r0, #0
100040f4:	e8bd 8ff8 	ldmia.w	sp!, {r3, r4, r5, r6, r7, r8, r9, sl, fp, pc}
100040f8:	4d39      	ldr	r5, [pc, #228]	@ (100041e0 <vendord_open+0xf8>)
100040fa:	460e      	mov	r6, r1
100040fc:	f895 3129 	ldrb.w	r3, [r5, #297]	@ 0x129
10004100:	780c      	ldrb	r4, [r1, #0]
10004102:	2b00      	cmp	r3, #0
10004104:	d1f5      	bne.n	100040f2 <vendord_open+0xa>
10004106:	796f      	ldrb	r7, [r5, #5]
10004108:	2f00      	cmp	r7, #0
1000410a:	d1f2      	bne.n	100040f2 <vendord_open+0xa>
1000410c:	788b      	ldrb	r3, [r1, #2]
1000410e:	440c      	add	r4, r1
10004110:	702b      	strb	r3, [r5, #0]
10004112:	790b      	ldrb	r3, [r1, #4]
10004114:	2b00      	cmp	r3, #0
10004116:	d03e      	beq.n	10004196 <vendord_open+0xae>
10004118:	4680      	mov	r8, r0
1000411a:	eb04 0b02 	add.w	fp, r4, r2
1000411e:	f505 7a98 	add.w	sl, r5, #304	@ 0x130
10004122:	f505 7994 	add.w	r9, r5, #296	@ 0x128
10004126:	7863      	ldrb	r3, [r4, #1]
10004128:	2b05      	cmp	r3, #5
1000412a:	d009      	beq.n	10004140 <vendord_open+0x58>
1000412c:	45a3      	cmp	fp, r4
1000412e:	d802      	bhi.n	10004136 <vendord_open+0x4e>
10004130:	e031      	b.n	10004196 <vendord_open+0xae>
10004132:	455c      	cmp	r4, fp
10004134:	d22f      	bcs.n	10004196 <vendord_open+0xae>
10004136:	7823      	ldrb	r3, [r4, #0]
10004138:	441c      	add	r4, r3
1000413a:	7863      	ldrb	r3, [r4, #1]
1000413c:	2b05      	cmp	r3, #5
1000413e:	d1f8      	bne.n	10004132 <vendord_open+0x4a>
10004140:	45a3      	cmp	fp, r4
10004142:	d928      	bls.n	10004196 <vendord_open+0xae>
10004144:	4621      	mov	r1, r4
10004146:	4640      	mov	r0, r8
10004148:	f7ff fb30 	bl	100037ac <usbd_edpt_open>
1000414c:	2800      	cmp	r0, #0
1000414e:	d03e      	beq.n	100041ce <vendord_open+0xe6>
10004150:	78a3      	ldrb	r3, [r4, #2]
10004152:	09db      	lsrs	r3, r3, #7
10004154:	d123      	bne.n	1000419e <vendord_open+0xb6>
10004156:	4650      	mov	r0, sl
10004158:	f000 fc70 	bl	10004a3c <tu_fifo_clear>
1000415c:	78a3      	ldrb	r3, [r4, #2]
1000415e:	f895 1128 	ldrb.w	r1, [r5, #296]	@ 0x128
10004162:	f885 3129 	strb.w	r3, [r5, #297]	@ 0x129
10004166:	88a3      	ldrh	r3, [r4, #4]
10004168:	4640      	mov	r0, r8
1000416a:	f3c3 030a 	ubfx	r3, r3, #0, #11
1000416e:	f5a3 7300 	sub.w	r3, r3, #512	@ 0x200
10004172:	fab3 f383 	clz	r3, r3
10004176:	095b      	lsrs	r3, r3, #5
10004178:	f363 0141 	bfi	r1, r3, #1, #1
1000417c:	f885 1128 	strb.w	r1, [r5, #296]	@ 0x128
10004180:	4649      	mov	r1, r9
10004182:	f000 f9e5 	bl	10004550 <tu_edpt_stream_read_xfer>
10004186:	b310      	cbz	r0, 100041ce <vendord_open+0xe6>
10004188:	7823      	ldrb	r3, [r4, #0]
1000418a:	7931      	ldrb	r1, [r6, #4]
1000418c:	3701      	adds	r7, #1
1000418e:	441c      	add	r4, r3
10004190:	b2fb      	uxtb	r3, r7
10004192:	4299      	cmp	r1, r3
10004194:	d8c7      	bhi.n	10004126 <vendord_open+0x3e>
10004196:	1ba1      	subs	r1, r4, r6
10004198:	b288      	uxth	r0, r1
1000419a:	e8bd 8ff8 	ldmia.w	sp!, {r3, r4, r5, r6, r7, r8, r9, sl, fp, pc}
1000419e:	4811      	ldr	r0, [pc, #68]	@ (100041e4 <vendord_open+0xfc>)
100041a0:	f000 fc4c 	bl	10004a3c <tu_fifo_clear>
100041a4:	78a3      	ldrb	r3, [r4, #2]
100041a6:	f895 c004 	ldrb.w	ip, [r5, #4]
100041aa:	716b      	strb	r3, [r5, #5]
100041ac:	88a3      	ldrh	r3, [r4, #4]
100041ae:	490e      	ldr	r1, [pc, #56]	@ (100041e8 <vendord_open+0x100>)
100041b0:	f3c3 030a 	ubfx	r3, r3, #0, #11
100041b4:	f5a3 7300 	sub.w	r3, r3, #512	@ 0x200
100041b8:	fab3 f383 	clz	r3, r3
100041bc:	095b      	lsrs	r3, r3, #5
100041be:	f363 0c41 	bfi	ip, r3, #1, #1
100041c2:	2000      	movs	r0, #0
100041c4:	f885 c004 	strb.w	ip, [r5, #4]
100041c8:	f000 f98a 	bl	100044e0 <tu_edpt_stream_write_xfer>
100041cc:	e7dc      	b.n	10004188 <vendord_open+0xa0>
100041ce:	f04f 23e0 	mov.w	r3, #3758153728	@ 0xe000e000
100041d2:	f8d3 3df0 	ldr.w	r3, [r3, #3568]	@ 0xdf0
100041d6:	07db      	lsls	r3, r3, #31
100041d8:	d58b      	bpl.n	100040f2 <vendord_open+0xa>
100041da:	be00      	bkpt	0x0000
100041dc:	e789      	b.n	100040f2 <vendord_open+0xa>
100041de:	bf00      	nop
100041e0:	20001644 	.word	0x20001644
100041e4:	20001650 	.word	0x20001650
100041e8:	20001648 	.word	0x20001648

100041ec <vendord_xfer_cb>:
100041ec:	b570      	push	{r4, r5, r6, lr}
100041ee:	4c1b      	ldr	r4, [pc, #108]	@ (1000425c <vendord_xfer_cb+0x70>)
100041f0:	4606      	mov	r6, r0
100041f2:	f894 c129 	ldrb.w	ip, [r4, #297]	@ 0x129
100041f6:	461d      	mov	r5, r3
100041f8:	458c      	cmp	ip, r1
100041fa:	7962      	ldrb	r2, [r4, #5]
100041fc:	d004      	beq.n	10004208 <vendord_xfer_cb+0x1c>
100041fe:	428a      	cmp	r2, r1
10004200:	bf18      	it	ne
10004202:	2000      	movne	r0, #0
10004204:	d018      	beq.n	10004238 <vendord_xfer_cb+0x4c>
10004206:	bd70      	pop	{r4, r5, r6, pc}
10004208:	f8b4 3134 	ldrh.w	r3, [r4, #308]	@ 0x134
1000420c:	b963      	cbnz	r3, 10004228 <vendord_xfer_cb+0x3c>
1000420e:	4b14      	ldr	r3, [pc, #80]	@ (10004260 <vendord_xfer_cb+0x74>)
10004210:	b123      	cbz	r3, 1000421c <vendord_xfer_cb+0x30>
10004212:	2000      	movs	r0, #0
10004214:	4913      	ldr	r1, [pc, #76]	@ (10004264 <vendord_xfer_cb+0x78>)
10004216:	b2aa      	uxth	r2, r5
10004218:	f3af 8000 	nop.w
1000421c:	4630      	mov	r0, r6
1000421e:	4912      	ldr	r1, [pc, #72]	@ (10004268 <vendord_xfer_cb+0x7c>)
10004220:	f000 f996 	bl	10004550 <tu_edpt_stream_read_xfer>
10004224:	2001      	movs	r0, #1
10004226:	bd70      	pop	{r4, r5, r6, pc}
10004228:	f8d4 112c 	ldr.w	r1, [r4, #300]	@ 0x12c
1000422c:	b2aa      	uxth	r2, r5
1000422e:	f504 7098 	add.w	r0, r4, #304	@ 0x130
10004232:	f000 fb57 	bl	100048e4 <tu_fifo_write_n>
10004236:	e7ea      	b.n	1000420e <vendord_xfer_cb+0x22>
10004238:	4b0c      	ldr	r3, [pc, #48]	@ (1000426c <vendord_xfer_cb+0x80>)
1000423a:	b11b      	cbz	r3, 10004244 <vendord_xfer_cb+0x58>
1000423c:	2000      	movs	r0, #0
1000423e:	b2a9      	uxth	r1, r5
10004240:	f3af 8000 	nop.w
10004244:	4630      	mov	r0, r6
10004246:	490a      	ldr	r1, [pc, #40]	@ (10004270 <vendord_xfer_cb+0x84>)
10004248:	f000 f94a 	bl	100044e0 <tu_edpt_stream_write_xfer>
1000424c:	2800      	cmp	r0, #0
1000424e:	d1e9      	bne.n	10004224 <vendord_xfer_cb+0x38>
10004250:	462a      	mov	r2, r5
10004252:	4630      	mov	r0, r6
10004254:	4906      	ldr	r1, [pc, #24]	@ (10004270 <vendord_xfer_cb+0x84>)
10004256:	f000 f90f 	bl	10004478 <tu_edpt_stream_write_zlp_if_needed>
1000425a:	e7e3      	b.n	10004224 <vendord_xfer_cb+0x38>
1000425c:	20001644 	.word	0x20001644
10004260:	00000000 	.word	0x00000000
10004264:	200015c4 	.word	0x200015c4
10004268:	2000176c 	.word	0x2000176c
1000426c:	00000000 	.word	0x00000000
10004270:	20001648 	.word	0x20001648

10004274 <tusb_rhport_init>:
10004274:	b510      	push	{r4, lr}
10004276:	b082      	sub	sp, #8
10004278:	b1b9      	cbz	r1, 100042aa <tusb_rhport_init+0x36>
1000427a:	2801      	cmp	r0, #1
1000427c:	d80c      	bhi.n	10004298 <tusb_rhport_init+0x24>
1000427e:	780b      	ldrb	r3, [r1, #0]
10004280:	b153      	cbz	r3, 10004298 <tusb_rhport_init+0x24>
10004282:	4c13      	ldr	r4, [pc, #76]	@ (100042d0 <tusb_rhport_init+0x5c>)
10004284:	2b01      	cmp	r3, #1
10004286:	5423      	strb	r3, [r4, r0]
10004288:	d002      	beq.n	10004290 <tusb_rhport_init+0x1c>
1000428a:	2001      	movs	r0, #1
1000428c:	b002      	add	sp, #8
1000428e:	bd10      	pop	{r4, pc}
10004290:	f7fe fe00 	bl	10002e94 <tud_rhport_init>
10004294:	2800      	cmp	r0, #0
10004296:	d1f8      	bne.n	1000428a <tusb_rhport_init+0x16>
10004298:	f04f 23e0 	mov.w	r3, #3758153728	@ 0xe000e000
1000429c:	f8d3 3df0 	ldr.w	r3, [r3, #3568]	@ 0xdf0
100042a0:	07db      	lsls	r3, r3, #31
100042a2:	d500      	bpl.n	100042a6 <tusb_rhport_init+0x32>
100042a4:	be00      	bkpt	0x0000
100042a6:	2000      	movs	r0, #0
100042a8:	e7f0      	b.n	1000428c <tusb_rhport_init+0x18>
100042aa:	2401      	movs	r4, #1
100042ac:	4608      	mov	r0, r1
100042ae:	a901      	add	r1, sp, #4
100042b0:	f8ad 4004 	strh.w	r4, [sp, #4]
100042b4:	f7fe fdee 	bl	10002e94 <tud_rhport_init>
100042b8:	b938      	cbnz	r0, 100042ca <tusb_rhport_init+0x56>
100042ba:	f04f 23e0 	mov.w	r3, #3758153728	@ 0xe000e000
100042be:	f8d3 3df0 	ldr.w	r3, [r3, #3568]	@ 0xdf0
100042c2:	07da      	lsls	r2, r3, #31
100042c4:	d5e2      	bpl.n	1000428c <tusb_rhport_init+0x18>
100042c6:	be00      	bkpt	0x0000
100042c8:	e7e0      	b.n	1000428c <tusb_rhport_init+0x18>
100042ca:	4b01      	ldr	r3, [pc, #4]	@ (100042d0 <tusb_rhport_init+0x5c>)
100042cc:	701c      	strb	r4, [r3, #0]
100042ce:	e7dd      	b.n	1000428c <tusb_rhport_init+0x18>
100042d0:	2000149c 	.word	0x2000149c

100042d4 <tu_edpt_claim>:
100042d4:	b5f8      	push	{r3, r4, r5, r6, r7, lr}
100042d6:	7803      	ldrb	r3, [r0, #0]
100042d8:	f013 0401 	ands.w	r4, r3, #1
100042dc:	d11a      	bne.n	10004314 <tu_edpt_claim+0x40>
100042de:	7803      	ldrb	r3, [r0, #0]
100042e0:	4605      	mov	r5, r0
100042e2:	075a      	lsls	r2, r3, #29
100042e4:	f3c3 0780 	ubfx	r7, r3, #2, #1
100042e8:	d501      	bpl.n	100042ee <tu_edpt_claim+0x1a>
100042ea:	4620      	mov	r0, r4
100042ec:	bdf8      	pop	{r3, r4, r5, r6, r7, pc}
100042ee:	460e      	mov	r6, r1
100042f0:	f04f 31ff 	mov.w	r1, #4294967295	@ 0xffffffff
100042f4:	4630      	mov	r0, r6
100042f6:	f000 fda7 	bl	10004e48 <__mutex_enter_timeout_ms_veneer>
100042fa:	782b      	ldrb	r3, [r5, #0]
100042fc:	f013 0401 	ands.w	r4, r3, #1
10004300:	d10b      	bne.n	1000431a <tu_edpt_claim+0x46>
10004302:	782b      	ldrb	r3, [r5, #0]
10004304:	075b      	lsls	r3, r3, #29
10004306:	d409      	bmi.n	1000431c <tu_edpt_claim+0x48>
10004308:	782b      	ldrb	r3, [r5, #0]
1000430a:	2401      	movs	r4, #1
1000430c:	f043 0304 	orr.w	r3, r3, #4
10004310:	702b      	strb	r3, [r5, #0]
10004312:	e003      	b.n	1000431c <tu_edpt_claim+0x48>
10004314:	2400      	movs	r4, #0
10004316:	4620      	mov	r0, r4
10004318:	bdf8      	pop	{r3, r4, r5, r6, r7, pc}
1000431a:	463c      	mov	r4, r7
1000431c:	4630      	mov	r0, r6
1000431e:	f000 fd9b 	bl	10004e58 <__mutex_exit_veneer>
10004322:	4620      	mov	r0, r4
10004324:	bdf8      	pop	{r3, r4, r5, r6, r7, pc}
10004326:	bf00      	nop

10004328 <tu_edpt_release>:
10004328:	b570      	push	{r4, r5, r6, lr}
1000432a:	460c      	mov	r4, r1
1000432c:	4605      	mov	r5, r0
1000432e:	f04f 31ff 	mov.w	r1, #4294967295	@ 0xffffffff
10004332:	4620      	mov	r0, r4
10004334:	f000 fd88 	bl	10004e48 <__mutex_enter_timeout_ms_veneer>
10004338:	782b      	ldrb	r3, [r5, #0]
1000433a:	f3c3 0680 	ubfx	r6, r3, #2, #1
1000433e:	075b      	lsls	r3, r3, #29
10004340:	d508      	bpl.n	10004354 <tu_edpt_release+0x2c>
10004342:	782b      	ldrb	r3, [r5, #0]
10004344:	f013 0301 	ands.w	r3, r3, #1
10004348:	bf11      	iteee	ne
1000434a:	2600      	movne	r6, #0
1000434c:	782a      	ldrbeq	r2, [r5, #0]
1000434e:	f363 0282 	bfieq	r2, r3, #2, #1
10004352:	702a      	strbeq	r2, [r5, #0]
10004354:	4620      	mov	r0, r4
10004356:	f000 fd7f 	bl	10004e58 <__mutex_exit_veneer>
1000435a:	4630      	mov	r0, r6
1000435c:	bd70      	pop	{r4, r5, r6, pc}
1000435e:	bf00      	nop

10004360 <tu_edpt_validate>:
10004360:	78c3      	ldrb	r3, [r0, #3]
10004362:	8882      	ldrh	r2, [r0, #4]
10004364:	f003 0003 	and.w	r0, r3, #3
10004368:	2802      	cmp	r0, #2
1000436a:	f3c2 020a 	ubfx	r2, r2, #0, #11
1000436e:	d01f      	beq.n	100043b0 <tu_edpt_validate+0x50>
10004370:	2803      	cmp	r0, #3
10004372:	d003      	beq.n	1000437c <tu_edpt_validate+0x1c>
10004374:	2801      	cmp	r0, #1
10004376:	d00a      	beq.n	1000438e <tu_edpt_validate+0x2e>
10004378:	2000      	movs	r0, #0
1000437a:	4770      	bx	lr
1000437c:	2902      	cmp	r1, #2
1000437e:	bf14      	ite	ne
10004380:	2340      	movne	r3, #64	@ 0x40
10004382:	f44f 6380 	moveq.w	r3, #1024	@ 0x400
10004386:	4293      	cmp	r3, r2
10004388:	d309      	bcc.n	1000439e <tu_edpt_validate+0x3e>
1000438a:	2001      	movs	r0, #1
1000438c:	4770      	bx	lr
1000438e:	2902      	cmp	r1, #2
10004390:	f240 33ff 	movw	r3, #1023	@ 0x3ff
10004394:	bf08      	it	eq
10004396:	f44f 6380 	moveq.w	r3, #1024	@ 0x400
1000439a:	4293      	cmp	r3, r2
1000439c:	d2f6      	bcs.n	1000438c <tu_edpt_validate+0x2c>
1000439e:	f04f 23e0 	mov.w	r3, #3758153728	@ 0xe000e000
100043a2:	f8d3 3df0 	ldr.w	r3, [r3, #3568]	@ 0xdf0
100043a6:	07db      	lsls	r3, r3, #31
100043a8:	d5e6      	bpl.n	10004378 <tu_edpt_validate+0x18>
100043aa:	be00      	bkpt	0x0000
100043ac:	2000      	movs	r0, #0
100043ae:	4770      	bx	lr
100043b0:	2902      	cmp	r1, #2
100043b2:	d002      	beq.n	100043ba <tu_edpt_validate+0x5a>
100043b4:	2a40      	cmp	r2, #64	@ 0x40
100043b6:	d9e8      	bls.n	1000438a <tu_edpt_validate+0x2a>
100043b8:	e7f1      	b.n	1000439e <tu_edpt_validate+0x3e>
100043ba:	f5b2 7f00 	cmp.w	r2, #512	@ 0x200
100043be:	d0e4      	beq.n	1000438a <tu_edpt_validate+0x2a>
100043c0:	e7ed      	b.n	1000439e <tu_edpt_validate+0x3e>
100043c2:	bf00      	nop

100043c4 <tu_edpt_bind_driver>:
100043c4:	440a      	add	r2, r1
100043c6:	4291      	cmp	r1, r2
100043c8:	d226      	bcs.n	10004418 <tu_edpt_bind_driver+0x54>
100043ca:	f891 c001 	ldrb.w	ip, [r1, #1]
100043ce:	f1bc 0f05 	cmp.w	ip, #5
100043d2:	d005      	beq.n	100043e0 <tu_edpt_bind_driver+0x1c>
100043d4:	f891 c000 	ldrb.w	ip, [r1]
100043d8:	4461      	add	r1, ip
100043da:	428a      	cmp	r2, r1
100043dc:	d8f5      	bhi.n	100043ca <tu_edpt_bind_driver+0x6>
100043de:	4770      	bx	lr
100043e0:	b500      	push	{lr}
100043e2:	f891 c002 	ldrb.w	ip, [r1, #2]
100043e6:	f00c 0e7f 	and.w	lr, ip, #127	@ 0x7f
100043ea:	eb00 0e4e 	add.w	lr, r0, lr, lsl #1
100043ee:	ea4f 1cdc 	mov.w	ip, ip, lsr #7
100043f2:	f80e 300c 	strb.w	r3, [lr, ip]
100043f6:	f891 c000 	ldrb.w	ip, [r1]
100043fa:	4461      	add	r1, ip
100043fc:	428a      	cmp	r2, r1
100043fe:	d909      	bls.n	10004414 <tu_edpt_bind_driver+0x50>
10004400:	f891 c001 	ldrb.w	ip, [r1, #1]
10004404:	f1bc 0f05 	cmp.w	ip, #5
10004408:	d0eb      	beq.n	100043e2 <tu_edpt_bind_driver+0x1e>
1000440a:	f891 c000 	ldrb.w	ip, [r1]
1000440e:	4461      	add	r1, ip
10004410:	428a      	cmp	r2, r1
10004412:	d8f5      	bhi.n	10004400 <tu_edpt_bind_driver+0x3c>
10004414:	f85d fb04 	ldr.w	pc, [sp], #4
10004418:	4770      	bx	lr
1000441a:	bf00      	nop

1000441c <tu_edpt_stream_init>:
1000441c:	e92d 41f0 	stmdb	sp!, {r4, r5, r6, r7, r8, lr}
10004420:	468e      	mov	lr, r1
10004422:	b082      	sub	sp, #8
10004424:	9300      	str	r3, [sp, #0]
10004426:	f890 c000 	ldrb.w	ip, [r0]
1000442a:	9e08      	ldr	r6, [sp, #32]
1000442c:	f8bd 7024 	ldrh.w	r7, [sp, #36]	@ 0x24
10004430:	f36e 0c00 	bfi	ip, lr, #0, #1
10004434:	4604      	mov	r4, r0
10004436:	4615      	mov	r5, r2
10004438:	2301      	movs	r3, #1
1000443a:	4631      	mov	r1, r6
1000443c:	463a      	mov	r2, r7
1000443e:	f800 cb08 	strb.w	ip, [r0], #8
10004442:	f8bd 802c 	ldrh.w	r8, [sp, #44]	@ 0x2c
10004446:	f000 f8eb 	bl	10004620 <tu_fifo_config>
1000444a:	b106      	cbz	r6, 1000444e <tu_edpt_stream_init+0x32>
1000444c:	b93f      	cbnz	r7, 1000445e <tu_edpt_stream_init+0x42>
1000444e:	2001      	movs	r0, #1
10004450:	9b0a      	ldr	r3, [sp, #40]	@ 0x28
10004452:	f8a4 8002 	strh.w	r8, [r4, #2]
10004456:	6063      	str	r3, [r4, #4]
10004458:	b002      	add	sp, #8
1000445a:	e8bd 81f0 	ldmia.w	sp!, {r4, r5, r6, r7, r8, pc}
1000445e:	f104 061c 	add.w	r6, r4, #28
10004462:	4630      	mov	r0, r6
10004464:	f7fc ff62 	bl	1000132c <mutex_init>
10004468:	b10d      	cbz	r5, 1000446e <tu_edpt_stream_init+0x52>
1000446a:	4635      	mov	r5, r6
1000446c:	2600      	movs	r6, #0
1000446e:	e9c4 5605 	strd	r5, r6, [r4, #20]
10004472:	e7ec      	b.n	1000444e <tu_edpt_stream_init+0x32>

10004474 <tu_edpt_stream_deinit>:
10004474:	2001      	movs	r0, #1
10004476:	4770      	bx	lr

10004478 <tu_edpt_stream_write_zlp_if_needed>:
10004478:	b5f8      	push	{r3, r4, r5, r6, r7, lr}
1000447a:	4607      	mov	r7, r0
1000447c:	4608      	mov	r0, r1
1000447e:	f240 13ff 	movw	r3, #511	@ 0x1ff
10004482:	4615      	mov	r5, r2
10004484:	f810 2b08 	ldrb.w	r2, [r0], #8
10004488:	460c      	mov	r4, r1
1000448a:	f012 0f02 	tst.w	r2, #2
1000448e:	bf0c      	ite	eq
10004490:	263f      	moveq	r6, #63	@ 0x3f
10004492:	461e      	movne	r6, r3
10004494:	f000 f8f4 	bl	10004680 <tu_fifo_count>
10004498:	b928      	cbnz	r0, 100044a6 <tu_edpt_stream_write_zlp_if_needed+0x2e>
1000449a:	b125      	cbz	r5, 100044a6 <tu_edpt_stream_write_zlp_if_needed+0x2e>
1000449c:	422e      	tst	r6, r5
1000449e:	d102      	bne.n	100044a6 <tu_edpt_stream_write_zlp_if_needed+0x2e>
100044a0:	7823      	ldrb	r3, [r4, #0]
100044a2:	07da      	lsls	r2, r3, #31
100044a4:	d501      	bpl.n	100044aa <tu_edpt_stream_write_zlp_if_needed+0x32>
100044a6:	2000      	movs	r0, #0
100044a8:	bdf8      	pop	{r3, r4, r5, r6, r7, pc}
100044aa:	4638      	mov	r0, r7
100044ac:	7861      	ldrb	r1, [r4, #1]
100044ae:	f7ff f99f 	bl	100037f0 <usbd_edpt_claim>
100044b2:	2800      	cmp	r0, #0
100044b4:	d0f7      	beq.n	100044a6 <tu_edpt_stream_write_zlp_if_needed+0x2e>
100044b6:	7823      	ldrb	r3, [r4, #0]
100044b8:	f013 0301 	ands.w	r3, r3, #1
100044bc:	d007      	beq.n	100044ce <tu_edpt_stream_write_zlp_if_needed+0x56>
100044be:	f04f 23e0 	mov.w	r3, #3758153728	@ 0xe000e000
100044c2:	f8d3 3df0 	ldr.w	r3, [r3, #3568]	@ 0xdf0
100044c6:	07db      	lsls	r3, r3, #31
100044c8:	d5ed      	bpl.n	100044a6 <tu_edpt_stream_write_zlp_if_needed+0x2e>
100044ca:	be00      	bkpt	0x0000
100044cc:	e7eb      	b.n	100044a6 <tu_edpt_stream_write_zlp_if_needed+0x2e>
100044ce:	461a      	mov	r2, r3
100044d0:	4638      	mov	r0, r7
100044d2:	7861      	ldrb	r1, [r4, #1]
100044d4:	f7ff f9b0 	bl	10003838 <usbd_edpt_xfer>
100044d8:	2800      	cmp	r0, #0
100044da:	d0f0      	beq.n	100044be <tu_edpt_stream_write_zlp_if_needed+0x46>
100044dc:	bdf8      	pop	{r3, r4, r5, r6, r7, pc}
100044de:	bf00      	nop

100044e0 <tu_edpt_stream_write_xfer>:
100044e0:	b570      	push	{r4, r5, r6, lr}
100044e2:	f101 0508 	add.w	r5, r1, #8
100044e6:	4606      	mov	r6, r0
100044e8:	4628      	mov	r0, r5
100044ea:	460c      	mov	r4, r1
100044ec:	f000 f8c8 	bl	10004680 <tu_fifo_count>
100044f0:	b110      	cbz	r0, 100044f8 <tu_edpt_stream_write_xfer+0x18>
100044f2:	7823      	ldrb	r3, [r4, #0]
100044f4:	07d8      	lsls	r0, r3, #31
100044f6:	d501      	bpl.n	100044fc <tu_edpt_stream_write_xfer+0x1c>
100044f8:	2000      	movs	r0, #0
100044fa:	bd70      	pop	{r4, r5, r6, pc}
100044fc:	4630      	mov	r0, r6
100044fe:	7861      	ldrb	r1, [r4, #1]
10004500:	f7ff f976 	bl	100037f0 <usbd_edpt_claim>
10004504:	2800      	cmp	r0, #0
10004506:	d0f7      	beq.n	100044f8 <tu_edpt_stream_write_xfer+0x18>
10004508:	4628      	mov	r0, r5
1000450a:	8862      	ldrh	r2, [r4, #2]
1000450c:	6861      	ldr	r1, [r4, #4]
1000450e:	f000 f92d 	bl	1000476c <tu_fifo_read_n>
10004512:	7823      	ldrb	r3, [r4, #0]
10004514:	4605      	mov	r5, r0
10004516:	b148      	cbz	r0, 1000452c <tu_edpt_stream_write_xfer+0x4c>
10004518:	07d9      	lsls	r1, r3, #31
1000451a:	d50e      	bpl.n	1000453a <tu_edpt_stream_write_xfer+0x5a>
1000451c:	f04f 23e0 	mov.w	r3, #3758153728	@ 0xe000e000
10004520:	f8d3 3df0 	ldr.w	r3, [r3, #3568]	@ 0xdf0
10004524:	07da      	lsls	r2, r3, #31
10004526:	d5e7      	bpl.n	100044f8 <tu_edpt_stream_write_xfer+0x18>
10004528:	be00      	bkpt	0x0000
1000452a:	e7e5      	b.n	100044f8 <tu_edpt_stream_write_xfer+0x18>
1000452c:	07db      	lsls	r3, r3, #31
1000452e:	d4e3      	bmi.n	100044f8 <tu_edpt_stream_write_xfer+0x18>
10004530:	4630      	mov	r0, r6
10004532:	7861      	ldrb	r1, [r4, #1]
10004534:	f7ff f96e 	bl	10003814 <usbd_edpt_release>
10004538:	e7de      	b.n	100044f8 <tu_edpt_stream_write_xfer+0x18>
1000453a:	4603      	mov	r3, r0
1000453c:	6862      	ldr	r2, [r4, #4]
1000453e:	4630      	mov	r0, r6
10004540:	7861      	ldrb	r1, [r4, #1]
10004542:	f7ff f979 	bl	10003838 <usbd_edpt_xfer>
10004546:	2800      	cmp	r0, #0
10004548:	d0e8      	beq.n	1000451c <tu_edpt_stream_write_xfer+0x3c>
1000454a:	4628      	mov	r0, r5
1000454c:	bd70      	pop	{r4, r5, r6, pc}
1000454e:	bf00      	nop

10004550 <tu_edpt_stream_read_xfer>:
10004550:	898a      	ldrh	r2, [r1, #12]
10004552:	e92d 41f0 	stmdb	sp!, {r4, r5, r6, r7, r8, lr}
10004556:	780b      	ldrb	r3, [r1, #0]
10004558:	460c      	mov	r4, r1
1000455a:	4605      	mov	r5, r0
1000455c:	b98a      	cbnz	r2, 10004582 <tu_edpt_stream_read_xfer+0x32>
1000455e:	07df      	lsls	r7, r3, #31
10004560:	d425      	bmi.n	100045ae <tu_edpt_stream_read_xfer+0x5e>
10004562:	7849      	ldrb	r1, [r1, #1]
10004564:	f7ff f944 	bl	100037f0 <usbd_edpt_claim>
10004568:	b308      	cbz	r0, 100045ae <tu_edpt_stream_read_xfer+0x5e>
1000456a:	7822      	ldrb	r2, [r4, #0]
1000456c:	8863      	ldrh	r3, [r4, #2]
1000456e:	07d6      	lsls	r6, r2, #31
10004570:	d53f      	bpl.n	100045f2 <tu_edpt_stream_read_xfer+0xa2>
10004572:	f04f 23e0 	mov.w	r3, #3758153728	@ 0xe000e000
10004576:	f8d3 3df0 	ldr.w	r3, [r3, #3568]	@ 0xdf0
1000457a:	07da      	lsls	r2, r3, #31
1000457c:	d517      	bpl.n	100045ae <tu_edpt_stream_read_xfer+0x5e>
1000457e:	be00      	bkpt	0x0000
10004580:	e015      	b.n	100045ae <tu_edpt_stream_read_xfer+0x5e>
10004582:	f003 0302 	and.w	r3, r3, #2
10004586:	f101 0808 	add.w	r8, r1, #8
1000458a:	2b00      	cmp	r3, #0
1000458c:	4640      	mov	r0, r8
1000458e:	bf0c      	ite	eq
10004590:	2740      	moveq	r7, #64	@ 0x40
10004592:	f44f 7700 	movne.w	r7, #512	@ 0x200
10004596:	f64f 76c0 	movw	r6, #65472	@ 0xffc0
1000459a:	bf18      	it	ne
1000459c:	f44f 467e 	movne.w	r6, #65024	@ 0xfe00
100045a0:	f000 f888 	bl	100046b4 <tu_fifo_remaining>
100045a4:	4287      	cmp	r7, r0
100045a6:	d802      	bhi.n	100045ae <tu_edpt_stream_read_xfer+0x5e>
100045a8:	7823      	ldrb	r3, [r4, #0]
100045aa:	07d8      	lsls	r0, r3, #31
100045ac:	d502      	bpl.n	100045b4 <tu_edpt_stream_read_xfer+0x64>
100045ae:	2000      	movs	r0, #0
100045b0:	e8bd 81f0 	ldmia.w	sp!, {r4, r5, r6, r7, r8, pc}
100045b4:	4628      	mov	r0, r5
100045b6:	7861      	ldrb	r1, [r4, #1]
100045b8:	f7ff f91a 	bl	100037f0 <usbd_edpt_claim>
100045bc:	2800      	cmp	r0, #0
100045be:	d0f6      	beq.n	100045ae <tu_edpt_stream_read_xfer+0x5e>
100045c0:	4640      	mov	r0, r8
100045c2:	f000 f877 	bl	100046b4 <tu_fifo_remaining>
100045c6:	4287      	cmp	r7, r0
100045c8:	d81f      	bhi.n	1000460a <tu_edpt_stream_read_xfer+0xba>
100045ca:	7823      	ldrb	r3, [r4, #0]
100045cc:	8862      	ldrh	r2, [r4, #2]
100045ce:	07d9      	lsls	r1, r3, #31
100045d0:	d4cf      	bmi.n	10004572 <tu_edpt_stream_read_xfer+0x22>
100045d2:	4030      	ands	r0, r6
100045d4:	4290      	cmp	r0, r2
100045d6:	bf28      	it	cs
100045d8:	4610      	movcs	r0, r2
100045da:	7861      	ldrb	r1, [r4, #1]
100045dc:	4606      	mov	r6, r0
100045de:	b1e0      	cbz	r0, 1000461a <tu_edpt_stream_read_xfer+0xca>
100045e0:	6862      	ldr	r2, [r4, #4]
100045e2:	4633      	mov	r3, r6
100045e4:	4628      	mov	r0, r5
100045e6:	f7ff f927 	bl	10003838 <usbd_edpt_xfer>
100045ea:	2800      	cmp	r0, #0
100045ec:	d0c1      	beq.n	10004572 <tu_edpt_stream_read_xfer+0x22>
100045ee:	4630      	mov	r0, r6
100045f0:	e7de      	b.n	100045b0 <tu_edpt_stream_read_xfer+0x60>
100045f2:	7861      	ldrb	r1, [r4, #1]
100045f4:	b13b      	cbz	r3, 10004606 <tu_edpt_stream_read_xfer+0xb6>
100045f6:	6862      	ldr	r2, [r4, #4]
100045f8:	4628      	mov	r0, r5
100045fa:	f7ff f91d 	bl	10003838 <usbd_edpt_xfer>
100045fe:	2800      	cmp	r0, #0
10004600:	d0b7      	beq.n	10004572 <tu_edpt_stream_read_xfer+0x22>
10004602:	8860      	ldrh	r0, [r4, #2]
10004604:	e7d4      	b.n	100045b0 <tu_edpt_stream_read_xfer+0x60>
10004606:	461a      	mov	r2, r3
10004608:	e7f6      	b.n	100045f8 <tu_edpt_stream_read_xfer+0xa8>
1000460a:	7823      	ldrb	r3, [r4, #0]
1000460c:	07db      	lsls	r3, r3, #31
1000460e:	d4ce      	bmi.n	100045ae <tu_edpt_stream_read_xfer+0x5e>
10004610:	4628      	mov	r0, r5
10004612:	7861      	ldrb	r1, [r4, #1]
10004614:	f7ff f8fe 	bl	10003814 <usbd_edpt_release>
10004618:	e7c9      	b.n	100045ae <tu_edpt_stream_read_xfer+0x5e>
1000461a:	4602      	mov	r2, r0
1000461c:	e7e1      	b.n	100045e2 <tu_edpt_stream_read_xfer+0x92>
1000461e:	bf00      	nop

10004620 <tu_fifo_config>:
10004620:	e92d 41f0 	stmdb	sp!, {r4, r5, r6, r7, r8, lr}
10004624:	f5b2 4f00 	cmp.w	r2, #32768	@ 0x8000
10004628:	f89d 8018 	ldrb.w	r8, [sp, #24]
1000462c:	d824      	bhi.n	10004678 <tu_fifo_config+0x58>
1000462e:	4604      	mov	r4, r0
10004630:	68c0      	ldr	r0, [r0, #12]
10004632:	4617      	mov	r7, r2
10004634:	460e      	mov	r6, r1
10004636:	461d      	mov	r5, r3
10004638:	b118      	cbz	r0, 10004642 <tu_fifo_config+0x22>
1000463a:	f04f 31ff 	mov.w	r1, #4294967295	@ 0xffffffff
1000463e:	f000 fc03 	bl	10004e48 <__mutex_enter_timeout_ms_veneer>
10004642:	6920      	ldr	r0, [r4, #16]
10004644:	b118      	cbz	r0, 1000464e <tu_fifo_config+0x2e>
10004646:	f04f 31ff 	mov.w	r1, #4294967295	@ 0xffffffff
1000464a:	f000 fbfd 	bl	10004e48 <__mutex_enter_timeout_ms_veneer>
1000464e:	2200      	movs	r2, #0
10004650:	f3c5 030e 	ubfx	r3, r5, #0, #15
10004654:	68e0      	ldr	r0, [r4, #12]
10004656:	ea43 33c8 	orr.w	r3, r3, r8, lsl #15
1000465a:	8162      	strh	r2, [r4, #10]
1000465c:	6026      	str	r6, [r4, #0]
1000465e:	80a7      	strh	r7, [r4, #4]
10004660:	80e3      	strh	r3, [r4, #6]
10004662:	8122      	strh	r2, [r4, #8]
10004664:	b108      	cbz	r0, 1000466a <tu_fifo_config+0x4a>
10004666:	f000 fbf7 	bl	10004e58 <__mutex_exit_veneer>
1000466a:	6920      	ldr	r0, [r4, #16]
1000466c:	b108      	cbz	r0, 10004672 <tu_fifo_config+0x52>
1000466e:	f000 fbf3 	bl	10004e58 <__mutex_exit_veneer>
10004672:	2001      	movs	r0, #1
10004674:	e8bd 81f0 	ldmia.w	sp!, {r4, r5, r6, r7, r8, pc}
10004678:	2000      	movs	r0, #0
1000467a:	e8bd 81f0 	ldmia.w	sp!, {r4, r5, r6, r7, r8, pc}
1000467e:	bf00      	nop

10004680 <tu_fifo_count>:
10004680:	8903      	ldrh	r3, [r0, #8]
10004682:	8942      	ldrh	r2, [r0, #10]
10004684:	b29b      	uxth	r3, r3
10004686:	b292      	uxth	r2, r2
10004688:	8880      	ldrh	r0, [r0, #4]
1000468a:	4293      	cmp	r3, r2
1000468c:	bf36      	itet	cc
1000468e:	ebc2 0240 	rsbcc	r2, r2, r0, lsl #1
10004692:	1a9b      	subcs	r3, r3, r2
10004694:	189b      	addcc	r3, r3, r2
10004696:	b29b      	uxth	r3, r3
10004698:	4298      	cmp	r0, r3
1000469a:	bf28      	it	cs
1000469c:	4618      	movcs	r0, r3
1000469e:	4770      	bx	lr

100046a0 <tu_fifo_empty>:
100046a0:	8902      	ldrh	r2, [r0, #8]
100046a2:	8943      	ldrh	r3, [r0, #10]
100046a4:	b290      	uxth	r0, r2
100046a6:	b29b      	uxth	r3, r3
100046a8:	1ac0      	subs	r0, r0, r3
100046aa:	fab0 f080 	clz	r0, r0
100046ae:	0940      	lsrs	r0, r0, #5
100046b0:	4770      	bx	lr
100046b2:	bf00      	nop

100046b4 <tu_fifo_remaining>:
100046b4:	8903      	ldrh	r3, [r0, #8]
100046b6:	8942      	ldrh	r2, [r0, #10]
100046b8:	b29b      	uxth	r3, r3
100046ba:	8880      	ldrh	r0, [r0, #4]
100046bc:	b292      	uxth	r2, r2
100046be:	4293      	cmp	r3, r2
100046c0:	bf36      	itet	cc
100046c2:	ebc2 0240 	rsbcc	r2, r2, r0, lsl #1
100046c6:	1a9b      	subcs	r3, r3, r2
100046c8:	189b      	addcc	r3, r3, r2
100046ca:	b29b      	uxth	r3, r3
100046cc:	4298      	cmp	r0, r3
100046ce:	bf86      	itte	hi
100046d0:	1ac0      	subhi	r0, r0, r3
100046d2:	b280      	uxthhi	r0, r0
100046d4:	2000      	movls	r0, #0
100046d6:	4770      	bx	lr

100046d8 <tu_fifo_read>:
100046d8:	b538      	push	{r3, r4, r5, lr}
100046da:	4604      	mov	r4, r0
100046dc:	6900      	ldr	r0, [r0, #16]
100046de:	460d      	mov	r5, r1
100046e0:	b118      	cbz	r0, 100046ea <tu_fifo_read+0x12>
100046e2:	f04f 31ff 	mov.w	r1, #4294967295	@ 0xffffffff
100046e6:	f000 fbaf 	bl	10004e48 <__mutex_enter_timeout_ms_veneer>
100046ea:	8921      	ldrh	r1, [r4, #8]
100046ec:	8963      	ldrh	r3, [r4, #10]
100046ee:	b289      	uxth	r1, r1
100046f0:	b29b      	uxth	r3, r3
100046f2:	88a2      	ldrh	r2, [r4, #4]
100046f4:	4299      	cmp	r1, r3
100046f6:	bf36      	itet	cc
100046f8:	ebc3 0042 	rsbcc	r0, r3, r2, lsl #1
100046fc:	1ac8      	subcs	r0, r1, r3
100046fe:	1840      	addcc	r0, r0, r1
10004700:	b280      	uxth	r0, r0
10004702:	b350      	cbz	r0, 1000475a <tu_fifo_read+0x82>
10004704:	4282      	cmp	r2, r0
10004706:	d209      	bcs.n	1000471c <tu_fifo_read+0x44>
10004708:	4291      	cmp	r1, r2
1000470a:	bf2c      	ite	cs
1000470c:	1a89      	subcs	r1, r1, r2
1000470e:	1889      	addcc	r1, r1, r2
10004710:	b28b      	uxth	r3, r1
10004712:	429a      	cmp	r2, r3
10004714:	8163      	strh	r3, [r4, #10]
10004716:	d803      	bhi.n	10004720 <tu_fifo_read+0x48>
10004718:	1a9b      	subs	r3, r3, r2
1000471a:	b29b      	uxth	r3, r3
1000471c:	429a      	cmp	r2, r3
1000471e:	d9fb      	bls.n	10004718 <tu_fifo_read+0x40>
10004720:	88e2      	ldrh	r2, [r4, #6]
10004722:	6821      	ldr	r1, [r4, #0]
10004724:	f3c2 020e 	ubfx	r2, r2, #0, #15
10004728:	fb02 1103 	mla	r1, r2, r3, r1
1000472c:	4628      	mov	r0, r5
1000472e:	f000 fa8b 	bl	10004c48 <memcpy>
10004732:	8961      	ldrh	r1, [r4, #10]
10004734:	2501      	movs	r5, #1
10004736:	b289      	uxth	r1, r1
10004738:	1c4b      	adds	r3, r1, #1
1000473a:	b29b      	uxth	r3, r3
1000473c:	4299      	cmp	r1, r3
1000473e:	88a2      	ldrh	r2, [r4, #4]
10004740:	d90e      	bls.n	10004760 <tu_fifo_read+0x88>
10004742:	2300      	movs	r3, #0
10004744:	fa02 f105 	lsl.w	r1, r2, r5
10004748:	1a5b      	subs	r3, r3, r1
1000474a:	b29b      	uxth	r3, r3
1000474c:	6920      	ldr	r0, [r4, #16]
1000474e:	8163      	strh	r3, [r4, #10]
10004750:	b108      	cbz	r0, 10004756 <tu_fifo_read+0x7e>
10004752:	f000 fb81 	bl	10004e58 <__mutex_exit_veneer>
10004756:	4628      	mov	r0, r5
10004758:	bd38      	pop	{r3, r4, r5, pc}
1000475a:	4605      	mov	r5, r0
1000475c:	8963      	ldrh	r3, [r4, #10]
1000475e:	b29b      	uxth	r3, r3
10004760:	ebb3 0f42 	cmp.w	r3, r2, lsl #1
10004764:	ea4f 0142 	mov.w	r1, r2, lsl #1
10004768:	dbf0      	blt.n	1000474c <tu_fifo_read+0x74>
1000476a:	e7ed      	b.n	10004748 <tu_fifo_read+0x70>

1000476c <tu_fifo_read_n>:
1000476c:	e92d 47f0 	stmdb	sp!, {r4, r5, r6, r7, r8, r9, sl, lr}
10004770:	4606      	mov	r6, r0
10004772:	6900      	ldr	r0, [r0, #16]
10004774:	4688      	mov	r8, r1
10004776:	4691      	mov	r9, r2
10004778:	b118      	cbz	r0, 10004782 <tu_fifo_read_n+0x16>
1000477a:	f04f 31ff 	mov.w	r1, #4294967295	@ 0xffffffff
1000477e:	f000 fb63 	bl	10004e48 <__mutex_enter_timeout_ms_veneer>
10004782:	8933      	ldrh	r3, [r6, #8]
10004784:	8974      	ldrh	r4, [r6, #10]
10004786:	b29b      	uxth	r3, r3
10004788:	b2a4      	uxth	r4, r4
1000478a:	88b5      	ldrh	r5, [r6, #4]
1000478c:	42a3      	cmp	r3, r4
1000478e:	bf36      	itet	cc
10004790:	ebc4 0745 	rsbcc	r7, r4, r5, lsl #1
10004794:	1b1f      	subcs	r7, r3, r4
10004796:	18ff      	addcc	r7, r7, r3
10004798:	b2bf      	uxth	r7, r7
1000479a:	2f00      	cmp	r7, #0
1000479c:	d04a      	beq.n	10004834 <tu_fifo_read_n+0xc8>
1000479e:	42bd      	cmp	r5, r7
100047a0:	d340      	bcc.n	10004824 <tu_fifo_read_n+0xb8>
100047a2:	45b9      	cmp	r9, r7
100047a4:	bf28      	it	cs
100047a6:	46b9      	movcs	r9, r7
100047a8:	42a5      	cmp	r5, r4
100047aa:	fa1f f789 	uxth.w	r7, r9
100047ae:	d803      	bhi.n	100047b8 <tu_fifo_read_n+0x4c>
100047b0:	1b64      	subs	r4, r4, r5
100047b2:	b2a4      	uxth	r4, r4
100047b4:	42a5      	cmp	r5, r4
100047b6:	d9fb      	bls.n	100047b0 <tu_fifo_read_n+0x44>
100047b8:	f8b6 a006 	ldrh.w	sl, [r6, #6]
100047bc:	1b2b      	subs	r3, r5, r4
100047be:	6831      	ldr	r1, [r6, #0]
100047c0:	b29b      	uxth	r3, r3
100047c2:	f3ca 020e 	ubfx	r2, sl, #0, #15
100047c6:	429f      	cmp	r7, r3
100047c8:	4692      	mov	sl, r2
100047ca:	fb02 1104 	mla	r1, r2, r4, r1
100047ce:	d923      	bls.n	10004818 <tu_fifo_read_n+0xac>
100047d0:	fb13 f302 	smulbb	r3, r3, r2
100047d4:	fa1f f983 	uxth.w	r9, r3
100047d8:	464a      	mov	r2, r9
100047da:	4640      	mov	r0, r8
100047dc:	1b7d      	subs	r5, r7, r5
100047de:	f000 fa33 	bl	10004c48 <memcpy>
100047e2:	1962      	adds	r2, r4, r5
100047e4:	fb12 f20a 	smulbb	r2, r2, sl
100047e8:	6831      	ldr	r1, [r6, #0]
100047ea:	eb08 0009 	add.w	r0, r8, r9
100047ee:	b292      	uxth	r2, r2
100047f0:	f000 fa2a 	bl	10004c48 <memcpy>
100047f4:	8972      	ldrh	r2, [r6, #10]
100047f6:	88b5      	ldrh	r5, [r6, #4]
100047f8:	b292      	uxth	r2, r2
100047fa:	19d3      	adds	r3, r2, r7
100047fc:	b29b      	uxth	r3, r3
100047fe:	429a      	cmp	r2, r3
10004800:	d91a      	bls.n	10004838 <tu_fifo_read_n+0xcc>
10004802:	006a      	lsls	r2, r5, #1
10004804:	1a9b      	subs	r3, r3, r2
10004806:	b29b      	uxth	r3, r3
10004808:	6930      	ldr	r0, [r6, #16]
1000480a:	8173      	strh	r3, [r6, #10]
1000480c:	b108      	cbz	r0, 10004812 <tu_fifo_read_n+0xa6>
1000480e:	f000 fb23 	bl	10004e58 <__mutex_exit_veneer>
10004812:	4638      	mov	r0, r7
10004814:	e8bd 87f0 	ldmia.w	sp!, {r4, r5, r6, r7, r8, r9, sl, pc}
10004818:	4640      	mov	r0, r8
1000481a:	fb07 f202 	mul.w	r2, r7, r2
1000481e:	f000 fa13 	bl	10004c48 <memcpy>
10004822:	e7e7      	b.n	100047f4 <tu_fifo_read_n+0x88>
10004824:	42ab      	cmp	r3, r5
10004826:	bf2c      	ite	cs
10004828:	1b5b      	subcs	r3, r3, r5
1000482a:	195b      	addcc	r3, r3, r5
1000482c:	b29c      	uxth	r4, r3
1000482e:	462f      	mov	r7, r5
10004830:	8174      	strh	r4, [r6, #10]
10004832:	e7b6      	b.n	100047a2 <tu_fifo_read_n+0x36>
10004834:	8973      	ldrh	r3, [r6, #10]
10004836:	b29b      	uxth	r3, r3
10004838:	ebb3 0f45 	cmp.w	r3, r5, lsl #1
1000483c:	ea4f 0245 	mov.w	r2, r5, lsl #1
10004840:	dbe2      	blt.n	10004808 <tu_fifo_read_n+0x9c>
10004842:	e7df      	b.n	10004804 <tu_fifo_read_n+0x98>

10004844 <tu_fifo_write>:
10004844:	b5f8      	push	{r3, r4, r5, r6, r7, lr}
10004846:	4604      	mov	r4, r0
10004848:	68c0      	ldr	r0, [r0, #12]
1000484a:	460e      	mov	r6, r1
1000484c:	b118      	cbz	r0, 10004856 <tu_fifo_write+0x12>
1000484e:	f04f 31ff 	mov.w	r1, #4294967295	@ 0xffffffff
10004852:	f000 faf9 	bl	10004e48 <__mutex_enter_timeout_ms_veneer>
10004856:	8925      	ldrh	r5, [r4, #8]
10004858:	8923      	ldrh	r3, [r4, #8]
1000485a:	8961      	ldrh	r1, [r4, #10]
1000485c:	b29b      	uxth	r3, r3
1000485e:	b289      	uxth	r1, r1
10004860:	88a2      	ldrh	r2, [r4, #4]
10004862:	428b      	cmp	r3, r1
10004864:	bf36      	itet	cc
10004866:	ebc1 0142 	rsbcc	r1, r1, r2, lsl #1
1000486a:	1a5b      	subcs	r3, r3, r1
1000486c:	185b      	addcc	r3, r3, r1
1000486e:	b29b      	uxth	r3, r3
10004870:	429a      	cmp	r2, r3
10004872:	b2ad      	uxth	r5, r5
10004874:	d808      	bhi.n	10004888 <tu_fifo_write+0x44>
10004876:	79e7      	ldrb	r7, [r4, #7]
10004878:	09ff      	lsrs	r7, r7, #7
1000487a:	d105      	bne.n	10004888 <tu_fifo_write+0x44>
1000487c:	68e0      	ldr	r0, [r4, #12]
1000487e:	b108      	cbz	r0, 10004884 <tu_fifo_write+0x40>
10004880:	f000 faea 	bl	10004e58 <__mutex_exit_veneer>
10004884:	4638      	mov	r0, r7
10004886:	bdf8      	pop	{r3, r4, r5, r6, r7, pc}
10004888:	4295      	cmp	r5, r2
1000488a:	d319      	bcc.n	100048c0 <tu_fifo_write+0x7c>
1000488c:	462b      	mov	r3, r5
1000488e:	1a9b      	subs	r3, r3, r2
10004890:	b29b      	uxth	r3, r3
10004892:	4293      	cmp	r3, r2
10004894:	d2fb      	bcs.n	1000488e <tu_fifo_write+0x4a>
10004896:	88e2      	ldrh	r2, [r4, #6]
10004898:	6820      	ldr	r0, [r4, #0]
1000489a:	f3c2 020e 	ubfx	r2, r2, #0, #15
1000489e:	fb02 0003 	mla	r0, r2, r3, r0
100048a2:	4631      	mov	r1, r6
100048a4:	f000 f9d0 	bl	10004c48 <memcpy>
100048a8:	1c6b      	adds	r3, r5, #1
100048aa:	b29b      	uxth	r3, r3
100048ac:	429d      	cmp	r5, r3
100048ae:	88a2      	ldrh	r2, [r4, #4]
100048b0:	d912      	bls.n	100048d8 <tu_fifo_write+0x94>
100048b2:	2300      	movs	r3, #0
100048b4:	0051      	lsls	r1, r2, #1
100048b6:	1a5b      	subs	r3, r3, r1
100048b8:	b29b      	uxth	r3, r3
100048ba:	2701      	movs	r7, #1
100048bc:	8123      	strh	r3, [r4, #8]
100048be:	e7dd      	b.n	1000487c <tu_fifo_write+0x38>
100048c0:	88e2      	ldrh	r2, [r4, #6]
100048c2:	6820      	ldr	r0, [r4, #0]
100048c4:	f3c2 020e 	ubfx	r2, r2, #0, #15
100048c8:	fb05 0002 	mla	r0, r5, r2, r0
100048cc:	4631      	mov	r1, r6
100048ce:	f000 f9bb 	bl	10004c48 <memcpy>
100048d2:	3501      	adds	r5, #1
100048d4:	88a2      	ldrh	r2, [r4, #4]
100048d6:	b2ab      	uxth	r3, r5
100048d8:	ebb3 0f42 	cmp.w	r3, r2, lsl #1
100048dc:	ea4f 0142 	mov.w	r1, r2, lsl #1
100048e0:	dbeb      	blt.n	100048ba <tu_fifo_write+0x76>
100048e2:	e7e8      	b.n	100048b6 <tu_fifo_write+0x72>

100048e4 <tu_fifo_write_n>:
100048e4:	e92d 4ff0 	stmdb	sp!, {r4, r5, r6, r7, r8, r9, sl, fp, lr}
100048e8:	4616      	mov	r6, r2
100048ea:	b083      	sub	sp, #12
100048ec:	2a00      	cmp	r2, #0
100048ee:	d04c      	beq.n	1000498a <tu_fifo_write_n+0xa6>
100048f0:	4605      	mov	r5, r0
100048f2:	68c0      	ldr	r0, [r0, #12]
100048f4:	4688      	mov	r8, r1
100048f6:	b118      	cbz	r0, 10004900 <tu_fifo_write_n+0x1c>
100048f8:	f04f 31ff 	mov.w	r1, #4294967295	@ 0xffffffff
100048fc:	f000 faa4 	bl	10004e48 <__mutex_enter_timeout_ms_veneer>
10004900:	79ea      	ldrb	r2, [r5, #7]
10004902:	892f      	ldrh	r7, [r5, #8]
10004904:	8969      	ldrh	r1, [r5, #10]
10004906:	09d2      	lsrs	r2, r2, #7
10004908:	88ab      	ldrh	r3, [r5, #4]
1000490a:	b2bf      	uxth	r7, r7
1000490c:	b289      	uxth	r1, r1
1000490e:	d140      	bne.n	10004992 <tu_fifo_write_n+0xae>
10004910:	428f      	cmp	r7, r1
10004912:	bf36      	itet	cc
10004914:	ebc1 0143 	rsbcc	r1, r1, r3, lsl #1
10004918:	1a79      	subcs	r1, r7, r1
1000491a:	19c9      	addcc	r1, r1, r7
1000491c:	b289      	uxth	r1, r1
1000491e:	4299      	cmp	r1, r3
10004920:	d241      	bcs.n	100049a6 <tu_fifo_write_n+0xc2>
10004922:	1a59      	subs	r1, r3, r1
10004924:	b289      	uxth	r1, r1
10004926:	428e      	cmp	r6, r1
10004928:	bf28      	it	cs
1000492a:	460e      	movcs	r6, r1
1000492c:	f8b5 a006 	ldrh.w	sl, [r5, #6]
10004930:	eb07 0906 	add.w	r9, r7, r6
10004934:	eba6 0b03 	sub.w	fp, r6, r3
10004938:	f3ca 0a0e 	ubfx	sl, sl, #0, #15
1000493c:	fa1f f989 	uxth.w	r9, r9
10004940:	fa1f fb8b 	uxth.w	fp, fp
10004944:	429f      	cmp	r7, r3
10004946:	463c      	mov	r4, r7
10004948:	d303      	bcc.n	10004952 <tu_fifo_write_n+0x6e>
1000494a:	1ae4      	subs	r4, r4, r3
1000494c:	b2a4      	uxth	r4, r4
1000494e:	429c      	cmp	r4, r3
10004950:	d2fb      	bcs.n	1000494a <tu_fifo_write_n+0x66>
10004952:	1b1b      	subs	r3, r3, r4
10004954:	6828      	ldr	r0, [r5, #0]
10004956:	b29b      	uxth	r3, r3
10004958:	42b3      	cmp	r3, r6
1000495a:	fb0a 0004 	mla	r0, sl, r4, r0
1000495e:	d34b      	bcc.n	100049f8 <tu_fifo_write_n+0x114>
10004960:	4641      	mov	r1, r8
10004962:	fb0a f206 	mul.w	r2, sl, r6
10004966:	f000 f96f 	bl	10004c48 <memcpy>
1000496a:	88aa      	ldrh	r2, [r5, #4]
1000496c:	454f      	cmp	r7, r9
1000496e:	ea4f 0342 	mov.w	r3, r2, lsl #1
10004972:	d802      	bhi.n	1000497a <tu_fifo_write_n+0x96>
10004974:	ebb9 0f42 	cmp.w	r9, r2, lsl #1
10004978:	db03      	blt.n	10004982 <tu_fifo_write_n+0x9e>
1000497a:	eba9 0303 	sub.w	r3, r9, r3
1000497e:	fa1f f983 	uxth.w	r9, r3
10004982:	68e8      	ldr	r0, [r5, #12]
10004984:	f8a5 9008 	strh.w	r9, [r5, #8]
10004988:	b988      	cbnz	r0, 100049ae <tu_fifo_write_n+0xca>
1000498a:	4630      	mov	r0, r6
1000498c:	b003      	add	sp, #12
1000498e:	e8bd 8ff0 	ldmia.w	sp!, {r4, r5, r6, r7, r8, r9, sl, fp, pc}
10004992:	f8b5 a006 	ldrh.w	sl, [r5, #6]
10004996:	429e      	cmp	r6, r3
10004998:	f3ca 0a0e 	ubfx	sl, sl, #0, #15
1000499c:	d30d      	bcc.n	100049ba <tu_fifo_write_n+0xd6>
1000499e:	2b00      	cmp	r3, #0
100049a0:	d13f      	bne.n	10004a22 <tu_fifo_write_n+0x13e>
100049a2:	461e      	mov	r6, r3
100049a4:	e000      	b.n	100049a8 <tu_fifo_write_n+0xc4>
100049a6:	2600      	movs	r6, #0
100049a8:	68e8      	ldr	r0, [r5, #12]
100049aa:	2800      	cmp	r0, #0
100049ac:	d0ed      	beq.n	1000498a <tu_fifo_write_n+0xa6>
100049ae:	f000 fa53 	bl	10004e58 <__mutex_exit_veneer>
100049b2:	4630      	mov	r0, r6
100049b4:	b003      	add	sp, #12
100049b6:	e8bd 8ff0 	ldmia.w	sp!, {r4, r5, r6, r7, r8, r9, sl, fp, pc}
100049ba:	428f      	cmp	r7, r1
100049bc:	bf36      	itet	cc
100049be:	ebc1 0243 	rsbcc	r2, r1, r3, lsl #1
100049c2:	1a7a      	subcs	r2, r7, r1
100049c4:	19d2      	addcc	r2, r2, r7
100049c6:	b292      	uxth	r2, r2
100049c8:	0058      	lsls	r0, r3, #1
100049ca:	4432      	add	r2, r6
100049cc:	eba6 0b03 	sub.w	fp, r6, r3
100049d0:	4282      	cmp	r2, r0
100049d2:	fa1f fb8b 	uxth.w	fp, fp
100049d6:	db0a      	blt.n	100049ee <tu_fifo_write_n+0x10a>
100049d8:	eb01 0903 	add.w	r9, r1, r3
100049dc:	fa1f f989 	uxth.w	r9, r9
100049e0:	eba9 0706 	sub.w	r7, r9, r6
100049e4:	b2bf      	uxth	r7, r7
100049e6:	42b9      	cmp	r1, r7
100049e8:	d918      	bls.n	10004a1c <tu_fifo_write_n+0x138>
100049ea:	1a38      	subs	r0, r7, r0
100049ec:	b287      	uxth	r7, r0
100049ee:	eb06 0907 	add.w	r9, r6, r7
100049f2:	fa1f f989 	uxth.w	r9, r9
100049f6:	e7a5      	b.n	10004944 <tu_fifo_write_n+0x60>
100049f8:	fb13 f30a 	smulbb	r3, r3, sl
100049fc:	445c      	add	r4, fp
100049fe:	fb14 f40a 	smulbb	r4, r4, sl
10004a02:	b29a      	uxth	r2, r3
10004a04:	4641      	mov	r1, r8
10004a06:	9201      	str	r2, [sp, #4]
10004a08:	f000 f91e 	bl	10004c48 <memcpy>
10004a0c:	9a01      	ldr	r2, [sp, #4]
10004a0e:	6828      	ldr	r0, [r5, #0]
10004a10:	eb08 0102 	add.w	r1, r8, r2
10004a14:	b2a2      	uxth	r2, r4
10004a16:	f000 f917 	bl	10004c48 <memcpy>
10004a1a:	e7a6      	b.n	1000496a <tu_fifo_write_n+0x86>
10004a1c:	42b8      	cmp	r0, r7
10004a1e:	dc91      	bgt.n	10004944 <tu_fifo_write_n+0x60>
10004a20:	e7e3      	b.n	100049ea <tu_fifo_write_n+0x106>
10004a22:	1af6      	subs	r6, r6, r3
10004a24:	eb01 0903 	add.w	r9, r1, r3
10004a28:	fb0a 8806 	mla	r8, sl, r6, r8
10004a2c:	460f      	mov	r7, r1
10004a2e:	461e      	mov	r6, r3
10004a30:	f04f 0b00 	mov.w	fp, #0
10004a34:	fa1f f989 	uxth.w	r9, r9
10004a38:	e784      	b.n	10004944 <tu_fifo_write_n+0x60>
10004a3a:	bf00      	nop

10004a3c <tu_fifo_clear>:
10004a3c:	b510      	push	{r4, lr}
10004a3e:	4604      	mov	r4, r0
10004a40:	68c0      	ldr	r0, [r0, #12]
10004a42:	b118      	cbz	r0, 10004a4c <tu_fifo_clear+0x10>
10004a44:	f04f 31ff 	mov.w	r1, #4294967295	@ 0xffffffff
10004a48:	f000 f9fe 	bl	10004e48 <__mutex_enter_timeout_ms_veneer>
10004a4c:	6920      	ldr	r0, [r4, #16]
10004a4e:	b118      	cbz	r0, 10004a58 <tu_fifo_clear+0x1c>
10004a50:	f04f 31ff 	mov.w	r1, #4294967295	@ 0xffffffff
10004a54:	f000 f9f8 	bl	10004e48 <__mutex_enter_timeout_ms_veneer>
10004a58:	2300      	movs	r3, #0
10004a5a:	68e0      	ldr	r0, [r4, #12]
10004a5c:	8163      	strh	r3, [r4, #10]
10004a5e:	8123      	strh	r3, [r4, #8]
10004a60:	b108      	cbz	r0, 10004a66 <tu_fifo_clear+0x2a>
10004a62:	f000 f9f9 	bl	10004e58 <__mutex_exit_veneer>
10004a66:	6920      	ldr	r0, [r4, #16]
10004a68:	b108      	cbz	r0, 10004a6e <tu_fifo_clear+0x32>
10004a6a:	f000 f9f5 	bl	10004e58 <__mutex_exit_veneer>
10004a6e:	2001      	movs	r0, #1
10004a70:	bd10      	pop	{r4, pc}
10004a72:	bf00      	nop

10004a74 <tu_fifo_set_overwritable>:
10004a74:	b538      	push	{r3, r4, r5, lr}
10004a76:	4604      	mov	r4, r0
10004a78:	68c0      	ldr	r0, [r0, #12]
10004a7a:	460d      	mov	r5, r1
10004a7c:	b118      	cbz	r0, 10004a86 <tu_fifo_set_overwritable+0x12>
10004a7e:	f04f 31ff 	mov.w	r1, #4294967295	@ 0xffffffff
10004a82:	f000 f9e1 	bl	10004e48 <__mutex_enter_timeout_ms_veneer>
10004a86:	6920      	ldr	r0, [r4, #16]
10004a88:	b118      	cbz	r0, 10004a92 <tu_fifo_set_overwritable+0x1e>
10004a8a:	f04f 31ff 	mov.w	r1, #4294967295	@ 0xffffffff
10004a8e:	f000 f9db 	bl	10004e48 <__mutex_enter_timeout_ms_veneer>
10004a92:	79e3      	ldrb	r3, [r4, #7]
10004a94:	68e0      	ldr	r0, [r4, #12]
10004a96:	f365 13c7 	bfi	r3, r5, #7, #1
10004a9a:	71e3      	strb	r3, [r4, #7]
10004a9c:	b108      	cbz	r0, 10004aa2 <tu_fifo_set_overwritable+0x2e>
10004a9e:	f000 f9db 	bl	10004e58 <__mutex_exit_veneer>
10004aa2:	6920      	ldr	r0, [r4, #16]
10004aa4:	b108      	cbz	r0, 10004aaa <tu_fifo_set_overwritable+0x36>
10004aa6:	f000 f9d7 	bl	10004e58 <__mutex_exit_veneer>
10004aaa:	2001      	movs	r0, #1
10004aac:	bd38      	pop	{r3, r4, r5, pc}
10004aae:	bf00      	nop

10004ab0 <spi_init>:
10004ab0:	e92d 4ff8 	stmdb	sp!, {r3, r4, r5, r6, r7, r8, r9, sl, fp, lr}
10004ab4:	4b37      	ldr	r3, [pc, #220]	@ (10004b94 <spi_init+0xe4>)
10004ab6:	4607      	mov	r7, r0
10004ab8:	4298      	cmp	r0, r3
10004aba:	bf14      	ite	ne
10004abc:	f44f 2300 	movne.w	r3, #524288	@ 0x80000
10004ac0:	f44f 2380 	moveq.w	r3, #262144	@ 0x40000
10004ac4:	460e      	mov	r6, r1
10004ac6:	4d34      	ldr	r5, [pc, #208]	@ (10004b98 <spi_init+0xe8>)
10004ac8:	4c34      	ldr	r4, [pc, #208]	@ (10004b9c <spi_init+0xec>)
10004aca:	4a35      	ldr	r2, [pc, #212]	@ (10004ba0 <spi_init+0xf0>)
10004acc:	602b      	str	r3, [r5, #0]
10004ace:	6023      	str	r3, [r4, #0]
10004ad0:	6894      	ldr	r4, [r2, #8]
10004ad2:	ea33 0404 	bics.w	r4, r3, r4
10004ad6:	d1fb      	bne.n	10004ad0 <spi_init+0x20>
10004ad8:	2006      	movs	r0, #6
10004ada:	f7fd f8e9 	bl	10001cb0 <clock_get_hz>
10004ade:	4639      	mov	r1, r7
10004ae0:	2302      	movs	r3, #2
10004ae2:	f851 2f04 	ldr.w	r2, [r1, #4]!
10004ae6:	ea4f 2e46 	mov.w	lr, r6, lsl #9
10004aea:	ea4f 5bd6 	mov.w	fp, r6, lsr #23
10004aee:	4570      	cmp	r0, lr
10004af0:	ea02 0803 	and.w	r8, r2, r3
10004af4:	f501 5940 	add.w	r9, r1, #12288	@ 0x3000
10004af8:	eb74 020b 	sbcs.w	r2, r4, fp
10004afc:	f8c9 3000 	str.w	r3, [r9]
10004b00:	d311      	bcc.n	10004b26 <spi_init+0x76>
10004b02:	ea4f 5c96 	mov.w	ip, r6, lsr #22
10004b06:	02b2      	lsls	r2, r6, #10
10004b08:	e001      	b.n	10004b0e <spi_init+0x5e>
10004b0a:	4652      	mov	r2, sl
10004b0c:	46ac      	mov	ip, r5
10004b0e:	3302      	adds	r3, #2
10004b10:	f5b3 7f80 	cmp.w	r3, #256	@ 0x100
10004b14:	d007      	beq.n	10004b26 <spi_init+0x76>
10004b16:	eb1e 0a02 	adds.w	sl, lr, r2
10004b1a:	eb4b 050c 	adc.w	r5, fp, ip
10004b1e:	4290      	cmp	r0, r2
10004b20:	eb74 0c0c 	sbcs.w	ip, r4, ip
10004b24:	d2f1      	bcs.n	10004b0a <spi_init+0x5a>
10004b26:	f44f 7280 	mov.w	r2, #256	@ 0x100
10004b2a:	ebc3 2403 	rsb	r4, r3, r3, lsl #8
10004b2e:	4694      	mov	ip, r2
10004b30:	3a01      	subs	r2, #1
10004b32:	d02d      	beq.n	10004b90 <spi_init+0xe0>
10004b34:	fbb0 f5f4 	udiv	r5, r0, r4
10004b38:	42ae      	cmp	r6, r5
10004b3a:	eba4 0403 	sub.w	r4, r4, r3
10004b3e:	d2f6      	bcs.n	10004b2e <spi_init+0x7e>
10004b40:	fb0c fc03 	mul.w	ip, ip, r3
10004b44:	0212      	lsls	r2, r2, #8
10004b46:	2402      	movs	r4, #2
10004b48:	613b      	str	r3, [r7, #16]
10004b4a:	463b      	mov	r3, r7
10004b4c:	2503      	movs	r5, #3
10004b4e:	683e      	ldr	r6, [r7, #0]
10004b50:	f501 5100 	add.w	r1, r1, #8192	@ 0x2000
10004b54:	4072      	eors	r2, r6
10004b56:	fbb0 f0fc 	udiv	r0, r0, ip
10004b5a:	f402 427f 	and.w	r2, r2, #65280	@ 0xff00
10004b5e:	f507 5c80 	add.w	ip, r7, #4096	@ 0x1000
10004b62:	f8cc 2000 	str.w	r2, [ip]
10004b66:	f8c1 8000 	str.w	r8, [r1]
10004b6a:	687e      	ldr	r6, [r7, #4]
10004b6c:	f8c9 4000 	str.w	r4, [r9]
10004b70:	f853 2b24 	ldr.w	r2, [r3], #36
10004b74:	4026      	ands	r6, r4
10004b76:	f082 0207 	eor.w	r2, r2, #7
10004b7a:	f002 02cf 	and.w	r2, r2, #207	@ 0xcf
10004b7e:	f503 5300 	add.w	r3, r3, #8192	@ 0x2000
10004b82:	f8cc 2000 	str.w	r2, [ip]
10004b86:	600e      	str	r6, [r1, #0]
10004b88:	601d      	str	r5, [r3, #0]
10004b8a:	600c      	str	r4, [r1, #0]
10004b8c:	e8bd 8ff8 	ldmia.w	sp!, {r3, r4, r5, r6, r7, r8, r9, sl, fp, pc}
10004b90:	469c      	mov	ip, r3
10004b92:	e7d8      	b.n	10004b46 <spi_init+0x96>
10004b94:	40080000 	.word	0x40080000
10004b98:	40022000 	.word	0x40022000
10004b9c:	40023000 	.word	0x40023000
10004ba0:	40020000 	.word	0x40020000

10004ba4 <memset>:
10004ba4:	b570      	push	{r4, r5, r6, lr}
10004ba6:	0786      	lsls	r6, r0, #30
10004ba8:	d047      	beq.n	10004c3a <memset+0x96>
10004baa:	1e54      	subs	r4, r2, #1
10004bac:	2a00      	cmp	r2, #0
10004bae:	d03e      	beq.n	10004c2e <memset+0x8a>
10004bb0:	b2ca      	uxtb	r2, r1
10004bb2:	4603      	mov	r3, r0
10004bb4:	e001      	b.n	10004bba <memset+0x16>
10004bb6:	3c01      	subs	r4, #1
10004bb8:	d339      	bcc.n	10004c2e <memset+0x8a>
10004bba:	f803 2b01 	strb.w	r2, [r3], #1
10004bbe:	079d      	lsls	r5, r3, #30
10004bc0:	d1f9      	bne.n	10004bb6 <memset+0x12>
10004bc2:	2c03      	cmp	r4, #3
10004bc4:	d92c      	bls.n	10004c20 <memset+0x7c>
10004bc6:	b2cd      	uxtb	r5, r1
10004bc8:	2c0f      	cmp	r4, #15
10004bca:	eb05 2505 	add.w	r5, r5, r5, lsl #8
10004bce:	eb05 4505 	add.w	r5, r5, r5, lsl #16
10004bd2:	d935      	bls.n	10004c40 <memset+0x9c>
10004bd4:	f1a4 0c10 	sub.w	ip, r4, #16
10004bd8:	f103 0e10 	add.w	lr, r3, #16
10004bdc:	461a      	mov	r2, r3
10004bde:	f02c 060f 	bic.w	r6, ip, #15
10004be2:	ea4f 1c1c 	mov.w	ip, ip, lsr #4
10004be6:	44b6      	add	lr, r6
10004be8:	e9c2 5500 	strd	r5, r5, [r2]
10004bec:	e9c2 5502 	strd	r5, r5, [r2, #8]
10004bf0:	3210      	adds	r2, #16
10004bf2:	4572      	cmp	r2, lr
10004bf4:	d1f8      	bne.n	10004be8 <memset+0x44>
10004bf6:	f10c 0201 	add.w	r2, ip, #1
10004bfa:	f014 0f0c 	tst.w	r4, #12
10004bfe:	f004 0c0f 	and.w	ip, r4, #15
10004c02:	eb03 1202 	add.w	r2, r3, r2, lsl #4
10004c06:	d013      	beq.n	10004c30 <memset+0x8c>
10004c08:	f1ac 0304 	sub.w	r3, ip, #4
10004c0c:	f023 0303 	bic.w	r3, r3, #3
10004c10:	3304      	adds	r3, #4
10004c12:	4413      	add	r3, r2
10004c14:	f842 5b04 	str.w	r5, [r2], #4
10004c18:	4293      	cmp	r3, r2
10004c1a:	d1fb      	bne.n	10004c14 <memset+0x70>
10004c1c:	f00c 0403 	and.w	r4, ip, #3
10004c20:	b12c      	cbz	r4, 10004c2e <memset+0x8a>
10004c22:	b2c9      	uxtb	r1, r1
10004c24:	441c      	add	r4, r3
10004c26:	f803 1b01 	strb.w	r1, [r3], #1
10004c2a:	42a3      	cmp	r3, r4
10004c2c:	d1fb      	bne.n	10004c26 <memset+0x82>
10004c2e:	bd70      	pop	{r4, r5, r6, pc}
10004c30:	4664      	mov	r4, ip
10004c32:	4613      	mov	r3, r2
10004c34:	2c00      	cmp	r4, #0
10004c36:	d1f4      	bne.n	10004c22 <memset+0x7e>
10004c38:	e7f9      	b.n	10004c2e <memset+0x8a>
10004c3a:	4603      	mov	r3, r0
10004c3c:	4614      	mov	r4, r2
10004c3e:	e7c0      	b.n	10004bc2 <memset+0x1e>
10004c40:	461a      	mov	r2, r3
10004c42:	46a4      	mov	ip, r4
10004c44:	e7e0      	b.n	10004c08 <memset+0x64>
10004c46:	bf00      	nop

10004c48 <memcpy>:
10004c48:	4684      	mov	ip, r0
10004c4a:	ea41 0300 	orr.w	r3, r1, r0
10004c4e:	f013 0303 	ands.w	r3, r3, #3
10004c52:	d149      	bne.n	10004ce8 <memcpy+0xa0>
10004c54:	3a40      	subs	r2, #64	@ 0x40
10004c56:	d323      	bcc.n	10004ca0 <memcpy+0x58>
10004c58:	680b      	ldr	r3, [r1, #0]
10004c5a:	6003      	str	r3, [r0, #0]
10004c5c:	684b      	ldr	r3, [r1, #4]
10004c5e:	6043      	str	r3, [r0, #4]
10004c60:	688b      	ldr	r3, [r1, #8]
10004c62:	6083      	str	r3, [r0, #8]
10004c64:	68cb      	ldr	r3, [r1, #12]
10004c66:	60c3      	str	r3, [r0, #12]
10004c68:	690b      	ldr	r3, [r1, #16]
10004c6a:	6103      	str	r3, [r0, #16]
10004c6c:	694b      	ldr	r3, [r1, #20]
10004c6e:	6143      	str	r3, [r0, #20]
10004c70:	698b      	ldr	r3, [r1, #24]
10004c72:	6183      	str	r3, [r0, #24]
10004c74:	69cb      	ldr	r3, [r1, #28]
10004c76:	61c3      	str	r3, [r0, #28]
10004c78:	6a0b      	ldr	r3, [r1, #32]
10004c7a:	6203      	str	r3, [r0, #32]
10004c7c:	6a4b      	ldr	r3, [r1, #36]	@ 0x24
10004c7e:	6243      	str	r3, [r0, #36]	@ 0x24
10004c80:	6a8b      	ldr	r3, [r1, #40]	@ 0x28
10004c82:	6283      	str	r3, [r0, #40]	@ 0x28
10004c84:	6acb      	ldr	r3, [r1, #44]	@ 0x2c
10004c86:	62c3      	str	r3, [r0, #44]	@ 0x2c
10004c88:	6b0b      	ldr	r3, [r1, #48]	@ 0x30
10004c8a:	6303      	str	r3, [r0, #48]	@ 0x30
10004c8c:	6b4b      	ldr	r3, [r1, #52]	@ 0x34
10004c8e:	6343      	str	r3, [r0, #52]	@ 0x34
10004c90:	6b8b      	ldr	r3, [r1, #56]	@ 0x38
10004c92:	6383      	str	r3, [r0, #56]	@ 0x38
10004c94:	6bcb      	ldr	r3, [r1, #60]	@ 0x3c
10004c96:	63c3      	str	r3, [r0, #60]	@ 0x3c
10004c98:	3040      	adds	r0, #64	@ 0x40
10004c9a:	3140      	adds	r1, #64	@ 0x40
10004c9c:	3a40      	subs	r2, #64	@ 0x40
10004c9e:	d2db      	bcs.n	10004c58 <memcpy+0x10>
10004ca0:	3230      	adds	r2, #48	@ 0x30
10004ca2:	d30b      	bcc.n	10004cbc <memcpy+0x74>
10004ca4:	680b      	ldr	r3, [r1, #0]
10004ca6:	6003      	str	r3, [r0, #0]
10004ca8:	684b      	ldr	r3, [r1, #4]
10004caa:	6043      	str	r3, [r0, #4]
10004cac:	688b      	ldr	r3, [r1, #8]
10004cae:	6083      	str	r3, [r0, #8]
10004cb0:	68cb      	ldr	r3, [r1, #12]
10004cb2:	60c3      	str	r3, [r0, #12]
10004cb4:	3010      	adds	r0, #16
10004cb6:	3110      	adds	r1, #16
10004cb8:	3a10      	subs	r2, #16
10004cba:	d2f3      	bcs.n	10004ca4 <memcpy+0x5c>
10004cbc:	320c      	adds	r2, #12
10004cbe:	d305      	bcc.n	10004ccc <memcpy+0x84>
10004cc0:	f851 3b04 	ldr.w	r3, [r1], #4
10004cc4:	f840 3b04 	str.w	r3, [r0], #4
10004cc8:	3a04      	subs	r2, #4
10004cca:	d2f9      	bcs.n	10004cc0 <memcpy+0x78>
10004ccc:	3204      	adds	r2, #4
10004cce:	d008      	beq.n	10004ce2 <memcpy+0x9a>
10004cd0:	07d2      	lsls	r2, r2, #31
10004cd2:	bf1c      	itt	ne
10004cd4:	f811 3b01 	ldrbne.w	r3, [r1], #1
10004cd8:	f800 3b01 	strbne.w	r3, [r0], #1
10004cdc:	d301      	bcc.n	10004ce2 <memcpy+0x9a>
10004cde:	880b      	ldrh	r3, [r1, #0]
10004ce0:	8003      	strh	r3, [r0, #0]
10004ce2:	4660      	mov	r0, ip
10004ce4:	4770      	bx	lr
10004ce6:	bf00      	nop
10004ce8:	2a08      	cmp	r2, #8
10004cea:	d313      	bcc.n	10004d14 <memcpy+0xcc>
10004cec:	078b      	lsls	r3, r1, #30
10004cee:	d0b1      	beq.n	10004c54 <memcpy+0xc>
10004cf0:	f010 0303 	ands.w	r3, r0, #3
10004cf4:	d0ae      	beq.n	10004c54 <memcpy+0xc>
10004cf6:	f1c3 0304 	rsb	r3, r3, #4
10004cfa:	1ad2      	subs	r2, r2, r3
10004cfc:	07db      	lsls	r3, r3, #31
10004cfe:	bf1c      	itt	ne
10004d00:	f811 3b01 	ldrbne.w	r3, [r1], #1
10004d04:	f800 3b01 	strbne.w	r3, [r0], #1
10004d08:	d3a4      	bcc.n	10004c54 <memcpy+0xc>
10004d0a:	f831 3b02 	ldrh.w	r3, [r1], #2
10004d0e:	f820 3b02 	strh.w	r3, [r0], #2
10004d12:	e79f      	b.n	10004c54 <memcpy+0xc>
10004d14:	3a04      	subs	r2, #4
10004d16:	d3d9      	bcc.n	10004ccc <memcpy+0x84>
10004d18:	3a01      	subs	r2, #1
10004d1a:	f811 3b01 	ldrb.w	r3, [r1], #1
10004d1e:	f800 3b01 	strb.w	r3, [r0], #1
10004d22:	d2f9      	bcs.n	10004d18 <memcpy+0xd0>
10004d24:	780b      	ldrb	r3, [r1, #0]
10004d26:	7003      	strb	r3, [r0, #0]
10004d28:	784b      	ldrb	r3, [r1, #1]
10004d2a:	7043      	strb	r3, [r0, #1]
10004d2c:	788b      	ldrb	r3, [r1, #2]
10004d2e:	7083      	strb	r3, [r0, #2]
10004d30:	4660      	mov	r0, ip
10004d32:	4770      	bx	lr

10004d34 <atexit>:
10004d34:	2300      	movs	r3, #0
10004d36:	4601      	mov	r1, r0
10004d38:	461a      	mov	r2, r3
10004d3a:	4618      	mov	r0, r3
10004d3c:	f000 b842 	b.w	10004dc4 <__register_exitproc>

10004d40 <strlen>:
10004d40:	f020 0103 	bic.w	r1, r0, #3
10004d44:	f010 0003 	ands.w	r0, r0, #3
10004d48:	f1c0 0000 	rsb	r0, r0, #0
10004d4c:	f851 3b04 	ldr.w	r3, [r1], #4
10004d50:	f100 0c04 	add.w	ip, r0, #4
10004d54:	ea4f 0ccc 	mov.w	ip, ip, lsl #3
10004d58:	f06f 0200 	mvn.w	r2, #0
10004d5c:	bf1c      	itt	ne
10004d5e:	fa22 f20c 	lsrne.w	r2, r2, ip
10004d62:	4313      	orrne	r3, r2
10004d64:	f04f 0c01 	mov.w	ip, #1
10004d68:	ea4c 2c0c 	orr.w	ip, ip, ip, lsl #8
10004d6c:	ea4c 4c0c 	orr.w	ip, ip, ip, lsl #16
10004d70:	eba3 020c 	sub.w	r2, r3, ip
10004d74:	ea22 0203 	bic.w	r2, r2, r3
10004d78:	ea12 12cc 	ands.w	r2, r2, ip, lsl #7
10004d7c:	bf04      	itt	eq
10004d7e:	f851 3b04 	ldreq.w	r3, [r1], #4
10004d82:	3004      	addeq	r0, #4
10004d84:	d0f4      	beq.n	10004d70 <strlen+0x30>
10004d86:	f1c2 0100 	rsb	r1, r2, #0
10004d8a:	ea02 0201 	and.w	r2, r2, r1
10004d8e:	fab2 f282 	clz	r2, r2
10004d92:	f1c2 021f 	rsb	r2, r2, #31
10004d96:	eb00 00d2 	add.w	r0, r0, r2, lsr #3
10004d9a:	4770      	bx	lr

10004d9c <__libc_fini_array>:
10004d9c:	b538      	push	{r3, r4, r5, lr}
10004d9e:	4d07      	ldr	r5, [pc, #28]	@ (10004dbc <__libc_fini_array+0x20>)
10004da0:	4c07      	ldr	r4, [pc, #28]	@ (10004dc0 <__libc_fini_array+0x24>)
10004da2:	1b2c      	subs	r4, r5, r4
10004da4:	10a4      	asrs	r4, r4, #2
10004da6:	d005      	beq.n	10004db4 <__libc_fini_array+0x18>
10004da8:	3c01      	subs	r4, #1
10004daa:	f855 3d04 	ldr.w	r3, [r5, #-4]!
10004dae:	4798      	blx	r3
10004db0:	2c00      	cmp	r4, #0
10004db2:	d1f9      	bne.n	10004da8 <__libc_fini_array+0xc>
10004db4:	e8bd 4038 	ldmia.w	sp!, {r3, r4, r5, lr}
10004db8:	f000 b840 	b.w	10004e3c <_fini>
10004dbc:	10004ee4 	.word	0x10004ee4
10004dc0:	10004ee4 	.word	0x10004ee4

10004dc4 <__register_exitproc>:
10004dc4:	b470      	push	{r4, r5, r6}
10004dc6:	4d16      	ldr	r5, [pc, #88]	@ (10004e20 <__register_exitproc+0x5c>)
10004dc8:	682c      	ldr	r4, [r5, #0]
10004dca:	b31c      	cbz	r4, 10004e14 <__register_exitproc+0x50>
10004dcc:	6865      	ldr	r5, [r4, #4]
10004dce:	2d1f      	cmp	r5, #31
10004dd0:	dc23      	bgt.n	10004e1a <__register_exitproc+0x56>
10004dd2:	b938      	cbnz	r0, 10004de4 <__register_exitproc+0x20>
10004dd4:	1c6b      	adds	r3, r5, #1
10004dd6:	2000      	movs	r0, #0
10004dd8:	3502      	adds	r5, #2
10004dda:	6063      	str	r3, [r4, #4]
10004ddc:	f844 1025 	str.w	r1, [r4, r5, lsl #2]
10004de0:	bc70      	pop	{r4, r5, r6}
10004de2:	4770      	bx	lr
10004de4:	eb04 0c85 	add.w	ip, r4, r5, lsl #2
10004de8:	2802      	cmp	r0, #2
10004dea:	f8cc 2088 	str.w	r2, [ip, #136]	@ 0x88
10004dee:	f04f 0201 	mov.w	r2, #1
10004df2:	f8d4 6188 	ldr.w	r6, [r4, #392]	@ 0x188
10004df6:	fa02 f205 	lsl.w	r2, r2, r5
10004dfa:	ea46 0602 	orr.w	r6, r6, r2
10004dfe:	f8c4 6188 	str.w	r6, [r4, #392]	@ 0x188
10004e02:	f8cc 3108 	str.w	r3, [ip, #264]	@ 0x108
10004e06:	d1e5      	bne.n	10004dd4 <__register_exitproc+0x10>
10004e08:	f8d4 318c 	ldr.w	r3, [r4, #396]	@ 0x18c
10004e0c:	4313      	orrs	r3, r2
10004e0e:	f8c4 318c 	str.w	r3, [r4, #396]	@ 0x18c
10004e12:	e7df      	b.n	10004dd4 <__register_exitproc+0x10>
10004e14:	4c03      	ldr	r4, [pc, #12]	@ (10004e24 <__register_exitproc+0x60>)
10004e16:	602c      	str	r4, [r5, #0]
10004e18:	e7d8      	b.n	10004dcc <__register_exitproc+0x8>
10004e1a:	f04f 30ff 	mov.w	r0, #4294967295	@ 0xffffffff
10004e1e:	e7df      	b.n	10004de0 <__register_exitproc+0x1c>
10004e20:	2000139c 	.word	0x2000139c
10004e24:	2000120c 	.word	0x2000120c

10004e28 <register_fini>:
10004e28:	4b02      	ldr	r3, [pc, #8]	@ (10004e34 <register_fini+0xc>)
10004e2a:	b113      	cbz	r3, 10004e32 <register_fini+0xa>
10004e2c:	4802      	ldr	r0, [pc, #8]	@ (10004e38 <register_fini+0x10>)
10004e2e:	f7ff bf81 	b.w	10004d34 <atexit>
10004e32:	4770      	bx	lr
10004e34:	00000000 	.word	0x00000000
10004e38:	10004d9d 	.word	0x10004d9d

10004e3c <_fini>:
10004e3c:	b5f8      	push	{r3, r4, r5, r6, r7, lr}
10004e3e:	bf00      	nop

10004e40 <__e15_is_critical_frame_period_veneer>:
10004e40:	f85f f000 	ldr.w	pc, [pc]	@ 10004e44 <__e15_is_critical_frame_period_veneer+0x4>
10004e44:	20000a95 	.word	0x20000a95

10004e48 <__mutex_enter_timeout_ms_veneer>:
10004e48:	f85f f000 	ldr.w	pc, [pc]	@ 10004e4c <__mutex_enter_timeout_ms_veneer+0x4>
10004e4c:	2000023d 	.word	0x2000023d

10004e50 <__hw_endpoint_start_next_buffer_veneer>:
10004e50:	f85f f000 	ldr.w	pc, [pc]	@ 10004e54 <__hw_endpoint_start_next_buffer_veneer+0x4>
10004e54:	20000b0d 	.word	0x20000b0d

10004e58 <__mutex_exit_veneer>:
10004e58:	f85f f000 	ldr.w	pc, [pc]	@ 10004e5c <__mutex_exit_veneer+0x4>
10004e5c:	20000275 	.word	0x20000275

10004e60 <__reset_non_control_endpoints_veneer>:
10004e60:	f85f f000 	ldr.w	pc, [pc]	@ 10004e64 <__reset_non_control_endpoints_veneer+0x4>
10004e64:	200002b1 	.word	0x200002b1

10004e68 <__e15_is_bulkin_ep_veneer>:
10004e68:	f85f f000 	ldr.w	pc, [pc]	@ 10004e6c <__e15_is_bulkin_ep_veneer+0x4>
10004e6c:	20000a6d 	.word	0x20000a6d

10004e70 <___hw_endpoint_buffer_control_update32_veneer>:
10004e70:	f85f f000 	ldr.w	pc, [pc]	@ 10004e74 <___hw_endpoint_buffer_control_update32_veneer+0x4>
10004e74:	20000ac9 	.word	0x20000ac9

10004e78 <__mutex_try_enter_block_until_veneer>:
10004e78:	f85f f000 	ldr.w	pc, [pc]	@ 10004e7c <__mutex_try_enter_block_until_veneer+0x4>
10004e7c:	200001d1 	.word	0x200001d1

10004e80 <__spi_read_blocking_veneer>:
10004e80:	f85f f000 	ldr.w	pc, [pc]	@ 10004e84 <__spi_read_blocking_veneer+0x4>
10004e84:	20000e61 	.word	0x20000e61

10004e88 <__mutex_try_enter_veneer>:
10004e88:	f85f f000 	ldr.w	pc, [pc]	@ 10004e8c <__mutex_try_enter_veneer+0x4>
10004e8c:	20000111 	.word	0x20000111

10004e90 <__spi_write_blocking_veneer>:
10004e90:	f85f f000 	ldr.w	pc, [pc]	@ 10004e94 <__spi_write_blocking_veneer+0x4>
10004e94:	20000dd1 	.word	0x20000dd1

10004e98 <__pre_init_runtime_init_bootrom_reset>:
10004e98:	10001f7d                                }...

10004e9c <__pre_init_runtime_init_early_resets>:
10004e9c:	10001ef1                                ....

10004ea0 <__pre_init_runtime_init_usb_power_down>:
10004ea0:	10001f25                                %...

10004ea4 <__pre_init_runtime_init_clocks>:
10004ea4:	10001fc9                                ....

10004ea8 <__pre_init_runtime_init_post_clock_resets>:
10004ea8:	10001f5d                                ]...

10004eac <__pre_init_runtime_init_boot_locks_reset>:
10004eac:	10001e75                                u...

10004eb0 <__pre_init_runtime_init_spin_locks_reset>:
10004eb0:	10001fa5                                ....

10004eb4 <__pre_init_runtime_init_bootrom_locking_enable>:
10004eb4:	10001e61                                a...

10004eb8 <__pre_init_runtime_init_mutex>:
10004eb8:	100012e1                                ....

10004ebc <__pre_init_runtime_init_install_ram_vector_table>:
10004ebc:	10001fa9                                ....

10004ec0 <__pre_init_runtime_init_default_alarm_pool>:
10004ec0:	100016a1                                ....

10004ec4 <__pre_init_first_per_core_initializer>:
10004ec4:	10001ec1                                ....

10004ec8 <__pre_init_runtime_init_per_core_bootrom_reset>:
10004ec8:	10001f91                                ....

10004ecc <__pre_init_runtime_init_per_core_enable_coprocessors>:
10004ecc:	10001f41                                A...

10004ed0 <__pre_init_spinlock_set_extexclall>:
10004ed0:	10000ebd                                ....

10004ed4 <__pre_init_runtime_init_per_core_irq_priorities>:
10004ed4:	10000ee5                                ....

10004ed8 <__init_array_start>:
10004ed8:	10004e29 	.word	0x10004e29

10004edc <__frame_dummy_init_array_entry>:
10004edc:	1000025d 10002929                       ]...))..

Disassembly of section .data:

20000110 <mutex_try_enter>:
20000110:	4603      	mov	r3, r0
20000112:	b500      	push	{lr}
20000114:	6802      	ldr	r2, [r0, #0]
20000116:	f3ef 8c10 	mrs	ip, PRIMASK
2000011a:	b672      	cpsid	i
2000011c:	e8d2 efcf 	ldaexb	lr, [r2]
20000120:	2001      	movs	r0, #1
20000122:	f1be 0f00 	cmp.w	lr, #0
20000126:	d1f9      	bne.n	2000011c <mutex_try_enter+0xc>
20000128:	e8c2 0f4e 	strexb	lr, r0, [r2]
2000012c:	f1be 0f00 	cmp.w	lr, #0
20000130:	d1f4      	bne.n	2000011c <mutex_try_enter+0xc>
20000132:	f3bf 8f5f 	dmb	sy
20000136:	f993 2004 	ldrsb.w	r2, [r3, #4]
2000013a:	2a00      	cmp	r2, #0
2000013c:	db0a      	blt.n	20000154 <mutex_try_enter+0x44>
2000013e:	b101      	cbz	r1, 20000142 <mutex_try_enter+0x32>
20000140:	600a      	str	r2, [r1, #0]
20000142:	2000      	movs	r0, #0
20000144:	2200      	movs	r2, #0
20000146:	681b      	ldr	r3, [r3, #0]
20000148:	e8c3 2f8f 	stlb	r2, [r3]
2000014c:	f38c 8810 	msr	PRIMASK, ip
20000150:	f85d fb04 	ldr.w	pc, [sp], #4
20000154:	f04f 4250 	mov.w	r2, #3489660928	@ 0xd0000000
20000158:	6812      	ldr	r2, [r2, #0]
2000015a:	2001      	movs	r0, #1
2000015c:	711a      	strb	r2, [r3, #4]
2000015e:	e7f1      	b.n	20000144 <mutex_try_enter+0x34>

20000160 <mutex_enter_block_until>:
20000160:	f04f 4150 	mov.w	r1, #3489660928	@ 0xd0000000
20000164:	e92d 41f0 	stmdb	sp!, {r4, r5, r6, r7, r8, lr}
20000168:	2700      	movs	r7, #0
2000016a:	4604      	mov	r4, r0
2000016c:	4616      	mov	r6, r2
2000016e:	461d      	mov	r5, r3
20000170:	f8d1 8000 	ldr.w	r8, [r1]
20000174:	e009      	b.n	2000018a <mutex_enter_block_until+0x2a>
20000176:	6823      	ldr	r3, [r4, #0]
20000178:	e8c3 7f8f 	stlb	r7, [r3]
2000017c:	f38c 8810 	msr	PRIMASK, ip
20000180:	4630      	mov	r0, r6
20000182:	4629      	mov	r1, r5
20000184:	f000 feac 	bl	20000ee0 <__best_effort_wfe_or_timeout_veneer>
20000188:	b9f0      	cbnz	r0, 200001c8 <mutex_enter_block_until+0x68>
2000018a:	6821      	ldr	r1, [r4, #0]
2000018c:	f3ef 8c10 	mrs	ip, PRIMASK
20000190:	b672      	cpsid	i
20000192:	e8d1 2fcf 	ldaexb	r2, [r1]
20000196:	2301      	movs	r3, #1
20000198:	2a00      	cmp	r2, #0
2000019a:	d1fa      	bne.n	20000192 <mutex_enter_block_until+0x32>
2000019c:	e8c1 3f42 	strexb	r2, r3, [r1]
200001a0:	2a00      	cmp	r2, #0
200001a2:	d1f6      	bne.n	20000192 <mutex_enter_block_until+0x32>
200001a4:	f3bf 8f5f 	dmb	sy
200001a8:	f994 e004 	ldrsb.w	lr, [r4, #4]
200001ac:	f1be 0f00 	cmp.w	lr, #0
200001b0:	dae1      	bge.n	20000176 <mutex_enter_block_until+0x16>
200001b2:	2300      	movs	r3, #0
200001b4:	6822      	ldr	r2, [r4, #0]
200001b6:	f884 8004 	strb.w	r8, [r4, #4]
200001ba:	e8c2 3f8f 	stlb	r3, [r2]
200001be:	f38c 8810 	msr	PRIMASK, ip
200001c2:	2001      	movs	r0, #1
200001c4:	e8bd 81f0 	ldmia.w	sp!, {r4, r5, r6, r7, r8, pc}
200001c8:	2000      	movs	r0, #0
200001ca:	e8bd 81f0 	ldmia.w	sp!, {r4, r5, r6, r7, r8, pc}
200001ce:	bf00      	nop

200001d0 <mutex_try_enter_block_until>:
200001d0:	b530      	push	{r4, r5, lr}
200001d2:	4601      	mov	r1, r0
200001d4:	6804      	ldr	r4, [r0, #0]
200001d6:	f3ef 8c10 	mrs	ip, PRIMASK
200001da:	b672      	cpsid	i
200001dc:	e8d4 efcf 	ldaexb	lr, [r4]
200001e0:	2501      	movs	r5, #1
200001e2:	f1be 0f00 	cmp.w	lr, #0
200001e6:	d1f9      	bne.n	200001dc <mutex_try_enter_block_until+0xc>
200001e8:	e8c4 5f4e 	strexb	lr, r5, [r4]
200001ec:	f1be 0f00 	cmp.w	lr, #0
200001f0:	d1f4      	bne.n	200001dc <mutex_try_enter_block_until+0xc>
200001f2:	f3bf 8f5f 	dmb	sy
200001f6:	f990 4004 	ldrsb.w	r4, [r0, #4]
200001fa:	2c00      	cmp	r4, #0
200001fc:	db11      	blt.n	20000222 <mutex_try_enter_block_until+0x52>
200001fe:	2100      	movs	r1, #0
20000200:	6805      	ldr	r5, [r0, #0]
20000202:	e8c5 1f8f 	stlb	r1, [r5]
20000206:	f38c 8810 	msr	PRIMASK, ip
2000020a:	f04f 4c50 	mov.w	ip, #3489660928	@ 0xd0000000
2000020e:	f99c c000 	ldrsb.w	ip, [ip]
20000212:	45a4      	cmp	ip, r4
20000214:	d101      	bne.n	2000021a <mutex_try_enter_block_until+0x4a>
20000216:	4608      	mov	r0, r1
20000218:	bd30      	pop	{r4, r5, pc}
2000021a:	e8bd 4030 	ldmia.w	sp!, {r4, r5, lr}
2000021e:	f7ff bf9f 	b.w	20000160 <mutex_enter_block_until>
20000222:	f04f 4050 	mov.w	r0, #3489660928	@ 0xd0000000
20000226:	6800      	ldr	r0, [r0, #0]
20000228:	2300      	movs	r3, #0
2000022a:	680a      	ldr	r2, [r1, #0]
2000022c:	7108      	strb	r0, [r1, #4]
2000022e:	e8c2 3f8f 	stlb	r3, [r2]
20000232:	f38c 8810 	msr	PRIMASK, ip
20000236:	2001      	movs	r0, #1
20000238:	bd30      	pop	{r4, r5, pc}
2000023a:	bf00      	nop

2000023c <mutex_enter_timeout_ms>:
2000023c:	b570      	push	{r4, r5, r6, lr}
2000023e:	4605      	mov	r5, r0
20000240:	460c      	mov	r4, r1
20000242:	f000 fe51 	bl	20000ee8 <__time_us_64_veneer>
20000246:	4602      	mov	r2, r0
20000248:	460b      	mov	r3, r1
2000024a:	f44f 707a 	mov.w	r0, #1000	@ 0x3e8
2000024e:	f04f 3eff 	mov.w	lr, #4294967295	@ 0xffffffff
20000252:	f06f 4c00 	mvn.w	ip, #2147483648	@ 0x80000000
20000256:	fbe4 2300 	umlal	r2, r3, r4, r0
2000025a:	4596      	cmp	lr, r2
2000025c:	eb7c 0103 	sbcs.w	r1, ip, r3
20000260:	bf38      	it	cc
20000262:	4672      	movcc	r2, lr
20000264:	4628      	mov	r0, r5
20000266:	e8bd 4070 	ldmia.w	sp!, {r4, r5, r6, lr}
2000026a:	bf38      	it	cc
2000026c:	4663      	movcc	r3, ip
2000026e:	f7ff bf77 	b.w	20000160 <mutex_enter_block_until>
20000272:	bf00      	nop

20000274 <mutex_exit>:
20000274:	6803      	ldr	r3, [r0, #0]
20000276:	f3ef 8210 	mrs	r2, PRIMASK
2000027a:	b672      	cpsid	i
2000027c:	e8d3 cfcf 	ldaexb	ip, [r3]
20000280:	2101      	movs	r1, #1
20000282:	f1bc 0f00 	cmp.w	ip, #0
20000286:	d1f9      	bne.n	2000027c <mutex_exit+0x8>
20000288:	e8c3 1f4c 	strexb	ip, r1, [r3]
2000028c:	f1bc 0f00 	cmp.w	ip, #0
20000290:	d1f4      	bne.n	2000027c <mutex_exit+0x8>
20000292:	f3bf 8f5f 	dmb	sy
20000296:	f04f 0cff 	mov.w	ip, #255	@ 0xff
2000029a:	2300      	movs	r3, #0
2000029c:	6801      	ldr	r1, [r0, #0]
2000029e:	f880 c004 	strb.w	ip, [r0, #4]
200002a2:	e8c1 3f8f 	stlb	r3, [r1]
200002a6:	f382 8810 	msr	PRIMASK, r2
200002aa:	bf40      	sev
200002ac:	4770      	bx	lr
200002ae:	bf00      	nop

200002b0 <reset_non_control_endpoints>:
200002b0:	2100      	movs	r1, #0
200002b2:	b508      	push	{r3, lr}
200002b4:	4b13      	ldr	r3, [pc, #76]	@ (20000304 <reset_non_control_endpoints+0x54>)
200002b6:	f44f 7270 	mov.w	r2, #960	@ 0x3c0
200002ba:	6099      	str	r1, [r3, #8]
200002bc:	4812      	ldr	r0, [pc, #72]	@ (20000308 <reset_non_control_endpoints+0x58>)
200002be:	60d9      	str	r1, [r3, #12]
200002c0:	6119      	str	r1, [r3, #16]
200002c2:	6159      	str	r1, [r3, #20]
200002c4:	6199      	str	r1, [r3, #24]
200002c6:	61d9      	str	r1, [r3, #28]
200002c8:	6219      	str	r1, [r3, #32]
200002ca:	6259      	str	r1, [r3, #36]	@ 0x24
200002cc:	6299      	str	r1, [r3, #40]	@ 0x28
200002ce:	62d9      	str	r1, [r3, #44]	@ 0x2c
200002d0:	6319      	str	r1, [r3, #48]	@ 0x30
200002d2:	6359      	str	r1, [r3, #52]	@ 0x34
200002d4:	6399      	str	r1, [r3, #56]	@ 0x38
200002d6:	63d9      	str	r1, [r3, #60]	@ 0x3c
200002d8:	6419      	str	r1, [r3, #64]	@ 0x40
200002da:	6459      	str	r1, [r3, #68]	@ 0x44
200002dc:	6499      	str	r1, [r3, #72]	@ 0x48
200002de:	64d9      	str	r1, [r3, #76]	@ 0x4c
200002e0:	6519      	str	r1, [r3, #80]	@ 0x50
200002e2:	6559      	str	r1, [r3, #84]	@ 0x54
200002e4:	6599      	str	r1, [r3, #88]	@ 0x58
200002e6:	65d9      	str	r1, [r3, #92]	@ 0x5c
200002e8:	6619      	str	r1, [r3, #96]	@ 0x60
200002ea:	6659      	str	r1, [r3, #100]	@ 0x64
200002ec:	6699      	str	r1, [r3, #104]	@ 0x68
200002ee:	66d9      	str	r1, [r3, #108]	@ 0x6c
200002f0:	6719      	str	r1, [r3, #112]	@ 0x70
200002f2:	6759      	str	r1, [r3, #116]	@ 0x74
200002f4:	6799      	str	r1, [r3, #120]	@ 0x78
200002f6:	67d9      	str	r1, [r3, #124]	@ 0x7c
200002f8:	f000 fdee 	bl	20000ed8 <__memset_veneer>
200002fc:	4b03      	ldr	r3, [pc, #12]	@ (2000030c <reset_non_control_endpoints+0x5c>)
200002fe:	4a04      	ldr	r2, [pc, #16]	@ (20000310 <reset_non_control_endpoints+0x60>)
20000300:	601a      	str	r2, [r3, #0]
20000302:	bd08      	pop	{r3, pc}
20000304:	50100000 	.word	0x50100000
20000308:	2000193c 	.word	0x2000193c
2000030c:	20001d0c 	.word	0x20001d0c
20000310:	50100180 	.word	0x50100180

20000314 <hw_handle_buff_status>:
20000314:	e92d 4ff0 	stmdb	sp!, {r4, r5, r6, r7, r8, r9, sl, fp, lr}
20000318:	4b20      	ldr	r3, [pc, #128]	@ (2000039c <hw_handle_buff_status+0x88>)
2000031a:	b085      	sub	sp, #20
2000031c:	6d9e      	ldr	r6, [r3, #88]	@ 0x58
2000031e:	b30e      	cbz	r6, 20000364 <hw_handle_buff_status+0x50>
20000320:	2400      	movs	r4, #0
20000322:	2501      	movs	r5, #1
20000324:	4f1e      	ldr	r7, [pc, #120]	@ (200003a0 <hw_handle_buff_status+0x8c>)
20000326:	e001      	b.n	2000032c <hw_handle_buff_status+0x18>
20000328:	2c20      	cmp	r4, #32
2000032a:	d01b      	beq.n	20000364 <hw_handle_buff_status+0x50>
2000032c:	ea06 0305 	and.w	r3, r6, r5
20000330:	1c62      	adds	r2, r4, #1
20000332:	4621      	mov	r1, r4
20000334:	46aa      	mov	sl, r5
20000336:	b2d4      	uxtb	r4, r2
20000338:	006d      	lsls	r5, r5, #1
2000033a:	2b00      	cmp	r3, #0
2000033c:	d0f4      	beq.n	20000328 <hw_handle_buff_status+0x14>
2000033e:	2302      	movs	r3, #2
20000340:	f004 0801 	and.w	r8, r4, #1
20000344:	ea4f 0951 	mov.w	r9, r1, lsr #1
20000348:	fb13 8b09 	smlabb	fp, r3, r9, r8
2000034c:	4b15      	ldr	r3, [pc, #84]	@ (200003a4 <hw_handle_buff_status+0x90>)
2000034e:	eb07 1b4b 	add.w	fp, r7, fp, lsl #5
20000352:	4658      	mov	r0, fp
20000354:	f8c3 a058 	str.w	sl, [r3, #88]	@ 0x58
20000358:	f000 fc0a 	bl	20000b70 <hw_endpoint_xfer_continue>
2000035c:	b928      	cbnz	r0, 2000036a <hw_handle_buff_status+0x56>
2000035e:	ea36 060a 	bics.w	r6, r6, sl
20000362:	d1e1      	bne.n	20000328 <hw_handle_buff_status+0x14>
20000364:	b005      	add	sp, #20
20000366:	e8bd 8ff0 	ldmia.w	sp!, {r4, r5, r6, r7, r8, r9, sl, fp, pc}
2000036a:	f44f 62e0 	mov.w	r2, #1792	@ 0x700
2000036e:	f8ad 2004 	strh.w	r2, [sp, #4]
20000372:	2200      	movs	r2, #0
20000374:	eb08 0349 	add.w	r3, r8, r9, lsl #1
20000378:	eb07 1343 	add.w	r3, r7, r3, lsl #5
2000037c:	f88d 2009 	strb.w	r2, [sp, #9]
20000380:	789a      	ldrb	r2, [r3, #2]
20000382:	8adb      	ldrh	r3, [r3, #22]
20000384:	a801      	add	r0, sp, #4
20000386:	2101      	movs	r1, #1
20000388:	f88d 2008 	strb.w	r2, [sp, #8]
2000038c:	9303      	str	r3, [sp, #12]
2000038e:	f000 fc0d 	bl	20000bac <dcd_event_handler>
20000392:	4658      	mov	r0, fp
20000394:	f000 fb92 	bl	20000abc <hw_endpoint_reset_transfer>
20000398:	e7e1      	b.n	2000035e <hw_handle_buff_status+0x4a>
2000039a:	bf00      	nop
2000039c:	50110000 	.word	0x50110000
200003a0:	200018fc 	.word	0x200018fc
200003a4:	50113000 	.word	0x50113000

200003a8 <dcd_rp2040_irq>:
200003a8:	b5f0      	push	{r4, r5, r6, r7, lr}
200003aa:	4bb2      	ldr	r3, [pc, #712]	@ (20000674 <dcd_rp2040_irq+0x2cc>)
200003ac:	b085      	sub	sp, #20
200003ae:	f8d3 5098 	ldr.w	r5, [r3, #152]	@ 0x98
200003b2:	f415 3600 	ands.w	r6, r5, #131072	@ 0x20000
200003b6:	d074      	beq.n	200004a2 <dcd_rp2040_irq+0xfa>
200003b8:	4baf      	ldr	r3, [pc, #700]	@ (20000678 <dcd_rp2040_irq+0x2d0>)
200003ba:	4cb0      	ldr	r4, [pc, #704]	@ (2000067c <dcd_rp2040_irq+0x2d4>)
200003bc:	6a99      	ldr	r1, [r3, #40]	@ 0x28
200003be:	f894 303b 	ldrb.w	r3, [r4, #59]	@ 0x3b
200003c2:	4aaf      	ldr	r2, [pc, #700]	@ (20000680 <dcd_rp2040_irq+0x2d8>)
200003c4:	2b02      	cmp	r3, #2
200003c6:	6011      	str	r1, [r2, #0]
200003c8:	f000 80f9 	beq.w	200005be <dcd_rp2040_irq+0x216>
200003cc:	2600      	movs	r6, #0
200003ce:	f894 307b 	ldrb.w	r3, [r4, #123]	@ 0x7b
200003d2:	2b02      	cmp	r3, #2
200003d4:	f000 81d4 	beq.w	20000780 <dcd_rp2040_irq+0x3d8>
200003d8:	f894 30bb 	ldrb.w	r3, [r4, #187]	@ 0xbb
200003dc:	2b02      	cmp	r3, #2
200003de:	f000 81c5 	beq.w	2000076c <dcd_rp2040_irq+0x3c4>
200003e2:	f894 30fb 	ldrb.w	r3, [r4, #251]	@ 0xfb
200003e6:	2b02      	cmp	r3, #2
200003e8:	f000 81b6 	beq.w	20000758 <dcd_rp2040_irq+0x3b0>
200003ec:	f894 313b 	ldrb.w	r3, [r4, #315]	@ 0x13b
200003f0:	2b02      	cmp	r3, #2
200003f2:	f000 81a6 	beq.w	20000742 <dcd_rp2040_irq+0x39a>
200003f6:	f894 317b 	ldrb.w	r3, [r4, #379]	@ 0x17b
200003fa:	2b02      	cmp	r3, #2
200003fc:	f000 8196 	beq.w	2000072c <dcd_rp2040_irq+0x384>
20000400:	f894 31bb 	ldrb.w	r3, [r4, #443]	@ 0x1bb
20000404:	2b02      	cmp	r3, #2
20000406:	f000 8186 	beq.w	20000716 <dcd_rp2040_irq+0x36e>
2000040a:	f894 31fb 	ldrb.w	r3, [r4, #507]	@ 0x1fb
2000040e:	2b02      	cmp	r3, #2
20000410:	f000 8176 	beq.w	20000700 <dcd_rp2040_irq+0x358>
20000414:	f894 323b 	ldrb.w	r3, [r4, #571]	@ 0x23b
20000418:	2b02      	cmp	r3, #2
2000041a:	f000 8165 	beq.w	200006e8 <dcd_rp2040_irq+0x340>
2000041e:	f894 327b 	ldrb.w	r3, [r4, #635]	@ 0x27b
20000422:	2b02      	cmp	r3, #2
20000424:	f000 8154 	beq.w	200006d0 <dcd_rp2040_irq+0x328>
20000428:	f894 32bb 	ldrb.w	r3, [r4, #699]	@ 0x2bb
2000042c:	2b02      	cmp	r3, #2
2000042e:	f000 8143 	beq.w	200006b8 <dcd_rp2040_irq+0x310>
20000432:	f894 32fb 	ldrb.w	r3, [r4, #763]	@ 0x2fb
20000436:	2b02      	cmp	r3, #2
20000438:	f000 8132 	beq.w	200006a0 <dcd_rp2040_irq+0x2f8>
2000043c:	f894 333b 	ldrb.w	r3, [r4, #827]	@ 0x33b
20000440:	2b02      	cmp	r3, #2
20000442:	f000 810a 	beq.w	2000065a <dcd_rp2040_irq+0x2b2>
20000446:	f894 337b 	ldrb.w	r3, [r4, #891]	@ 0x37b
2000044a:	2b02      	cmp	r3, #2
2000044c:	f000 80c9 	beq.w	200005e2 <dcd_rp2040_irq+0x23a>
20000450:	f894 33bb 	ldrb.w	r3, [r4, #955]	@ 0x3bb
20000454:	2b02      	cmp	r3, #2
20000456:	f000 80ec 	beq.w	20000632 <dcd_rp2040_irq+0x28a>
2000045a:	f894 33fb 	ldrb.w	r3, [r4, #1019]	@ 0x3fb
2000045e:	2b02      	cmp	r3, #2
20000460:	f000 80d6 	beq.w	20000610 <dcd_rp2040_irq+0x268>
20000464:	b93e      	cbnz	r6, 20000476 <dcd_rp2040_irq+0xce>
20000466:	4b87      	ldr	r3, [pc, #540]	@ (20000684 <dcd_rp2040_irq+0x2dc>)
20000468:	781b      	ldrb	r3, [r3, #0]
2000046a:	b923      	cbnz	r3, 20000476 <dcd_rp2040_irq+0xce>
2000046c:	f44f 3200 	mov.w	r2, #131072	@ 0x20000
20000470:	4b85      	ldr	r3, [pc, #532]	@ (20000688 <dcd_rp2040_irq+0x2e0>)
20000472:	f8c3 2090 	str.w	r2, [r3, #144]	@ 0x90
20000476:	f44f 7240 	mov.w	r2, #768	@ 0x300
2000047a:	4b7e      	ldr	r3, [pc, #504]	@ (20000674 <dcd_rp2040_irq+0x2cc>)
2000047c:	2101      	movs	r1, #1
2000047e:	6c9b      	ldr	r3, [r3, #72]	@ 0x48
20000480:	a801      	add	r0, sp, #4
20000482:	f3c3 030a 	ubfx	r3, r3, #0, #11
20000486:	f8ad 2004 	strh.w	r2, [sp, #4]
2000048a:	9302      	str	r3, [sp, #8]
2000048c:	f000 fb8e 	bl	20000bac <dcd_event_handler>
20000490:	06ea      	lsls	r2, r5, #27
20000492:	f44f 3600 	mov.w	r6, #131072	@ 0x20000
20000496:	4c7d      	ldr	r4, [pc, #500]	@ (2000068c <dcd_rp2040_irq+0x2e4>)
20000498:	d507      	bpl.n	200004aa <dcd_rp2040_irq+0x102>
2000049a:	f7ff ff3b 	bl	20000314 <hw_handle_buff_status>
2000049e:	4626      	mov	r6, r4
200004a0:	e003      	b.n	200004aa <dcd_rp2040_irq+0x102>
200004a2:	06ea      	lsls	r2, r5, #27
200004a4:	f04f 0410 	mov.w	r4, #16
200004a8:	d4f7      	bmi.n	2000049a <dcd_rp2040_irq+0xf2>
200004aa:	03eb      	lsls	r3, r5, #15
200004ac:	d532      	bpl.n	20000514 <dcd_rp2040_irq+0x16c>
200004ae:	4c73      	ldr	r4, [pc, #460]	@ (2000067c <dcd_rp2040_irq+0x2d4>)
200004b0:	f446 3680 	orr.w	r6, r6, #65536	@ 0x10000
200004b4:	7ea3      	ldrb	r3, [r4, #26]
200004b6:	b19b      	cbz	r3, 200004e0 <dcd_rp2040_irq+0x138>
200004b8:	2102      	movs	r1, #2
200004ba:	4b75      	ldr	r3, [pc, #468]	@ (20000690 <dcd_rp2040_irq+0x2e8>)
200004bc:	4a6d      	ldr	r2, [pc, #436]	@ (20000674 <dcd_rp2040_irq+0x2cc>)
200004be:	6619      	str	r1, [r3, #96]	@ 0x60
200004c0:	6e53      	ldr	r3, [r2, #100]	@ 0x64
200004c2:	079f      	lsls	r7, r3, #30
200004c4:	d5fc      	bpl.n	200004c0 <dcd_rp2040_irq+0x118>
200004c6:	f44f 5240 	mov.w	r2, #12288	@ 0x3000
200004ca:	2100      	movs	r1, #0
200004cc:	486b      	ldr	r0, [pc, #428]	@ (2000067c <dcd_rp2040_irq+0x2d4>)
200004ce:	f000 fafb 	bl	20000ac8 <_hw_endpoint_buffer_control_update32>
200004d2:	486a      	ldr	r0, [pc, #424]	@ (2000067c <dcd_rp2040_irq+0x2d4>)
200004d4:	f000 faf2 	bl	20000abc <hw_endpoint_reset_transfer>
200004d8:	2202      	movs	r2, #2
200004da:	4b6b      	ldr	r3, [pc, #428]	@ (20000688 <dcd_rp2040_irq+0x2e0>)
200004dc:	665a      	str	r2, [r3, #100]	@ 0x64
200004de:	661a      	str	r2, [r3, #96]	@ 0x60
200004e0:	2301      	movs	r3, #1
200004e2:	f894 203a 	ldrb.w	r2, [r4, #58]	@ 0x3a
200004e6:	70e3      	strb	r3, [r4, #3]
200004e8:	b9fa      	cbnz	r2, 2000052a <dcd_rp2040_irq+0x182>
200004ea:	2301      	movs	r3, #1
200004ec:	f44f 61c0 	mov.w	r1, #1536	@ 0x600
200004f0:	4a68      	ldr	r2, [pc, #416]	@ (20000694 <dcd_rp2040_irq+0x2ec>)
200004f2:	f884 3023 	strb.w	r3, [r4, #35]	@ 0x23
200004f6:	f8ad 1004 	strh.w	r1, [sp, #4]
200004fa:	e892 0003 	ldmia.w	r2, {r0, r1}
200004fe:	aa04      	add	r2, sp, #16
20000500:	e902 0003 	stmdb	r2, {r0, r1}
20000504:	4619      	mov	r1, r3
20000506:	a801      	add	r0, sp, #4
20000508:	f000 fb50 	bl	20000bac <dcd_event_handler>
2000050c:	f44f 3200 	mov.w	r2, #131072	@ 0x20000
20000510:	4b5d      	ldr	r3, [pc, #372]	@ (20000688 <dcd_rp2040_irq+0x2e0>)
20000512:	651a      	str	r2, [r3, #80]	@ 0x50
20000514:	04e9      	lsls	r1, r5, #19
20000516:	d41d      	bmi.n	20000554 <dcd_rp2040_irq+0x1ac>
20000518:	046a      	lsls	r2, r5, #17
2000051a:	d432      	bmi.n	20000582 <dcd_rp2040_irq+0x1da>
2000051c:	042b      	lsls	r3, r5, #16
2000051e:	d43f      	bmi.n	200005a0 <dcd_rp2040_irq+0x1f8>
20000520:	42ae      	cmp	r6, r5
20000522:	f040 81a5 	bne.w	20000870 <dcd_rp2040_irq+0x4c8>
20000526:	b005      	add	sp, #20
20000528:	bdf0      	pop	{r4, r5, r6, r7, pc}
2000052a:	4a59      	ldr	r2, [pc, #356]	@ (20000690 <dcd_rp2040_irq+0x2e8>)
2000052c:	6613      	str	r3, [r2, #96]	@ 0x60
2000052e:	f5a2 5200 	sub.w	r2, r2, #8192	@ 0x2000
20000532:	6e53      	ldr	r3, [r2, #100]	@ 0x64
20000534:	07d8      	lsls	r0, r3, #31
20000536:	d5fc      	bpl.n	20000532 <dcd_rp2040_irq+0x18a>
20000538:	f44f 5240 	mov.w	r2, #12288	@ 0x3000
2000053c:	2100      	movs	r1, #0
2000053e:	4856      	ldr	r0, [pc, #344]	@ (20000698 <dcd_rp2040_irq+0x2f0>)
20000540:	f000 fac2 	bl	20000ac8 <_hw_endpoint_buffer_control_update32>
20000544:	4854      	ldr	r0, [pc, #336]	@ (20000698 <dcd_rp2040_irq+0x2f0>)
20000546:	f000 fab9 	bl	20000abc <hw_endpoint_reset_transfer>
2000054a:	2201      	movs	r2, #1
2000054c:	4b4e      	ldr	r3, [pc, #312]	@ (20000688 <dcd_rp2040_irq+0x2e0>)
2000054e:	665a      	str	r2, [r3, #100]	@ 0x64
20000550:	661a      	str	r2, [r3, #96]	@ 0x60
20000552:	e7ca      	b.n	200004ea <dcd_rp2040_irq+0x142>
20000554:	2400      	movs	r4, #0
20000556:	4b47      	ldr	r3, [pc, #284]	@ (20000674 <dcd_rp2040_irq+0x2cc>)
20000558:	f446 5680 	orr.w	r6, r6, #4096	@ 0x1000
2000055c:	601c      	str	r4, [r3, #0]
2000055e:	f7ff fea7 	bl	200002b0 <reset_non_control_endpoints>
20000562:	f44f 7380 	mov.w	r3, #256	@ 0x100
20000566:	2101      	movs	r1, #1
20000568:	a801      	add	r0, sp, #4
2000056a:	f8ad 3004 	strh.w	r3, [sp, #4]
2000056e:	f88d 4008 	strb.w	r4, [sp, #8]
20000572:	f000 fb1b 	bl	20000bac <dcd_event_handler>
20000576:	f44f 2200 	mov.w	r2, #524288	@ 0x80000
2000057a:	4b43      	ldr	r3, [pc, #268]	@ (20000688 <dcd_rp2040_irq+0x2e0>)
2000057c:	651a      	str	r2, [r3, #80]	@ 0x50
2000057e:	046a      	lsls	r2, r5, #17
20000580:	d5cc      	bpl.n	2000051c <dcd_rp2040_irq+0x174>
20000582:	f44f 6380 	mov.w	r3, #1024	@ 0x400
20000586:	2101      	movs	r1, #1
20000588:	a801      	add	r0, sp, #4
2000058a:	f8ad 3004 	strh.w	r3, [sp, #4]
2000058e:	f000 fb0d 	bl	20000bac <dcd_event_handler>
20000592:	2210      	movs	r2, #16
20000594:	4b3c      	ldr	r3, [pc, #240]	@ (20000688 <dcd_rp2040_irq+0x2e0>)
20000596:	f446 4680 	orr.w	r6, r6, #16384	@ 0x4000
2000059a:	651a      	str	r2, [r3, #80]	@ 0x50
2000059c:	042b      	lsls	r3, r5, #16
2000059e:	d5bf      	bpl.n	20000520 <dcd_rp2040_irq+0x178>
200005a0:	f44f 63a0 	mov.w	r3, #1280	@ 0x500
200005a4:	2101      	movs	r1, #1
200005a6:	a801      	add	r0, sp, #4
200005a8:	f8ad 3004 	strh.w	r3, [sp, #4]
200005ac:	f000 fafe 	bl	20000bac <dcd_event_handler>
200005b0:	f44f 6200 	mov.w	r2, #2048	@ 0x800
200005b4:	4b34      	ldr	r3, [pc, #208]	@ (20000688 <dcd_rp2040_irq+0x2e0>)
200005b6:	f446 4600 	orr.w	r6, r6, #32768	@ 0x8000
200005ba:	651a      	str	r2, [r3, #80]	@ 0x50
200005bc:	e7b0      	b.n	20000520 <dcd_rp2040_irq+0x178>
200005be:	f894 603a 	ldrb.w	r6, [r4, #58]	@ 0x3a
200005c2:	2e00      	cmp	r6, #0
200005c4:	f43f af03 	beq.w	200003ce <dcd_rp2040_irq+0x26>
200005c8:	f894 303c 	ldrb.w	r3, [r4, #60]	@ 0x3c
200005cc:	2b00      	cmp	r3, #0
200005ce:	f43f aefe 	beq.w	200003ce <dcd_rp2040_irq+0x26>
200005d2:	2300      	movs	r3, #0
200005d4:	f104 0020 	add.w	r0, r4, #32
200005d8:	f884 303c 	strb.w	r3, [r4, #60]	@ 0x3c
200005dc:	f000 fa96 	bl	20000b0c <hw_endpoint_start_next_buffer>
200005e0:	e6f5      	b.n	200003ce <dcd_rp2040_irq+0x26>
200005e2:	f894 737a 	ldrb.w	r7, [r4, #890]	@ 0x37a
200005e6:	2f00      	cmp	r7, #0
200005e8:	f43f af32 	beq.w	20000450 <dcd_rp2040_irq+0xa8>
200005ec:	f894 337c 	ldrb.w	r3, [r4, #892]	@ 0x37c
200005f0:	2b00      	cmp	r3, #0
200005f2:	f040 8136 	bne.w	20000862 <dcd_rp2040_irq+0x4ba>
200005f6:	f894 33bb 	ldrb.w	r3, [r4, #955]	@ 0x3bb
200005fa:	2b02      	cmp	r3, #2
200005fc:	d123      	bne.n	20000646 <dcd_rp2040_irq+0x29e>
200005fe:	f894 33ba 	ldrb.w	r3, [r4, #954]	@ 0x3ba
20000602:	b9db      	cbnz	r3, 2000063c <dcd_rp2040_irq+0x294>
20000604:	f894 33fb 	ldrb.w	r3, [r4, #1019]	@ 0x3fb
20000608:	2b02      	cmp	r3, #2
2000060a:	f47f af34 	bne.w	20000476 <dcd_rp2040_irq+0xce>
2000060e:	463e      	mov	r6, r7
20000610:	f894 33fa 	ldrb.w	r3, [r4, #1018]	@ 0x3fa
20000614:	2b00      	cmp	r3, #0
20000616:	f43f af25 	beq.w	20000464 <dcd_rp2040_irq+0xbc>
2000061a:	f894 33fc 	ldrb.w	r3, [r4, #1020]	@ 0x3fc
2000061e:	2b00      	cmp	r3, #0
20000620:	f43f af29 	beq.w	20000476 <dcd_rp2040_irq+0xce>
20000624:	2300      	movs	r3, #0
20000626:	481d      	ldr	r0, [pc, #116]	@ (2000069c <dcd_rp2040_irq+0x2f4>)
20000628:	f884 33fc 	strb.w	r3, [r4, #1020]	@ 0x3fc
2000062c:	f000 fa6e 	bl	20000b0c <hw_endpoint_start_next_buffer>
20000630:	e721      	b.n	20000476 <dcd_rp2040_irq+0xce>
20000632:	f894 33ba 	ldrb.w	r3, [r4, #954]	@ 0x3ba
20000636:	2b00      	cmp	r3, #0
20000638:	f43f af0f 	beq.w	2000045a <dcd_rp2040_irq+0xb2>
2000063c:	f894 33bc 	ldrb.w	r3, [r4, #956]	@ 0x3bc
20000640:	2b00      	cmp	r3, #0
20000642:	f040 80a7 	bne.w	20000794 <dcd_rp2040_irq+0x3ec>
20000646:	f894 33fb 	ldrb.w	r3, [r4, #1019]	@ 0x3fb
2000064a:	2b02      	cmp	r3, #2
2000064c:	f47f af13 	bne.w	20000476 <dcd_rp2040_irq+0xce>
20000650:	f894 33fa 	ldrb.w	r3, [r4, #1018]	@ 0x3fa
20000654:	2b00      	cmp	r3, #0
20000656:	d1e0      	bne.n	2000061a <dcd_rp2040_irq+0x272>
20000658:	e70d      	b.n	20000476 <dcd_rp2040_irq+0xce>
2000065a:	f894 733a 	ldrb.w	r7, [r4, #826]	@ 0x33a
2000065e:	2f00      	cmp	r7, #0
20000660:	f43f aef1 	beq.w	20000446 <dcd_rp2040_irq+0x9e>
20000664:	f894 333c 	ldrb.w	r3, [r4, #828]	@ 0x33c
20000668:	2b00      	cmp	r3, #0
2000066a:	f040 80f2 	bne.w	20000852 <dcd_rp2040_irq+0x4aa>
2000066e:	463e      	mov	r6, r7
20000670:	e6e9      	b.n	20000446 <dcd_rp2040_irq+0x9e>
20000672:	bf00      	nop
20000674:	50110000 	.word	0x50110000
20000678:	400b0000 	.word	0x400b0000
2000067c:	200018fc 	.word	0x200018fc
20000680:	200018f4 	.word	0x200018f4
20000684:	20001d5e 	.word	0x20001d5e
20000688:	50113000 	.word	0x50113000
2000068c:	00020010 	.word	0x00020010
20000690:	50112000 	.word	0x50112000
20000694:	50100000 	.word	0x50100000
20000698:	2000191c 	.word	0x2000191c
2000069c:	20001cdc 	.word	0x20001cdc
200006a0:	f894 72fa 	ldrb.w	r7, [r4, #762]	@ 0x2fa
200006a4:	2f00      	cmp	r7, #0
200006a6:	f43f aec9 	beq.w	2000043c <dcd_rp2040_irq+0x94>
200006aa:	f894 32fc 	ldrb.w	r3, [r4, #764]	@ 0x2fc
200006ae:	2b00      	cmp	r3, #0
200006b0:	f040 80c7 	bne.w	20000842 <dcd_rp2040_irq+0x49a>
200006b4:	463e      	mov	r6, r7
200006b6:	e6c1      	b.n	2000043c <dcd_rp2040_irq+0x94>
200006b8:	f894 72ba 	ldrb.w	r7, [r4, #698]	@ 0x2ba
200006bc:	2f00      	cmp	r7, #0
200006be:	f43f aeb8 	beq.w	20000432 <dcd_rp2040_irq+0x8a>
200006c2:	f894 32bc 	ldrb.w	r3, [r4, #700]	@ 0x2bc
200006c6:	2b00      	cmp	r3, #0
200006c8:	f040 80b3 	bne.w	20000832 <dcd_rp2040_irq+0x48a>
200006cc:	463e      	mov	r6, r7
200006ce:	e6b0      	b.n	20000432 <dcd_rp2040_irq+0x8a>
200006d0:	f894 727a 	ldrb.w	r7, [r4, #634]	@ 0x27a
200006d4:	2f00      	cmp	r7, #0
200006d6:	f43f aea7 	beq.w	20000428 <dcd_rp2040_irq+0x80>
200006da:	f894 327c 	ldrb.w	r3, [r4, #636]	@ 0x27c
200006de:	2b00      	cmp	r3, #0
200006e0:	f040 809f 	bne.w	20000822 <dcd_rp2040_irq+0x47a>
200006e4:	463e      	mov	r6, r7
200006e6:	e69f      	b.n	20000428 <dcd_rp2040_irq+0x80>
200006e8:	f894 723a 	ldrb.w	r7, [r4, #570]	@ 0x23a
200006ec:	2f00      	cmp	r7, #0
200006ee:	f43f ae96 	beq.w	2000041e <dcd_rp2040_irq+0x76>
200006f2:	f894 323c 	ldrb.w	r3, [r4, #572]	@ 0x23c
200006f6:	2b00      	cmp	r3, #0
200006f8:	f040 808b 	bne.w	20000812 <dcd_rp2040_irq+0x46a>
200006fc:	463e      	mov	r6, r7
200006fe:	e68e      	b.n	2000041e <dcd_rp2040_irq+0x76>
20000700:	f894 71fa 	ldrb.w	r7, [r4, #506]	@ 0x1fa
20000704:	2f00      	cmp	r7, #0
20000706:	f43f ae85 	beq.w	20000414 <dcd_rp2040_irq+0x6c>
2000070a:	f894 31fc 	ldrb.w	r3, [r4, #508]	@ 0x1fc
2000070e:	2b00      	cmp	r3, #0
20000710:	d177      	bne.n	20000802 <dcd_rp2040_irq+0x45a>
20000712:	463e      	mov	r6, r7
20000714:	e67e      	b.n	20000414 <dcd_rp2040_irq+0x6c>
20000716:	f894 71ba 	ldrb.w	r7, [r4, #442]	@ 0x1ba
2000071a:	2f00      	cmp	r7, #0
2000071c:	f43f ae75 	beq.w	2000040a <dcd_rp2040_irq+0x62>
20000720:	f894 31bc 	ldrb.w	r3, [r4, #444]	@ 0x1bc
20000724:	2b00      	cmp	r3, #0
20000726:	d164      	bne.n	200007f2 <dcd_rp2040_irq+0x44a>
20000728:	463e      	mov	r6, r7
2000072a:	e66e      	b.n	2000040a <dcd_rp2040_irq+0x62>
2000072c:	f894 717a 	ldrb.w	r7, [r4, #378]	@ 0x17a
20000730:	2f00      	cmp	r7, #0
20000732:	f43f ae65 	beq.w	20000400 <dcd_rp2040_irq+0x58>
20000736:	f894 317c 	ldrb.w	r3, [r4, #380]	@ 0x17c
2000073a:	2b00      	cmp	r3, #0
2000073c:	d151      	bne.n	200007e2 <dcd_rp2040_irq+0x43a>
2000073e:	463e      	mov	r6, r7
20000740:	e65e      	b.n	20000400 <dcd_rp2040_irq+0x58>
20000742:	f894 713a 	ldrb.w	r7, [r4, #314]	@ 0x13a
20000746:	2f00      	cmp	r7, #0
20000748:	f43f ae55 	beq.w	200003f6 <dcd_rp2040_irq+0x4e>
2000074c:	f894 313c 	ldrb.w	r3, [r4, #316]	@ 0x13c
20000750:	2b00      	cmp	r3, #0
20000752:	d13e      	bne.n	200007d2 <dcd_rp2040_irq+0x42a>
20000754:	463e      	mov	r6, r7
20000756:	e64e      	b.n	200003f6 <dcd_rp2040_irq+0x4e>
20000758:	f894 70fa 	ldrb.w	r7, [r4, #250]	@ 0xfa
2000075c:	2f00      	cmp	r7, #0
2000075e:	f43f ae45 	beq.w	200003ec <dcd_rp2040_irq+0x44>
20000762:	f894 30fc 	ldrb.w	r3, [r4, #252]	@ 0xfc
20000766:	bb63      	cbnz	r3, 200007c2 <dcd_rp2040_irq+0x41a>
20000768:	463e      	mov	r6, r7
2000076a:	e63f      	b.n	200003ec <dcd_rp2040_irq+0x44>
2000076c:	f894 70ba 	ldrb.w	r7, [r4, #186]	@ 0xba
20000770:	2f00      	cmp	r7, #0
20000772:	f43f ae36 	beq.w	200003e2 <dcd_rp2040_irq+0x3a>
20000776:	f894 30bc 	ldrb.w	r3, [r4, #188]	@ 0xbc
2000077a:	b9d3      	cbnz	r3, 200007b2 <dcd_rp2040_irq+0x40a>
2000077c:	463e      	mov	r6, r7
2000077e:	e630      	b.n	200003e2 <dcd_rp2040_irq+0x3a>
20000780:	f894 707a 	ldrb.w	r7, [r4, #122]	@ 0x7a
20000784:	2f00      	cmp	r7, #0
20000786:	f43f ae27 	beq.w	200003d8 <dcd_rp2040_irq+0x30>
2000078a:	f894 307c 	ldrb.w	r3, [r4, #124]	@ 0x7c
2000078e:	b943      	cbnz	r3, 200007a2 <dcd_rp2040_irq+0x3fa>
20000790:	463e      	mov	r6, r7
20000792:	e621      	b.n	200003d8 <dcd_rp2040_irq+0x30>
20000794:	2300      	movs	r3, #0
20000796:	4839      	ldr	r0, [pc, #228]	@ (2000087c <dcd_rp2040_irq+0x4d4>)
20000798:	f884 33bc 	strb.w	r3, [r4, #956]	@ 0x3bc
2000079c:	f000 f9b6 	bl	20000b0c <hw_endpoint_start_next_buffer>
200007a0:	e751      	b.n	20000646 <dcd_rp2040_irq+0x29e>
200007a2:	2300      	movs	r3, #0
200007a4:	4836      	ldr	r0, [pc, #216]	@ (20000880 <dcd_rp2040_irq+0x4d8>)
200007a6:	f884 307c 	strb.w	r3, [r4, #124]	@ 0x7c
200007aa:	463e      	mov	r6, r7
200007ac:	f000 f9ae 	bl	20000b0c <hw_endpoint_start_next_buffer>
200007b0:	e612      	b.n	200003d8 <dcd_rp2040_irq+0x30>
200007b2:	2300      	movs	r3, #0
200007b4:	4833      	ldr	r0, [pc, #204]	@ (20000884 <dcd_rp2040_irq+0x4dc>)
200007b6:	f884 30bc 	strb.w	r3, [r4, #188]	@ 0xbc
200007ba:	463e      	mov	r6, r7
200007bc:	f000 f9a6 	bl	20000b0c <hw_endpoint_start_next_buffer>
200007c0:	e60f      	b.n	200003e2 <dcd_rp2040_irq+0x3a>
200007c2:	2300      	movs	r3, #0
200007c4:	4830      	ldr	r0, [pc, #192]	@ (20000888 <dcd_rp2040_irq+0x4e0>)
200007c6:	f884 30fc 	strb.w	r3, [r4, #252]	@ 0xfc
200007ca:	463e      	mov	r6, r7
200007cc:	f000 f99e 	bl	20000b0c <hw_endpoint_start_next_buffer>
200007d0:	e60c      	b.n	200003ec <dcd_rp2040_irq+0x44>
200007d2:	2300      	movs	r3, #0
200007d4:	482d      	ldr	r0, [pc, #180]	@ (2000088c <dcd_rp2040_irq+0x4e4>)
200007d6:	f884 313c 	strb.w	r3, [r4, #316]	@ 0x13c
200007da:	463e      	mov	r6, r7
200007dc:	f000 f996 	bl	20000b0c <hw_endpoint_start_next_buffer>
200007e0:	e609      	b.n	200003f6 <dcd_rp2040_irq+0x4e>
200007e2:	2300      	movs	r3, #0
200007e4:	482a      	ldr	r0, [pc, #168]	@ (20000890 <dcd_rp2040_irq+0x4e8>)
200007e6:	f884 317c 	strb.w	r3, [r4, #380]	@ 0x17c
200007ea:	463e      	mov	r6, r7
200007ec:	f000 f98e 	bl	20000b0c <hw_endpoint_start_next_buffer>
200007f0:	e606      	b.n	20000400 <dcd_rp2040_irq+0x58>
200007f2:	2300      	movs	r3, #0
200007f4:	4827      	ldr	r0, [pc, #156]	@ (20000894 <dcd_rp2040_irq+0x4ec>)
200007f6:	f884 31bc 	strb.w	r3, [r4, #444]	@ 0x1bc
200007fa:	463e      	mov	r6, r7
200007fc:	f000 f986 	bl	20000b0c <hw_endpoint_start_next_buffer>
20000800:	e603      	b.n	2000040a <dcd_rp2040_irq+0x62>
20000802:	2300      	movs	r3, #0
20000804:	4824      	ldr	r0, [pc, #144]	@ (20000898 <dcd_rp2040_irq+0x4f0>)
20000806:	f884 31fc 	strb.w	r3, [r4, #508]	@ 0x1fc
2000080a:	463e      	mov	r6, r7
2000080c:	f000 f97e 	bl	20000b0c <hw_endpoint_start_next_buffer>
20000810:	e600      	b.n	20000414 <dcd_rp2040_irq+0x6c>
20000812:	2300      	movs	r3, #0
20000814:	4821      	ldr	r0, [pc, #132]	@ (2000089c <dcd_rp2040_irq+0x4f4>)
20000816:	f884 323c 	strb.w	r3, [r4, #572]	@ 0x23c
2000081a:	463e      	mov	r6, r7
2000081c:	f000 f976 	bl	20000b0c <hw_endpoint_start_next_buffer>
20000820:	e5fd      	b.n	2000041e <dcd_rp2040_irq+0x76>
20000822:	2300      	movs	r3, #0
20000824:	481e      	ldr	r0, [pc, #120]	@ (200008a0 <dcd_rp2040_irq+0x4f8>)
20000826:	f884 327c 	strb.w	r3, [r4, #636]	@ 0x27c
2000082a:	463e      	mov	r6, r7
2000082c:	f000 f96e 	bl	20000b0c <hw_endpoint_start_next_buffer>
20000830:	e5fa      	b.n	20000428 <dcd_rp2040_irq+0x80>
20000832:	2300      	movs	r3, #0
20000834:	481b      	ldr	r0, [pc, #108]	@ (200008a4 <dcd_rp2040_irq+0x4fc>)
20000836:	f884 32bc 	strb.w	r3, [r4, #700]	@ 0x2bc
2000083a:	463e      	mov	r6, r7
2000083c:	f000 f966 	bl	20000b0c <hw_endpoint_start_next_buffer>
20000840:	e5f7      	b.n	20000432 <dcd_rp2040_irq+0x8a>
20000842:	2300      	movs	r3, #0
20000844:	4818      	ldr	r0, [pc, #96]	@ (200008a8 <dcd_rp2040_irq+0x500>)
20000846:	f884 32fc 	strb.w	r3, [r4, #764]	@ 0x2fc
2000084a:	463e      	mov	r6, r7
2000084c:	f000 f95e 	bl	20000b0c <hw_endpoint_start_next_buffer>
20000850:	e5f4      	b.n	2000043c <dcd_rp2040_irq+0x94>
20000852:	2300      	movs	r3, #0
20000854:	4815      	ldr	r0, [pc, #84]	@ (200008ac <dcd_rp2040_irq+0x504>)
20000856:	f884 333c 	strb.w	r3, [r4, #828]	@ 0x33c
2000085a:	463e      	mov	r6, r7
2000085c:	f000 f956 	bl	20000b0c <hw_endpoint_start_next_buffer>
20000860:	e5f1      	b.n	20000446 <dcd_rp2040_irq+0x9e>
20000862:	2300      	movs	r3, #0
20000864:	4812      	ldr	r0, [pc, #72]	@ (200008b0 <dcd_rp2040_irq+0x508>)
20000866:	f884 337c 	strb.w	r3, [r4, #892]	@ 0x37c
2000086a:	f000 f94f 	bl	20000b0c <hw_endpoint_start_next_buffer>
2000086e:	e6c2      	b.n	200005f6 <dcd_rp2040_irq+0x24e>
20000870:	4810      	ldr	r0, [pc, #64]	@ (200008b4 <dcd_rp2040_irq+0x50c>)
20000872:	ea86 0105 	eor.w	r1, r6, r5
20000876:	f000 fb27 	bl	20000ec8 <__panic_veneer>
2000087a:	bf00      	nop
2000087c:	20001c9c 	.word	0x20001c9c
20000880:	2000195c 	.word	0x2000195c
20000884:	2000199c 	.word	0x2000199c
20000888:	200019dc 	.word	0x200019dc
2000088c:	20001a1c 	.word	0x20001a1c
20000890:	20001a5c 	.word	0x20001a5c
20000894:	20001a9c 	.word	0x20001a9c
20000898:	20001adc 	.word	0x20001adc
2000089c:	20001b1c 	.word	0x20001b1c
200008a0:	20001b5c 	.word	0x20001b5c
200008a4:	20001b9c 	.word	0x20001b9c
200008a8:	20001bdc 	.word	0x20001bdc
200008ac:	20001c1c 	.word	0x20001c1c
200008b0:	20001c5c 	.word	0x20001c5c
200008b4:	10005048 	.word	0x10005048

200008b8 <prepare_ep_buffer>:
200008b8:	e92d 43f0 	stmdb	sp!, {r4, r5, r6, r7, r8, r9, lr}
200008bc:	8a82      	ldrh	r2, [r0, #20]
200008be:	8b04      	ldrh	r4, [r0, #24]
200008c0:	4603      	mov	r3, r0
200008c2:	4294      	cmp	r4, r2
200008c4:	78c0      	ldrb	r0, [r0, #3]
200008c6:	bf28      	it	cs
200008c8:	4614      	movcs	r4, r2
200008ca:	1e05      	subs	r5, r0, #0
200008cc:	bf18      	it	ne
200008ce:	2501      	movne	r5, #1
200008d0:	f080 0001 	eor.w	r0, r0, #1
200008d4:	1b12      	subs	r2, r2, r4
200008d6:	785e      	ldrb	r6, [r3, #1]
200008d8:	70d8      	strb	r0, [r3, #3]
200008da:	b292      	uxth	r2, r2
200008dc:	f444 6080 	orr.w	r0, r4, #1024	@ 0x400
200008e0:	829a      	strh	r2, [r3, #20]
200008e2:	ea40 3045 	orr.w	r0, r0, r5, lsl #13
200008e6:	bb06      	cbnz	r6, 2000092a <prepare_ep_buffer+0x72>
200008e8:	68dd      	ldr	r5, [r3, #12]
200008ea:	f104 38ff 	add.w	r8, r4, #4294967295	@ 0xffffffff
200008ee:	eb05 1c81 	add.w	ip, r5, r1, lsl #6
200008f2:	691d      	ldr	r5, [r3, #16]
200008f4:	b1ac      	cbz	r4, 20000922 <prepare_ep_buffer+0x6a>
200008f6:	f1b8 0f05 	cmp.w	r8, #5
200008fa:	f105 0201 	add.w	r2, r5, #1
200008fe:	d903      	bls.n	20000908 <prepare_ep_buffer+0x50>
20000900:	ebac 0702 	sub.w	r7, ip, r2
20000904:	2f02      	cmp	r7, #2
20000906:	d817      	bhi.n	20000938 <prepare_ep_buffer+0x80>
20000908:	f10c 3cff 	add.w	ip, ip, #4294967295	@ 0xffffffff
2000090c:	4425      	add	r5, r4
2000090e:	e000      	b.n	20000912 <prepare_ep_buffer+0x5a>
20000910:	3201      	adds	r2, #1
20000912:	f812 6c01 	ldrb.w	r6, [r2, #-1]
20000916:	42aa      	cmp	r2, r5
20000918:	f80c 6f01 	strb.w	r6, [ip, #1]!
2000091c:	d1f8      	bne.n	20000910 <prepare_ep_buffer+0x58>
2000091e:	691d      	ldr	r5, [r3, #16]
20000920:	8a9a      	ldrh	r2, [r3, #20]
20000922:	4425      	add	r5, r4
20000924:	611d      	str	r5, [r3, #16]
20000926:	f440 4000 	orr.w	r0, r0, #32768	@ 0x8000
2000092a:	b90a      	cbnz	r2, 20000930 <prepare_ep_buffer+0x78>
2000092c:	f440 4080 	orr.w	r0, r0, #16384	@ 0x4000
20000930:	b101      	cbz	r1, 20000934 <prepare_ep_buffer+0x7c>
20000932:	0400      	lsls	r0, r0, #16
20000934:	e8bd 83f0 	ldmia.w	sp!, {r4, r5, r6, r7, r8, r9, pc}
20000938:	462f      	mov	r7, r5
2000093a:	46e6      	mov	lr, ip
2000093c:	4632      	mov	r2, r6
2000093e:	1f26      	subs	r6, r4, #4
20000940:	08b6      	lsrs	r6, r6, #2
20000942:	3601      	adds	r6, #1
20000944:	f857 9b04 	ldr.w	r9, [r7], #4
20000948:	3201      	adds	r2, #1
2000094a:	4296      	cmp	r6, r2
2000094c:	f84e 9b04 	str.w	r9, [lr], #4
20000950:	d8f8      	bhi.n	20000944 <prepare_ep_buffer+0x8c>
20000952:	ebb4 0f86 	cmp.w	r4, r6, lsl #2
20000956:	eba8 0286 	sub.w	r2, r8, r6, lsl #2
2000095a:	eb05 0e86 	add.w	lr, r5, r6, lsl #2
2000095e:	eb0c 0786 	add.w	r7, ip, r6, lsl #2
20000962:	d0dc      	beq.n	2000091e <prepare_ep_buffer+0x66>
20000964:	f815 5026 	ldrb.w	r5, [r5, r6, lsl #2]
20000968:	f80c 5026 	strb.w	r5, [ip, r6, lsl #2]
2000096c:	2a00      	cmp	r2, #0
2000096e:	d0d6      	beq.n	2000091e <prepare_ep_buffer+0x66>
20000970:	f89e 5001 	ldrb.w	r5, [lr, #1]
20000974:	2a01      	cmp	r2, #1
20000976:	707d      	strb	r5, [r7, #1]
20000978:	d0d1      	beq.n	2000091e <prepare_ep_buffer+0x66>
2000097a:	f89e 2002 	ldrb.w	r2, [lr, #2]
2000097e:	70ba      	strb	r2, [r7, #2]
20000980:	691d      	ldr	r5, [r3, #16]
20000982:	8a9a      	ldrh	r2, [r3, #20]
20000984:	e7cd      	b.n	20000922 <prepare_ep_buffer+0x6a>
20000986:	bf00      	nop

20000988 <sync_ep_buffer>:
20000988:	6883      	ldr	r3, [r0, #8]
2000098a:	4602      	mov	r2, r0
2000098c:	6818      	ldr	r0, [r3, #0]
2000098e:	b101      	cbz	r1, 20000992 <sync_ep_buffer+0xa>
20000990:	0c00      	lsrs	r0, r0, #16
20000992:	7853      	ldrb	r3, [r2, #1]
20000994:	f3c0 0009 	ubfx	r0, r0, #0, #10
20000998:	b313      	cbz	r3, 200009e0 <sync_ep_buffer+0x58>
2000099a:	b5f0      	push	{r4, r5, r6, r7, lr}
2000099c:	e9d2 5403 	ldrd	r5, r4, [r2, #12]
200009a0:	018f      	lsls	r7, r1, #6
200009a2:	eb05 1381 	add.w	r3, r5, r1, lsl #6
200009a6:	1e46      	subs	r6, r0, #1
200009a8:	b178      	cbz	r0, 200009ca <sync_ep_buffer+0x42>
200009aa:	2e05      	cmp	r6, #5
200009ac:	d904      	bls.n	200009b8 <sync_ep_buffer+0x30>
200009ae:	3701      	adds	r7, #1
200009b0:	443d      	add	r5, r7
200009b2:	1b65      	subs	r5, r4, r5
200009b4:	2d02      	cmp	r5, #2
200009b6:	d81c      	bhi.n	200009f2 <sync_ep_buffer+0x6a>
200009b8:	1e61      	subs	r1, r4, #1
200009ba:	181d      	adds	r5, r3, r0
200009bc:	f813 4b01 	ldrb.w	r4, [r3], #1
200009c0:	429d      	cmp	r5, r3
200009c2:	f801 4f01 	strb.w	r4, [r1, #1]!
200009c6:	d1f9      	bne.n	200009bc <sync_ep_buffer+0x34>
200009c8:	6914      	ldr	r4, [r2, #16]
200009ca:	8ad3      	ldrh	r3, [r2, #22]
200009cc:	4404      	add	r4, r0
200009ce:	4403      	add	r3, r0
200009d0:	82d3      	strh	r3, [r2, #22]
200009d2:	8b13      	ldrh	r3, [r2, #24]
200009d4:	6114      	str	r4, [r2, #16]
200009d6:	4283      	cmp	r3, r0
200009d8:	bf84      	itt	hi
200009da:	2300      	movhi	r3, #0
200009dc:	8293      	strhhi	r3, [r2, #20]
200009de:	bdf0      	pop	{r4, r5, r6, r7, pc}
200009e0:	8ad3      	ldrh	r3, [r2, #22]
200009e2:	4403      	add	r3, r0
200009e4:	82d3      	strh	r3, [r2, #22]
200009e6:	8b13      	ldrh	r3, [r2, #24]
200009e8:	4283      	cmp	r3, r0
200009ea:	bf84      	itt	hi
200009ec:	2300      	movhi	r3, #0
200009ee:	8293      	strhhi	r3, [r2, #20]
200009f0:	4770      	bx	lr
200009f2:	469e      	mov	lr, r3
200009f4:	4625      	mov	r5, r4
200009f6:	2100      	movs	r1, #0
200009f8:	f1a0 0c04 	sub.w	ip, r0, #4
200009fc:	ea4f 0c9c 	mov.w	ip, ip, lsr #2
20000a00:	f10c 0c01 	add.w	ip, ip, #1
20000a04:	f85e 7b04 	ldr.w	r7, [lr], #4
20000a08:	3101      	adds	r1, #1
20000a0a:	4561      	cmp	r1, ip
20000a0c:	f845 7b04 	str.w	r7, [r5], #4
20000a10:	d3f8      	bcc.n	20000a04 <sync_ep_buffer+0x7c>
20000a12:	ebb0 0f8c 	cmp.w	r0, ip, lsl #2
20000a16:	eba6 068c 	sub.w	r6, r6, ip, lsl #2
20000a1a:	eb03 058c 	add.w	r5, r3, ip, lsl #2
20000a1e:	eb04 018c 	add.w	r1, r4, ip, lsl #2
20000a22:	d0d1      	beq.n	200009c8 <sync_ep_buffer+0x40>
20000a24:	f813 302c 	ldrb.w	r3, [r3, ip, lsl #2]
20000a28:	f804 302c 	strb.w	r3, [r4, ip, lsl #2]
20000a2c:	2e00      	cmp	r6, #0
20000a2e:	d0cb      	beq.n	200009c8 <sync_ep_buffer+0x40>
20000a30:	786b      	ldrb	r3, [r5, #1]
20000a32:	2e01      	cmp	r6, #1
20000a34:	704b      	strb	r3, [r1, #1]
20000a36:	d0c7      	beq.n	200009c8 <sync_ep_buffer+0x40>
20000a38:	78ab      	ldrb	r3, [r5, #2]
20000a3a:	708b      	strb	r3, [r1, #2]
20000a3c:	6914      	ldr	r4, [r2, #16]
20000a3e:	e7c4      	b.n	200009ca <sync_ep_buffer+0x42>

20000a40 <_hw_endpoint_xfer_sync>:
20000a40:	b510      	push	{r4, lr}
20000a42:	4604      	mov	r4, r0
20000a44:	6883      	ldr	r3, [r0, #8]
20000a46:	2100      	movs	r1, #0
20000a48:	681b      	ldr	r3, [r3, #0]
20000a4a:	f7ff ff9d 	bl	20000988 <sync_ep_buffer>
20000a4e:	6863      	ldr	r3, [r4, #4]
20000a50:	681b      	ldr	r3, [r3, #0]
20000a52:	005b      	lsls	r3, r3, #1
20000a54:	d502      	bpl.n	20000a5c <_hw_endpoint_xfer_sync+0x1c>
20000a56:	8b23      	ldrh	r3, [r4, #24]
20000a58:	4283      	cmp	r3, r0
20000a5a:	d000      	beq.n	20000a5e <_hw_endpoint_xfer_sync+0x1e>
20000a5c:	bd10      	pop	{r4, pc}
20000a5e:	4620      	mov	r0, r4
20000a60:	e8bd 4010 	ldmia.w	sp!, {r4, lr}
20000a64:	2101      	movs	r1, #1
20000a66:	f7ff bf8f 	b.w	20000988 <sync_ep_buffer>
20000a6a:	bf00      	nop

20000a6c <e15_is_bulkin_ep>:
20000a6c:	4b08      	ldr	r3, [pc, #32]	@ (20000a90 <e15_is_bulkin_ep+0x24>)
20000a6e:	6c1b      	ldr	r3, [r3, #64]	@ 0x40
20000a70:	f013 0302 	ands.w	r3, r3, #2
20000a74:	d102      	bne.n	20000a7c <e15_is_bulkin_ep+0x10>
20000a76:	7882      	ldrb	r2, [r0, #2]
20000a78:	09d2      	lsrs	r2, r2, #7
20000a7a:	d101      	bne.n	20000a80 <e15_is_bulkin_ep+0x14>
20000a7c:	2000      	movs	r0, #0
20000a7e:	4770      	bx	lr
20000a80:	7ec0      	ldrb	r0, [r0, #27]
20000a82:	f1a0 0002 	sub.w	r0, r0, #2
20000a86:	fab0 f080 	clz	r0, r0
20000a8a:	0940      	lsrs	r0, r0, #5
20000a8c:	4770      	bx	lr
20000a8e:	bf00      	nop
20000a90:	50110000 	.word	0x50110000

20000a94 <e15_is_critical_frame_period>:
20000a94:	b508      	push	{r3, lr}
20000a96:	f7ff ffe9 	bl	20000a6c <e15_is_bulkin_ep>
20000a9a:	b150      	cbz	r0, 20000ab2 <e15_is_critical_frame_period+0x1e>
20000a9c:	4a05      	ldr	r2, [pc, #20]	@ (20000ab4 <e15_is_critical_frame_period+0x20>)
20000a9e:	4b06      	ldr	r3, [pc, #24]	@ (20000ab8 <e15_is_critical_frame_period+0x24>)
20000aa0:	6a90      	ldr	r0, [r2, #40]	@ 0x28
20000aa2:	681b      	ldr	r3, [r3, #0]
20000aa4:	f5a0 7048 	sub.w	r0, r0, #800	@ 0x320
20000aa8:	1ac0      	subs	r0, r0, r3
20000aaa:	28c6      	cmp	r0, #198	@ 0xc6
20000aac:	bf8c      	ite	hi
20000aae:	2000      	movhi	r0, #0
20000ab0:	2001      	movls	r0, #1
20000ab2:	bd08      	pop	{r3, pc}
20000ab4:	400b0000 	.word	0x400b0000
20000ab8:	200018f4 	.word	0x200018f4

20000abc <hw_endpoint_reset_transfer>:
20000abc:	2300      	movs	r3, #0
20000abe:	e9c0 3304 	strd	r3, r3, [r0, #16]
20000ac2:	7683      	strb	r3, [r0, #26]
20000ac4:	4770      	bx	lr
20000ac6:	bf00      	nop

20000ac8 <_hw_endpoint_buffer_control_update32>:
20000ac8:	b510      	push	{r4, lr}
20000aca:	6883      	ldr	r3, [r0, #8]
20000acc:	b109      	cbz	r1, 20000ad2 <_hw_endpoint_buffer_control_update32+0xa>
20000ace:	681c      	ldr	r4, [r3, #0]
20000ad0:	4021      	ands	r1, r4
20000ad2:	b182      	cbz	r2, 20000af6 <_hw_endpoint_buffer_control_update32+0x2e>
20000ad4:	4311      	orrs	r1, r2
20000ad6:	0552      	lsls	r2, r2, #21
20000ad8:	d50d      	bpl.n	20000af6 <_hw_endpoint_buffer_control_update32+0x2e>
20000ada:	681a      	ldr	r2, [r3, #0]
20000adc:	0554      	lsls	r4, r2, #21
20000ade:	d40c      	bmi.n	20000afa <_hw_endpoint_buffer_control_update32+0x32>
20000ae0:	4a08      	ldr	r2, [pc, #32]	@ (20000b04 <_hw_endpoint_buffer_control_update32+0x3c>)
20000ae2:	f421 6480 	bic.w	r4, r1, #1024	@ 0x400
20000ae6:	601c      	str	r4, [r3, #0]
20000ae8:	6c12      	ldr	r2, [r2, #64]	@ 0x40
20000aea:	0792      	lsls	r2, r2, #30
20000aec:	d403      	bmi.n	20000af6 <_hw_endpoint_buffer_control_update32+0x2e>
20000aee:	230c      	movs	r3, #12
20000af0:	3b03      	subs	r3, #3
20000af2:	d2fd      	bcs.n	20000af0 <_hw_endpoint_buffer_control_update32+0x28>
20000af4:	6883      	ldr	r3, [r0, #8]
20000af6:	6019      	str	r1, [r3, #0]
20000af8:	bd10      	pop	{r4, pc}
20000afa:	7881      	ldrb	r1, [r0, #2]
20000afc:	4802      	ldr	r0, [pc, #8]	@ (20000b08 <_hw_endpoint_buffer_control_update32+0x40>)
20000afe:	f000 f9e3 	bl	20000ec8 <__panic_veneer>
20000b02:	bf00      	nop
20000b04:	50110000 	.word	0x50110000
20000b08:	1000505c 	.word	0x1000505c

20000b0c <hw_endpoint_start_next_buffer>:
20000b0c:	b530      	push	{r4, r5, lr}
20000b0e:	6843      	ldr	r3, [r0, #4]
20000b10:	2100      	movs	r1, #0
20000b12:	b083      	sub	sp, #12
20000b14:	4604      	mov	r4, r0
20000b16:	681d      	ldr	r5, [r3, #0]
20000b18:	f7ff fece 	bl	200008b8 <prepare_ep_buffer>
20000b1c:	4b13      	ldr	r3, [pc, #76]	@ (20000b6c <hw_endpoint_start_next_buffer+0x60>)
20000b1e:	f440 5280 	orr.w	r2, r0, #4096	@ 0x1000
20000b22:	6c1b      	ldr	r3, [r3, #64]	@ 0x40
20000b24:	f013 0f02 	tst.w	r3, #2
20000b28:	78a3      	ldrb	r3, [r4, #2]
20000b2a:	d00e      	beq.n	20000b4a <hw_endpoint_start_next_buffer+0x3e>
20000b2c:	065b      	lsls	r3, r3, #25
20000b2e:	d00e      	beq.n	20000b4e <hw_endpoint_start_next_buffer+0x42>
20000b30:	f025 45a0 	bic.w	r5, r5, #1342177280	@ 0x50000000
20000b34:	f045 5500 	orr.w	r5, r5, #536870912	@ 0x20000000
20000b38:	2100      	movs	r1, #0
20000b3a:	4620      	mov	r0, r4
20000b3c:	6863      	ldr	r3, [r4, #4]
20000b3e:	601d      	str	r5, [r3, #0]
20000b40:	b003      	add	sp, #12
20000b42:	e8bd 4030 	ldmia.w	sp!, {r4, r5, lr}
20000b46:	f7ff bfbf 	b.w	20000ac8 <_hw_endpoint_buffer_control_update32>
20000b4a:	09db      	lsrs	r3, r3, #7
20000b4c:	d0f0      	beq.n	20000b30 <hw_endpoint_start_next_buffer+0x24>
20000b4e:	8aa3      	ldrh	r3, [r4, #20]
20000b50:	2b00      	cmp	r3, #0
20000b52:	d0ed      	beq.n	20000b30 <hw_endpoint_start_next_buffer+0x24>
20000b54:	2101      	movs	r1, #1
20000b56:	4620      	mov	r0, r4
20000b58:	9201      	str	r2, [sp, #4]
20000b5a:	f7ff fead 	bl	200008b8 <prepare_ep_buffer>
20000b5e:	9a01      	ldr	r2, [sp, #4]
20000b60:	f025 5500 	bic.w	r5, r5, #536870912	@ 0x20000000
20000b64:	4302      	orrs	r2, r0
20000b66:	f045 45a0 	orr.w	r5, r5, #1342177280	@ 0x50000000
20000b6a:	e7e5      	b.n	20000b38 <hw_endpoint_start_next_buffer+0x2c>
20000b6c:	50110000 	.word	0x50110000

20000b70 <hw_endpoint_xfer_continue>:
20000b70:	b538      	push	{r3, r4, r5, lr}
20000b72:	7e85      	ldrb	r5, [r0, #26]
20000b74:	4604      	mov	r4, r0
20000b76:	b195      	cbz	r5, 20000b9e <hw_endpoint_xfer_continue+0x2e>
20000b78:	f7ff ff62 	bl	20000a40 <_hw_endpoint_xfer_sync>
20000b7c:	8aa3      	ldrh	r3, [r4, #20]
20000b7e:	b90b      	cbnz	r3, 20000b84 <hw_endpoint_xfer_continue+0x14>
20000b80:	4628      	mov	r0, r5
20000b82:	bd38      	pop	{r3, r4, r5, pc}
20000b84:	4620      	mov	r0, r4
20000b86:	f7ff ff85 	bl	20000a94 <e15_is_critical_frame_period>
20000b8a:	b120      	cbz	r0, 20000b96 <hw_endpoint_xfer_continue+0x26>
20000b8c:	2301      	movs	r3, #1
20000b8e:	7723      	strb	r3, [r4, #28]
20000b90:	2500      	movs	r5, #0
20000b92:	4628      	mov	r0, r5
20000b94:	bd38      	pop	{r3, r4, r5, pc}
20000b96:	4620      	mov	r0, r4
20000b98:	f7ff ffb8 	bl	20000b0c <hw_endpoint_start_next_buffer>
20000b9c:	e7f8      	b.n	20000b90 <hw_endpoint_xfer_continue+0x20>
20000b9e:	7881      	ldrb	r1, [r0, #2]
20000ba0:	4801      	ldr	r0, [pc, #4]	@ (20000ba8 <hw_endpoint_xfer_continue+0x38>)
20000ba2:	f000 f991 	bl	20000ec8 <__panic_veneer>
20000ba6:	bf00      	nop
20000ba8:	1000507c 	.word	0x1000507c

20000bac <dcd_event_handler>:
20000bac:	e92d 43f0 	stmdb	sp!, {r4, r5, r6, r7, r8, r9, lr}
20000bb0:	7843      	ldrb	r3, [r0, #1]
20000bb2:	4681      	mov	r9, r0
20000bb4:	3b02      	subs	r3, #2
20000bb6:	460d      	mov	r5, r1
20000bb8:	b085      	sub	sp, #20
20000bba:	2b04      	cmp	r3, #4
20000bbc:	d813      	bhi.n	20000be6 <dcd_event_handler+0x3a>
20000bbe:	e8df f003 	tbb	[pc, r3]
20000bc2:	4a03      	.short	0x4a03
20000bc4:	736a      	.short	0x736a
20000bc6:	44          	.byte	0x44
20000bc7:	00          	.byte	0x00
20000bc8:	2100      	movs	r1, #0
20000bca:	4b7b      	ldr	r3, [pc, #492]	@ (20000db8 <dcd_event_handler+0x20c>)
20000bcc:	781a      	ldrb	r2, [r3, #0]
20000bce:	f022 0201 	bic.w	r2, r2, #1
20000bd2:	701a      	strb	r2, [r3, #0]
20000bd4:	781a      	ldrb	r2, [r3, #0]
20000bd6:	f022 0202 	bic.w	r2, r2, #2
20000bda:	701a      	strb	r2, [r3, #0]
20000bdc:	7059      	strb	r1, [r3, #1]
20000bde:	781a      	ldrb	r2, [r3, #0]
20000be0:	f361 0282 	bfi	r2, r1, #2, #1
20000be4:	701a      	strb	r2, [r3, #0]
20000be6:	4b75      	ldr	r3, [pc, #468]	@ (20000dbc <dcd_event_handler+0x210>)
20000be8:	681c      	ldr	r4, [r3, #0]
20000bea:	6963      	ldr	r3, [r4, #20]
20000bec:	f3ef 8210 	mrs	r2, PRIMASK
20000bf0:	b672      	cpsid	i
20000bf2:	e8d3 0fcf 	ldaexb	r0, [r3]
20000bf6:	2101      	movs	r1, #1
20000bf8:	2800      	cmp	r0, #0
20000bfa:	d1fa      	bne.n	20000bf2 <dcd_event_handler+0x46>
20000bfc:	e8c3 1f40 	strexb	r0, r1, [r3]
20000c00:	2800      	cmp	r0, #0
20000c02:	d1f6      	bne.n	20000bf2 <dcd_event_handler+0x46>
20000c04:	f3bf 8f5f 	dmb	sy
20000c08:	61a2      	str	r2, [r4, #24]
20000c0a:	4649      	mov	r1, r9
20000c0c:	4620      	mov	r0, r4
20000c0e:	f000 f95f 	bl	20000ed0 <__tu_fifo_write_veneer>
20000c12:	2300      	movs	r3, #0
20000c14:	6962      	ldr	r2, [r4, #20]
20000c16:	e8c2 3f8f 	stlb	r3, [r2]
20000c1a:	69a3      	ldr	r3, [r4, #24]
20000c1c:	f383 8810 	msr	PRIMASK, r3
20000c20:	b948      	cbnz	r0, 20000c36 <dcd_event_handler+0x8a>
20000c22:	f04f 23e0 	mov.w	r3, #3758153728	@ 0xe000e000
20000c26:	f8d3 3df0 	ldr.w	r3, [r3, #3568]	@ 0xdf0
20000c2a:	07db      	lsls	r3, r3, #31
20000c2c:	d50a      	bpl.n	20000c44 <dcd_event_handler+0x98>
20000c2e:	be00      	bkpt	0x0000
20000c30:	b005      	add	sp, #20
20000c32:	e8bd 83f0 	ldmia.w	sp!, {r4, r5, r6, r7, r8, r9, pc}
20000c36:	462a      	mov	r2, r5
20000c38:	f899 1001 	ldrb.w	r1, [r9, #1]
20000c3c:	f899 0000 	ldrb.w	r0, [r9]
20000c40:	f000 f956 	bl	20000ef0 <__tud_event_hook_cb_veneer>
20000c44:	b005      	add	sp, #20
20000c46:	e8bd 83f0 	ldmia.w	sp!, {r4, r5, r6, r7, r8, r9, pc}
20000c4a:	4a5d      	ldr	r2, [pc, #372]	@ (20000dc0 <dcd_event_handler+0x214>)
20000c4c:	7813      	ldrb	r3, [r2, #0]
20000c4e:	3301      	adds	r3, #1
20000c50:	b2db      	uxtb	r3, r3
20000c52:	7013      	strb	r3, [r2, #0]
20000c54:	e7c7      	b.n	20000be6 <dcd_event_handler+0x3a>
20000c56:	2400      	movs	r4, #0
20000c58:	4e5a      	ldr	r6, [pc, #360]	@ (20000dc4 <dcd_event_handler+0x218>)
20000c5a:	4623      	mov	r3, r4
20000c5c:	7831      	ldrb	r1, [r6, #0]
20000c5e:	f8df 816c 	ldr.w	r8, [pc, #364]	@ 20000dcc <dcd_event_handler+0x220>
20000c62:	4f59      	ldr	r7, [pc, #356]	@ (20000dc8 <dcd_event_handler+0x21c>)
20000c64:	e011      	b.n	20000c8a <dcd_event_handler+0xde>
20000c66:	683b      	ldr	r3, [r7, #0]
20000c68:	eb13 1344 	adds.w	r3, r3, r4, lsl #5
20000c6c:	d007      	beq.n	20000c7e <dcd_event_handler+0xd2>
20000c6e:	69db      	ldr	r3, [r3, #28]
20000c70:	b12b      	cbz	r3, 20000c7e <dcd_event_handler+0xd2>
20000c72:	f8d9 1004 	ldr.w	r1, [r9, #4]
20000c76:	f899 0000 	ldrb.w	r0, [r9]
20000c7a:	4798      	blx	r3
20000c7c:	7831      	ldrb	r1, [r6, #0]
20000c7e:	3401      	adds	r4, #1
20000c80:	b2e4      	uxtb	r4, r4
20000c82:	1c4a      	adds	r2, r1, #1
20000c84:	42a2      	cmp	r2, r4
20000c86:	4623      	mov	r3, r4
20000c88:	db17      	blt.n	20000cba <dcd_event_handler+0x10e>
20000c8a:	42a1      	cmp	r1, r4
20000c8c:	d8eb      	bhi.n	20000c66 <dcd_event_handler+0xba>
20000c8e:	1a5b      	subs	r3, r3, r1
20000c90:	eb08 1343 	add.w	r3, r8, r3, lsl #5
20000c94:	e7eb      	b.n	20000c6e <dcd_event_handler+0xc2>
20000c96:	4b48      	ldr	r3, [pc, #288]	@ (20000db8 <dcd_event_handler+0x20c>)
20000c98:	781a      	ldrb	r2, [r3, #0]
20000c9a:	07d6      	lsls	r6, r2, #31
20000c9c:	d5d2      	bpl.n	20000c44 <dcd_event_handler+0x98>
20000c9e:	781a      	ldrb	r2, [r3, #0]
20000ca0:	f042 0204 	orr.w	r2, r2, #4
20000ca4:	701a      	strb	r2, [r3, #0]
20000ca6:	e79e      	b.n	20000be6 <dcd_event_handler+0x3a>
20000ca8:	4b43      	ldr	r3, [pc, #268]	@ (20000db8 <dcd_event_handler+0x20c>)
20000caa:	781a      	ldrb	r2, [r3, #0]
20000cac:	07d4      	lsls	r4, r2, #31
20000cae:	d5c9      	bpl.n	20000c44 <dcd_event_handler+0x98>
20000cb0:	781a      	ldrb	r2, [r3, #0]
20000cb2:	f022 0204 	bic.w	r2, r2, #4
20000cb6:	701a      	strb	r2, [r3, #0]
20000cb8:	e795      	b.n	20000be6 <dcd_event_handler+0x3a>
20000cba:	4c3f      	ldr	r4, [pc, #252]	@ (20000db8 <dcd_event_handler+0x20c>)
20000cbc:	7823      	ldrb	r3, [r4, #0]
20000cbe:	0758      	lsls	r0, r3, #29
20000cc0:	d43a      	bmi.n	20000d38 <dcd_event_handler+0x18c>
20000cc2:	78e3      	ldrb	r3, [r4, #3]
20000cc4:	07da      	lsls	r2, r3, #31
20000cc6:	d5bd      	bpl.n	20000c44 <dcd_event_handler+0x98>
20000cc8:	2303      	movs	r3, #3
20000cca:	2600      	movs	r6, #0
20000ccc:	4a3b      	ldr	r2, [pc, #236]	@ (20000dbc <dcd_event_handler+0x210>)
20000cce:	f899 1000 	ldrb.w	r1, [r9]
20000cd2:	6814      	ldr	r4, [r2, #0]
20000cd4:	f8d9 2004 	ldr.w	r2, [r9, #4]
20000cd8:	f88d 1004 	strb.w	r1, [sp, #4]
20000cdc:	f88d 3005 	strb.w	r3, [sp, #5]
20000ce0:	6963      	ldr	r3, [r4, #20]
20000ce2:	f8cd 6006 	str.w	r6, [sp, #6]
20000ce6:	f8cd 600a 	str.w	r6, [sp, #10]
20000cea:	f8ad 600e 	strh.w	r6, [sp, #14]
20000cee:	9202      	str	r2, [sp, #8]
20000cf0:	f3ef 8210 	mrs	r2, PRIMASK
20000cf4:	b672      	cpsid	i
20000cf6:	e8d3 0fcf 	ldaexb	r0, [r3]
20000cfa:	2101      	movs	r1, #1
20000cfc:	2800      	cmp	r0, #0
20000cfe:	d1fa      	bne.n	20000cf6 <dcd_event_handler+0x14a>
20000d00:	e8c3 1f40 	strexb	r0, r1, [r3]
20000d04:	2800      	cmp	r0, #0
20000d06:	d1f6      	bne.n	20000cf6 <dcd_event_handler+0x14a>
20000d08:	f3bf 8f5f 	dmb	sy
20000d0c:	4620      	mov	r0, r4
20000d0e:	61a2      	str	r2, [r4, #24]
20000d10:	a901      	add	r1, sp, #4
20000d12:	f000 f8dd 	bl	20000ed0 <__tu_fifo_write_veneer>
20000d16:	6963      	ldr	r3, [r4, #20]
20000d18:	e8c3 6f8f 	stlb	r6, [r3]
20000d1c:	69a3      	ldr	r3, [r4, #24]
20000d1e:	f383 8810 	msr	PRIMASK, r3
20000d22:	2800      	cmp	r0, #0
20000d24:	f43f af7d 	beq.w	20000c22 <dcd_event_handler+0x76>
20000d28:	462a      	mov	r2, r5
20000d2a:	f89d 1005 	ldrb.w	r1, [sp, #5]
20000d2e:	f89d 0004 	ldrb.w	r0, [sp, #4]
20000d32:	f000 f8dd 	bl	20000ef0 <__tud_event_hook_cb_veneer>
20000d36:	e785      	b.n	20000c44 <dcd_event_handler+0x98>
20000d38:	7823      	ldrb	r3, [r4, #0]
20000d3a:	2700      	movs	r7, #0
20000d3c:	f023 0304 	bic.w	r3, r3, #4
20000d40:	7023      	strb	r3, [r4, #0]
20000d42:	2305      	movs	r3, #5
20000d44:	4a1d      	ldr	r2, [pc, #116]	@ (20000dbc <dcd_event_handler+0x210>)
20000d46:	f88d 3005 	strb.w	r3, [sp, #5]
20000d4a:	6816      	ldr	r6, [r2, #0]
20000d4c:	f899 2000 	ldrb.w	r2, [r9]
20000d50:	f8ad 700e 	strh.w	r7, [sp, #14]
20000d54:	f88d 2004 	strb.w	r2, [sp, #4]
20000d58:	6973      	ldr	r3, [r6, #20]
20000d5a:	f8cd 7006 	str.w	r7, [sp, #6]
20000d5e:	f8cd 700a 	str.w	r7, [sp, #10]
20000d62:	f3ef 8210 	mrs	r2, PRIMASK
20000d66:	b672      	cpsid	i
20000d68:	e8d3 0fcf 	ldaexb	r0, [r3]
20000d6c:	2101      	movs	r1, #1
20000d6e:	2800      	cmp	r0, #0
20000d70:	d1fa      	bne.n	20000d68 <dcd_event_handler+0x1bc>
20000d72:	e8c3 1f40 	strexb	r0, r1, [r3]
20000d76:	2800      	cmp	r0, #0
20000d78:	d1f6      	bne.n	20000d68 <dcd_event_handler+0x1bc>
20000d7a:	f3bf 8f5f 	dmb	sy
20000d7e:	4630      	mov	r0, r6
20000d80:	61b2      	str	r2, [r6, #24]
20000d82:	a901      	add	r1, sp, #4
20000d84:	f000 f8a4 	bl	20000ed0 <__tu_fifo_write_veneer>
20000d88:	6973      	ldr	r3, [r6, #20]
20000d8a:	e8c3 7f8f 	stlb	r7, [r3]
20000d8e:	69b3      	ldr	r3, [r6, #24]
20000d90:	f383 8810 	msr	PRIMASK, r3
20000d94:	b938      	cbnz	r0, 20000da6 <dcd_event_handler+0x1fa>
20000d96:	f04f 23e0 	mov.w	r3, #3758153728	@ 0xe000e000
20000d9a:	f8d3 3df0 	ldr.w	r3, [r3, #3568]	@ 0xdf0
20000d9e:	07d9      	lsls	r1, r3, #31
20000da0:	d58f      	bpl.n	20000cc2 <dcd_event_handler+0x116>
20000da2:	be00      	bkpt	0x0000
20000da4:	e78d      	b.n	20000cc2 <dcd_event_handler+0x116>
20000da6:	462a      	mov	r2, r5
20000da8:	f89d 1005 	ldrb.w	r1, [sp, #5]
20000dac:	f89d 0004 	ldrb.w	r0, [sp, #4]
20000db0:	f000 f89e 	bl	20000ef0 <__tud_event_hook_cb_veneer>
20000db4:	e785      	b.n	20000cc2 <dcd_event_handler+0x116>
20000db6:	bf00      	nop
20000db8:	200014a8 	.word	0x200014a8
20000dbc:	20001500 	.word	0x20001500
20000dc0:	20001d5f 	.word	0x20001d5f
20000dc4:	20001d5d 	.word	0x20001d5d
20000dc8:	200013a0 	.word	0x200013a0
20000dcc:	100052a0 	.word	0x100052a0

20000dd0 <spi_write_blocking>:
20000dd0:	4684      	mov	ip, r0
20000dd2:	4610      	mov	r0, r2
20000dd4:	b36a      	cbz	r2, 20000e32 <spi_write_blocking+0x62>
20000dd6:	3901      	subs	r1, #1
20000dd8:	b500      	push	{lr}
20000dda:	eb01 0e02 	add.w	lr, r1, r2
20000dde:	f8dc 300c 	ldr.w	r3, [ip, #12]
20000de2:	079b      	lsls	r3, r3, #30
20000de4:	d5fb      	bpl.n	20000dde <spi_write_blocking+0xe>
20000de6:	f811 3f01 	ldrb.w	r3, [r1, #1]!
20000dea:	458e      	cmp	lr, r1
20000dec:	f8cc 3008 	str.w	r3, [ip, #8]
20000df0:	d1f5      	bne.n	20000dde <spi_write_blocking+0xe>
20000df2:	f8dc 300c 	ldr.w	r3, [ip, #12]
20000df6:	0759      	lsls	r1, r3, #29
20000df8:	d505      	bpl.n	20000e06 <spi_write_blocking+0x36>
20000dfa:	f8dc 3008 	ldr.w	r3, [ip, #8]
20000dfe:	f8dc 300c 	ldr.w	r3, [ip, #12]
20000e02:	0759      	lsls	r1, r3, #29
20000e04:	d4f9      	bmi.n	20000dfa <spi_write_blocking+0x2a>
20000e06:	f8dc 300c 	ldr.w	r3, [ip, #12]
20000e0a:	06da      	lsls	r2, r3, #27
20000e0c:	d506      	bpl.n	20000e1c <spi_write_blocking+0x4c>
20000e0e:	f8dc 300c 	ldr.w	r3, [ip, #12]
20000e12:	06da      	lsls	r2, r3, #27
20000e14:	d4f7      	bmi.n	20000e06 <spi_write_blocking+0x36>
20000e16:	e001      	b.n	20000e1c <spi_write_blocking+0x4c>
20000e18:	f8dc 3008 	ldr.w	r3, [ip, #8]
20000e1c:	f8dc 300c 	ldr.w	r3, [ip, #12]
20000e20:	075b      	lsls	r3, r3, #29
20000e22:	d4f9      	bmi.n	20000e18 <spi_write_blocking+0x48>
20000e24:	2301      	movs	r3, #1
20000e26:	f8cc 3020 	str.w	r3, [ip, #32]
20000e2a:	f85d fb04 	ldr.w	pc, [sp], #4
20000e2e:	f8dc 3008 	ldr.w	r3, [ip, #8]
20000e32:	f8dc 300c 	ldr.w	r3, [ip, #12]
20000e36:	0759      	lsls	r1, r3, #29
20000e38:	d4f9      	bmi.n	20000e2e <spi_write_blocking+0x5e>
20000e3a:	f8dc 300c 	ldr.w	r3, [ip, #12]
20000e3e:	06da      	lsls	r2, r3, #27
20000e40:	d506      	bpl.n	20000e50 <spi_write_blocking+0x80>
20000e42:	f8dc 300c 	ldr.w	r3, [ip, #12]
20000e46:	06da      	lsls	r2, r3, #27
20000e48:	d4f7      	bmi.n	20000e3a <spi_write_blocking+0x6a>
20000e4a:	e001      	b.n	20000e50 <spi_write_blocking+0x80>
20000e4c:	f8dc 3008 	ldr.w	r3, [ip, #8]
20000e50:	f8dc 300c 	ldr.w	r3, [ip, #12]
20000e54:	075b      	lsls	r3, r3, #29
20000e56:	d4f9      	bmi.n	20000e4c <spi_write_blocking+0x7c>
20000e58:	2301      	movs	r3, #1
20000e5a:	f8cc 3020 	str.w	r3, [ip, #32]
20000e5e:	4770      	bx	lr

20000e60 <spi_read_blocking>:
20000e60:	b5f0      	push	{r4, r5, r6, r7, lr}
20000e62:	461d      	mov	r5, r3
20000e64:	4684      	mov	ip, r0
20000e66:	461c      	mov	r4, r3
20000e68:	b975      	cbnz	r5, 20000e88 <spi_read_blocking+0x28>
20000e6a:	b15c      	cbz	r4, 20000e84 <spi_read_blocking+0x24>
20000e6c:	f8dc 200c 	ldr.w	r2, [ip, #12]
20000e70:	0795      	lsls	r5, r2, #30
20000e72:	d5fb      	bpl.n	20000e6c <spi_read_blocking+0xc>
20000e74:	f114 0f08 	cmn.w	r4, #8
20000e78:	d0f8      	beq.n	20000e6c <spi_read_blocking+0xc>
20000e7a:	3c01      	subs	r4, #1
20000e7c:	f8cc 1008 	str.w	r1, [ip, #8]
20000e80:	2c00      	cmp	r4, #0
20000e82:	d1f3      	bne.n	20000e6c <spi_read_blocking+0xc>
20000e84:	4618      	mov	r0, r3
20000e86:	bdf0      	pop	{r4, r5, r6, r7, pc}
20000e88:	4696      	mov	lr, r2
20000e8a:	b964      	cbnz	r4, 20000ea6 <spi_read_blocking+0x46>
20000e8c:	f8dc 600c 	ldr.w	r6, [ip, #12]
20000e90:	0776      	lsls	r6, r6, #29
20000e92:	d5fa      	bpl.n	20000e8a <spi_read_blocking+0x2a>
20000e94:	f8dc 6008 	ldr.w	r6, [ip, #8]
20000e98:	3d01      	subs	r5, #1
20000e9a:	3201      	adds	r2, #1
20000e9c:	f88e 6000 	strb.w	r6, [lr]
20000ea0:	2d00      	cmp	r5, #0
20000ea2:	d0e2      	beq.n	20000e6a <spi_read_blocking+0xa>
20000ea4:	e7f0      	b.n	20000e88 <spi_read_blocking+0x28>
20000ea6:	f8dc 600c 	ldr.w	r6, [ip, #12]
20000eaa:	f104 0708 	add.w	r7, r4, #8
20000eae:	07b0      	lsls	r0, r6, #30
20000eb0:	d5ec      	bpl.n	20000e8c <spi_read_blocking+0x2c>
20000eb2:	42af      	cmp	r7, r5
20000eb4:	d9ea      	bls.n	20000e8c <spi_read_blocking+0x2c>
20000eb6:	f8cc 1008 	str.w	r1, [ip, #8]
20000eba:	f8dc 000c 	ldr.w	r0, [ip, #12]
20000ebe:	3c01      	subs	r4, #1
20000ec0:	0740      	lsls	r0, r0, #29
20000ec2:	d4e7      	bmi.n	20000e94 <spi_read_blocking+0x34>
20000ec4:	e7e1      	b.n	20000e8a <spi_read_blocking+0x2a>
20000ec6:	bf00      	nop

20000ec8 <__panic_veneer>:
20000ec8:	f85f f000 	ldr.w	pc, [pc]	@ 20000ecc <__panic_veneer+0x4>
20000ecc:	10000d61 	.word	0x10000d61

20000ed0 <__tu_fifo_write_veneer>:
20000ed0:	f85f f000 	ldr.w	pc, [pc]	@ 20000ed4 <__tu_fifo_write_veneer+0x4>
20000ed4:	10004845 	.word	0x10004845

20000ed8 <__memset_veneer>:
20000ed8:	f85f f000 	ldr.w	pc, [pc]	@ 20000edc <__memset_veneer+0x4>
20000edc:	10004ba5 	.word	0x10004ba5

20000ee0 <__best_effort_wfe_or_timeout_veneer>:
20000ee0:	f85f f000 	ldr.w	pc, [pc]	@ 20000ee4 <__best_effort_wfe_or_timeout_veneer+0x4>
20000ee4:	10001ab9 	.word	0x10001ab9

20000ee8 <__time_us_64_veneer>:
20000ee8:	f85f f000 	ldr.w	pc, [pc]	@ 20000eec <__time_us_64_veneer+0x4>
20000eec:	10001ba9 	.word	0x10001ba9

20000ef0 <__tud_event_hook_cb_veneer>:
20000ef0:	f85f f000 	ldr.w	pc, [pc]	@ 20000ef4 <__tud_event_hook_cb_veneer+0x4>
20000ef4:	10002e55 	.word	0x10002e55

20000ef8 <striped_spin_lock_num>:
20000ef8:	00000010                                ....

20000efc <irq_handler_chain_slots>:
20000efc:	00000000 	.word	0x00000000
20000f00:	00010000 	.word	0x00010000
	...
20000f0c:	00020000 	.word	0x00020000
	...
20000f18:	00030000 	.word	0x00030000
	...
20000f24:	00ff0000 	.word	0x00ff0000
20000f28:	00000000 	.word	0x00000000

20000f2c <irq_handler_chain_first_slot>:
20000f2c:	b501      	push	{r0, lr}
20000f2e:	6848      	ldr	r0, [r1, #4]
20000f30:	3101      	adds	r1, #1
20000f32:	468e      	mov	lr, r1
20000f34:	4700      	bx	r0

20000f36 <irq_handler_chain_remove_tail>:
20000f36:	4670      	mov	r0, lr
20000f38:	3809      	subs	r0, #9
20000f3a:	4901      	ldr	r1, [pc, #4]	@ (20000f40 <irq_handler_chain_remove_tail+0xa>)
20000f3c:	4788      	blx	r1
20000f3e:	bd01      	pop	{r0, pc}
20000f40:	100011f1 	.word	0x100011f1

20000f44 <default_alarm_pool>:
	...
20000f58:	20001068                                h.. 

20000f5c <stdio_usb>:
20000f5c:	100025f5 100025a1 10002519 10002489     .%...%...%...$..
20000f6c:	00000000 00000100                       ........

20000f74 <_usbd_qdef>:
20000f74:	20001504 000c0010 00000000 00000000     ... ............
	...

20000f90 <_usbd_rhport>:
20000f90:	000000ff                                ....

20000f94 <print_mutex>:
	...
